lemma_id	majority_sense_id	majority_count	total_count	majority_pct	pending_tokens	note
lemma_3028	lemma_3028_sense_4834	4032	7850	51.4	3585	3 senses in corpus
lemma_2598	lemma_2598_sense_77622	3028	5733	52.8	2132	7 senses in corpus
lemma_7489	lemma_7489_sense_12208	5532	7477	74.0	1987	5 senses in corpus
lemma_199	lemma_199_sense_248	36450	37688	96.7	967	3 senses in corpus
lemma_5608	lemma_5608_sense_8771	4299	5150	83.5	954	4 senses in corpus
lemma_4415	lemma_4415_sense_6892	696	1011	68.8	742	2 senses in corpus
lemma_5994	lemma_5994_sense_9496	2068	2091	98.9	598	4 senses in corpus
lemma_5732	lemma_5732_sense_8995	531	812	65.4	557	7 senses in corpus
lemma_7861	lemma_7861_sense_12884	128	571	22.4	553	13 senses in corpus
lemma_1844	lemma_1844_sense_2846	1325	1862	71.2	546	8 senses in corpus
lemma_7166	lemma_7166_sense_11617	94	181	51.9	509	4 senses in corpus
lemma_7557	lemma_7557_sense_12344	1584	2405	65.9	499	5 senses in corpus
lemma_7473	lemma_7473_sense_12160	4465	5003	89.2	478	5 senses in corpus
lemma_2640	lemma_2640_sense_4250	10076	10114	99.6	426	5 senses in corpus
lemma_10651	lemma_10651_sense_17074	1336	1527	87.5	411	2 senses in corpus
lemma_2007	lemma_2007_sense_3099	896	1445	62.0	395	4 senses in corpus
lemma_2233	lemma_2233_sense_3551	96	129	74.4	375	4 senses in corpus
lemma_6771	lemma_6771_sense_10774	449	504	89.1	350	4 senses in corpus
lemma_6422	lemma_6422_sense_10157	805	1254	64.2	292	4 senses in corpus
lemma_4330	lemma_4330_sense_6767	638	1422	44.9	286	10 senses in corpus
lemma_7283	lemma_7283_sense_11811	417	692	60.3	256	7 senses in corpus
lemma_6687	lemma_6687_sense_10610	1067	1274	83.8	254	2 senses in corpus
lemma_2885	lemma_2885_sense_4625	870	1025	84.9	239	6 senses in corpus
lemma_4240	lemma_4240_sense_6635	1430	2451	58.3	230	3 senses in corpus
lemma_2534	lemma_2534_sense_4057	933	1956	47.7	206	4 senses in corpus
lemma_5884	lemma_5884_sense_9317	449	814	55.2	205	5 senses in corpus
lemma_3674	lemma_3674_sense_16663	98	376	26.1	198	9 senses in corpus
lemma_6041	lemma_6041_sense_17201	154	398	38.7	193	3 senses in corpus
lemma_1964	lemma_1964_sense_3014	178	282	63.1	188	5 senses in corpus
lemma_4840	lemma_4840_sense_7495	865	1432	60.4	179	6 senses in corpus
lemma_5525	lemma_5525_sense_14950	330	697	47.3	177	10 senses in corpus
lemma_5710	lemma_5710_sense_8947	844	1387	60.9	172	5 senses in corpus
lemma_2688	lemma_2688_sense_4329	226	455	49.7	169	3 senses in corpus
lemma_1511	lemma_1511_sense_2347	29	45	64.4	160	4 senses in corpus
lemma_6171	lemma_6171_sense_9726	407	1442	28.2	155	13 senses in corpus
lemma_2225	lemma_2225_sense_3541	91	178	51.1	152	2 senses in corpus
lemma_1978	lemma_1978_sense_3037	52	147	35.4	150	3 senses in corpus
lemma_8715	lemma_8715_sense_8771	117	127	92.1	140	3 senses in corpus
lemma_3567	lemma_3567_sense_5651	879	2195	40.0	136	5 senses in corpus
lemma_5423	lemma_5423_sense_8457	118	353	33.4	130	13 senses in corpus
lemma_7431	lemma_7431_sense_14247	151	307	49.2	130	4 senses in corpus
lemma_7487	lemma_7487_sense_12200	93	178	52.2	125	5 senses in corpus
lemma_5039	lemma_5039_sense_7836	18	33	54.5	123	6 senses in corpus
lemma_7121	lemma_7121_sense_11541	17	31	54.8	123	3 senses in corpus
lemma_4524	lemma_4524_sense_7061	4481	4482	100.0	121	2 senses in corpus
lemma_4826	lemma_4826_sense_7470	308	424	72.6	118	5 senses in corpus
lemma_2367	lemma_2367_sense_3822	12	18	66.7	118	3 senses in corpus
lemma_5396	lemma_5396_sense_8417	512	704	72.7	116	4 senses in corpus
lemma_7081	lemma_7081_sense_11468	929	1069	86.9	114	6 senses in corpus
lemma_5743	lemma_5743_sense_9025	114	221	51.6	109	5 senses in corpus
lemma_44139	lemma_44139_sense_86820	11	12	91.7	102	2 senses in corpus
lemma_7108	lemma_7108_sense_11507	276	298	92.6	101	4 senses in corpus
lemma_2830	lemma_2830_sense_90142	2871	2872	100.0	101	2 senses in corpus
lemma_722	lemma_722_sense_1176	388	566	68.6	98	3 senses in corpus
lemma_2912	lemma_2912_sense_4674	299	359	83.3	96	6 senses in corpus
lemma_582	lemma_582_sense_878	66	134	49.3	96	7 senses in corpus
lemma_6835	lemma_6835_sense_10895	201	302	66.6	96	5 senses in corpus
lemma_1145	lemma_1145_sense_1806	305	540	56.5	96	4 senses in corpus
lemma_7482	lemma_7482_sense_12189	84	98	85.7	92	4 senses in corpus
lemma_7672	lemma_7672_sense_12578	650	760	85.5	90	4 senses in corpus
lemma_9084	lemma_9084_sense_12208	8	13	61.5	86	4 senses in corpus
lemma_282	lemma_282_sense_365	12	19	63.2	86	5 senses in corpus
lemma_7948	lemma_7948_sense_13034	124	136	91.2	85	3 senses in corpus
lemma_2573	lemma_2573_sense_4121	646	1585	40.8	80	9 senses in corpus
lemma_3830	lemma_3830_sense_6054	169	342	49.4	78	3 senses in corpus
lemma_7221	lemma_7221_sense_11695	181	278	65.1	76	6 senses in corpus
lemma_6036	lemma_6036_sense_9551	53	58	91.4	76	5 senses in corpus
lemma_868	lemma_868_sense_1423	688	796	86.4	75	6 senses in corpus
lemma_4281	lemma_4281_sense_6696	917	2750	33.3	75	4 senses in corpus
lemma_2065	lemma_2065_sense_3197	608	934	65.1	74	4 senses in corpus
lemma_1164	lemma_1164_sense_1836	277	534	51.9	74	9 senses in corpus
lemma_7273	lemma_7273_sense_11785	88	180	48.9	74	6 senses in corpus
lemma_4872	lemma_4872_sense_7549	1474	2453	60.1	72	6 senses in corpus
lemma_1689	lemma_1689_sense_2651	20	33	60.6	72	5 senses in corpus
lemma_2895	lemma_2895_sense_4650	51	66	77.3	71	2 senses in corpus
lemma_7320	lemma_7320_sense_11866	813	849	95.8	71	4 senses in corpus
lemma_1146	lemma_1146_sense_1807	434	626	69.3	68	4 senses in corpus
lemma_3957	lemma_3957_sense_6236	1450	2108	68.8	68	5 senses in corpus
lemma_2212	lemma_2212_sense_3510	7	8	87.5	65	2 senses in corpus
lemma_453	lemma_453_sense_623	130	351	37.0	65	6 senses in corpus
lemma_7755	lemma_7755_sense_12712	90	125	72.0	65	3 senses in corpus
lemma_2617	lemma_2617_sense_4204	150	167	89.8	64	4 senses in corpus
lemma_6042	lemma_6042_sense_9559	105	187	56.1	63	7 senses in corpus
lemma_5005	lemma_5005_sense_7781	159	303	52.5	63	5 senses in corpus
lemma_4848	lemma_4848_sense_7509	331	601	55.1	63	6 senses in corpus
lemma_116	lemma_116_sense_150	1862	1864	99.9	62	2 senses in corpus
lemma_5378	lemma_5378_sense_8397	20	27	74.1	62	3 senses in corpus
lemma_2544	lemma_2544_sense_4075	35	87	40.2	62	7 senses in corpus
lemma_3453	lemma_3453_sense_5456	11	17	64.7	62	4 senses in corpus
lemma_7780	lemma_7780_sense_12749	30	49	61.2	61	2 senses in corpus
lemma_5963	lemma_5963_sense_9450	78	154	50.6	61	4 senses in corpus
lemma_2731	lemma_2731_sense_4403	609	1086	56.1	60	5 senses in corpus
lemma_2110	lemma_2110_sense_3273	158	401	39.4	60	3 senses in corpus
lemma_7534	lemma_7534_sense_12299	2703	2873	94.1	60	3 senses in corpus
lemma_1243	lemma_1243_sense_1959	4	4	100.0	60	1 senses in corpus
lemma_4913	lemma_4913_sense_7635	89	156	57.1	59	4 senses in corpus
lemma_3765	lemma_3765_sense_5955	8270	8368	98.8	57	2 senses in corpus
lemma_1396	lemma_1396_sense_2156	249	532	46.8	57	4 senses in corpus
lemma_5729	lemma_5729_sense_8991	349	613	56.9	57	3 senses in corpus
lemma_2164	lemma_2164_sense_3386	57	72	79.2	57	4 senses in corpus
lemma_4252	lemma_4252_sense_6652	367	381	96.3	56	4 senses in corpus
lemma_7793	lemma_7793_sense_12776	74	252	29.4	56	5 senses in corpus
lemma_5815	lemma_5815_sense_9190	657	707	92.9	55	8 senses in corpus
lemma_788	lemma_788_sense_1283	97	235	41.3	54	3 senses in corpus
lemma_3926	lemma_3926_sense_6201	239	709	33.7	54	4 senses in corpus
lemma_433	lemma_433_sense_31246	31	45	68.9	54	3 senses in corpus
lemma_7490	lemma_7490_sense_12210	72	179	40.2	54	6 senses in corpus
lemma_4266	lemma_4266_sense_6678	1805	1819	99.2	52	2 senses in corpus
lemma_5855	lemma_5855_sense_9270	35	35	100.0	52	1 senses in corpus
lemma_2629	lemma_2629_sense_4223	98	216	45.4	52	10 senses in corpus
lemma_784	lemma_784_sense_1270	18	18	100.0	52	1 senses in corpus
lemma_3815	lemma_3815_sense_6024	112	220	50.9	51	5 senses in corpus
lemma_3720	lemma_3720_sense_5885	263	371	70.9	51	6 senses in corpus
lemma_1376	lemma_1376_sense_2120	65	66	98.5	51	2 senses in corpus
lemma_6741	lemma_6741_sense_10713	166	309	53.7	51	8 senses in corpus
lemma_7163	lemma_7163_sense_11613	413	610	67.7	50	5 senses in corpus
lemma_3818	lemma_3818_sense_6029	7	21	33.3	50	5 senses in corpus
lemma_7782	lemma_7782_sense_12752	54	121	44.6	48	5 senses in corpus
lemma_5818	lemma_5818_sense_9199	287	320	89.7	48	3 senses in corpus
lemma_1436	lemma_1436_sense_2211	271	480	56.5	47	8 senses in corpus
lemma_7360	lemma_7360_sense_11947	30	100	30.0	47	6 senses in corpus
lemma_6722	lemma_6722_sense_10665	277	434	63.8	47	7 senses in corpus
lemma_3907	lemma_3907_sense_6161	67	159	42.1	47	4 senses in corpus
lemma_843	lemma_843_sense_17374	78	311	25.1	46	10 senses in corpus
lemma_2392	lemma_2392_sense_3860	26	49	53.1	45	3 senses in corpus
lemma_3770	lemma_3770_sense_5960	7332	7351	99.7	44	2 senses in corpus
lemma_3806	lemma_3806_sense_6008	309	611	50.6	43	4 senses in corpus
lemma_5393	lemma_5393_sense_8414	122	122	100.0	43	1 senses in corpus
lemma_5180	lemma_5180_sense_8055	434	545	79.6	43	4 senses in corpus
lemma_3732	lemma_3732_sense_5912	176	278	63.3	42	5 senses in corpus
lemma_5970	lemma_5970_sense_9460	447	449	99.6	42	2 senses in corpus
lemma_5033	lemma_5033_sense_7822	6	12	50.0	42	3 senses in corpus
lemma_8385	lemma_8385_sense_22492	40	61	65.6	41	4 senses in corpus
lemma_44214		0	0		41	no corpus data
lemma_3595	lemma_3595_sense_5694	830	1015	81.8	41	2 senses in corpus
lemma_4706	lemma_4706_sense_7296	246	246	100.0	40	1 senses in corpus
lemma_5309	lemma_5309_sense_8272	244	256	95.3	40	4 senses in corpus
lemma_2276	lemma_2276_sense_3634	9	9	100.0	38	1 senses in corpus
lemma_2044	lemma_2044_sense_3160	56	107	52.3	37	3 senses in corpus
lemma_4954	lemma_4954_sense_7708	310	543	57.1	37	3 senses in corpus
lemma_5771	lemma_5771_sense_9078	42	60	70.0	36	4 senses in corpus
lemma_1585	lemma_1585_sense_2468	257	436	58.9	36	3 senses in corpus
lemma_13697	lemma_13697_sense_22568	5	9	55.6	36	3 senses in corpus
lemma_6913	lemma_6913_sense_11079	412	777	53.0	35	3 senses in corpus
lemma_5435	lemma_5435_sense_8482	223	284	78.5	33	3 senses in corpus
lemma_4909	lemma_4909_sense_7627	9	18	50.0	33	3 senses in corpus
lemma_6797	lemma_6797_sense_10837	77	202	38.1	32	4 senses in corpus
lemma_5166	lemma_5166_sense_8035	794	794	100.0	32	1 senses in corpus
lemma_4649	lemma_4649_sense_7214	189	573	33.0	32	8 senses in corpus
lemma_5507	lemma_5507_sense_14934	275	551	49.9	32	6 senses in corpus
lemma_3157	lemma_3157_sense_4990	3366	3367	100.0	30	2 senses in corpus
lemma_2942	lemma_2942_sense_4729	105	232	45.3	30	3 senses in corpus
lemma_2486	lemma_2486_sense_3990	14	15	93.3	30	2 senses in corpus
lemma_7173	lemma_7173_sense_11626	78	251	31.1	30	5 senses in corpus
lemma_7428	lemma_7428_sense_12080	187	343	54.5	29	4 senses in corpus
lemma_2881	lemma_2881_sense_4620	59	65	90.8	29	2 senses in corpus
lemma_6010	lemma_6010_sense_9519	138	158	87.3	29	2 senses in corpus
lemma_448	lemma_448_sense_614	43	92	46.7	29	3 senses in corpus
lemma_4917	lemma_4917_sense_7645	65	166	39.2	29	7 senses in corpus
lemma_5903	lemma_5903_sense_9348	177	246	72.0	28	5 senses in corpus
lemma_7736	lemma_7736_sense_12685	173	175	98.9	28	2 senses in corpus
lemma_2939	lemma_2939_sense_4715	32	65	49.2	28	8 senses in corpus
lemma_7154	lemma_7154_sense_11604	1559	1560	99.9	27	2 senses in corpus
lemma_5864	lemma_5864_sense_9283	455	622	73.2	27	5 senses in corpus
lemma_706	lemma_706_sense_1149	10	10	100.0	27	1 senses in corpus
lemma_7439	lemma_7439_sense_12096	20	74	27.0	27	7 senses in corpus
lemma_1636	lemma_1636_sense_2549	15	28	53.6	26	3 senses in corpus
lemma_820	lemma_820_sense_1337	165	166	99.4	26	2 senses in corpus
lemma_4326	lemma_4326_sense_6761	27	40	67.5	26	2 senses in corpus
lemma_2875	lemma_2875_sense_4609	136	177	76.8	26	3 senses in corpus
lemma_7697	lemma_7697_sense_12612	10	10	100.0	25	1 senses in corpus
lemma_4290	lemma_4290_sense_6707	134	221	60.6	25	4 senses in corpus
lemma_5046	lemma_5046_sense_7853	72	115	62.6	25	5 senses in corpus
lemma_586	lemma_586_sense_895	3	9	33.3	25	4 senses in corpus
lemma_5754	lemma_5754_sense_9050	77	77	100.0	24	1 senses in corpus
lemma_2325	lemma_2325_sense_3721	266	272	97.8	24	3 senses in corpus
lemma_2866	lemma_2866_sense_4596	1200	1771	67.8	24	5 senses in corpus
lemma_7165	lemma_7165_sense_11615	118	121	97.5	23	3 senses in corpus
lemma_2075	lemma_2075_sense_3212	144	258	55.8	23	4 senses in corpus
lemma_2020	lemma_2020_sense_3114	25	66	37.9	23	3 senses in corpus
lemma_5310	lemma_5310_sense_8273	212	240	88.3	23	3 senses in corpus
lemma_2624	lemma_2624_sense_4218	688	699	98.4	23	4 senses in corpus
lemma_28890	lemma_28890_sense_45487	2	3	66.7	23	2 senses in corpus
lemma_269	lemma_269_sense_341	124	282	44.0	22	7 senses in corpus
lemma_2963	lemma_2963_sense_4757	46	131	35.1	22	6 senses in corpus
lemma_5516	lemma_5516_sense_8593	546	546	100.0	22	1 senses in corpus
lemma_3066	lemma_3066_sense_4882	29	52	55.8	22	3 senses in corpus
lemma_6851	lemma_6851_sense_10935	25	49	51.0	22	6 senses in corpus
lemma_7338	lemma_7338_sense_11895	460	584	78.8	22	3 senses in corpus
lemma_2588	lemma_2588_sense_4149	46	108	42.6	22	4 senses in corpus
lemma_4447	lemma_4447_sense_6932	404	406	99.5	21	3 senses in corpus
lemma_7615	lemma_7615_sense_12479	76	340	22.4	21	8 senses in corpus
lemma_5089	lemma_5089_sense_14229	81	131	61.8	21	3 senses in corpus
lemma_9487	lemma_9487_sense_15433	1	1	100.0	21	1 senses in corpus
lemma_527	lemma_527_sense_21930	72	158	45.6	20	5 senses in corpus
lemma_658	lemma_658_sense_1055	35	55	63.6	20	2 senses in corpus
lemma_3779	lemma_3779_sense_5969	8	8	100.0	20	1 senses in corpus
lemma_9050	lemma_9050_sense_20722	81	87	93.1	20	2 senses in corpus
lemma_5748	lemma_5748_sense_9036	44	104	42.3	20	5 senses in corpus
lemma_5212	lemma_5212_sense_8112	5	6	83.3	19	2 senses in corpus
lemma_5091	lemma_5091_sense_7923	16	42	38.1	19	4 senses in corpus
lemma_909	lemma_909_sense_1496	63	87	72.4	19	6 senses in corpus
lemma_1641	lemma_1641_sense_2560	71	96	74.0	19	2 senses in corpus
lemma_621	lemma_621_sense_14000	42	82	51.2	19	3 senses in corpus
lemma_5034	lemma_5034_sense_7829	63	64	98.4	19	2 senses in corpus
lemma_7648	lemma_7648_sense_12535	73	120	60.8	19	3 senses in corpus
lemma_2590	lemma_2590_sense_4151	143	178	80.3	19	3 senses in corpus
lemma_5045	lemma_5045_sense_7852	171	175	97.7	19	3 senses in corpus
lemma_2904	lemma_2904_sense_37995	92	147	62.6	19	2 senses in corpus
lemma_7635	lemma_7635_sense_12518	6	9	66.7	19	2 senses in corpus
lemma_5682	lemma_5682_sense_14993	11	14	78.6	18	2 senses in corpus
lemma_5924	lemma_5924_sense_9381	340	419	81.1	18	5 senses in corpus
lemma_4401	lemma_4401_sense_6867	3	10	30.0	18	4 senses in corpus
lemma_3837	lemma_3837_sense_6063	39	57	68.4	18	5 senses in corpus
lemma_3643	lemma_3643_sense_5751	92	110	83.6	18	2 senses in corpus
lemma_5041	lemma_5041_sense_7843	9	9	100.0	18	1 senses in corpus
lemma_7083	lemma_7083_sense_11474	118	120	98.3	18	2 senses in corpus
lemma_7058	lemma_7058_sense_11439	6	6	100.0	18	1 senses in corpus
lemma_27678	lemma_27678_sense_43890	5	5	100.0	18	1 senses in corpus
lemma_7057	lemma_7057_sense_11438	3	4	75.0	18	2 senses in corpus
lemma_4786	lemma_4786_sense_7393	254	595	42.7	17	10 senses in corpus
lemma_7722	lemma_7722_sense_12651	275	442	62.2	17	3 senses in corpus
lemma_2932	lemma_2932_sense_4708	18	27	66.7	17	2 senses in corpus
lemma_92	lemma_92_sense_115	12	13	92.3	17	2 senses in corpus
lemma_3349	lemma_3349_sense_5259	429	596	72.0	17	5 senses in corpus
lemma_2923	lemma_2923_sense_4694	87	128	68.0	17	5 senses in corpus
lemma_1899	lemma_1899_sense_2924	274	274	100.0	17	1 senses in corpus
lemma_6849	lemma_6849_sense_10930	11	13	84.6	17	2 senses in corpus
lemma_7538	lemma_7538_sense_12306	235	332	70.8	17	2 senses in corpus
lemma_6433	lemma_6433_sense_10179	1	1	100.0	17	1 senses in corpus
lemma_15183	lemma_15183_sense_25082	4	4	100.0	17	1 senses in corpus
lemma_7525	lemma_7525_sense_12286	58	64	90.6	17	2 senses in corpus
lemma_45677		0	0		17	no corpus data
lemma_7924	lemma_7924_sense_12998	135	222	60.8	16	4 senses in corpus
lemma_814	lemma_814_sense_1328	3170	3177	99.8	16	2 senses in corpus
lemma_7152	lemma_7152_sense_11597	93	115	80.9	16	2 senses in corpus
lemma_4842	lemma_4842_sense_7500	20	33	60.6	16	3 senses in corpus
lemma_312	lemma_312_sense_406	12	14	85.7	16	3 senses in corpus
lemma_2787	lemma_2787_sense_4489	178	412	43.2	16	10 senses in corpus
lemma_3494	lemma_3494_sense_5537	100	124	80.6	16	4 senses in corpus
lemma_1256	lemma_1256_sense_1975	4495	4495	100.0	16	1 senses in corpus
lemma_2113	lemma_2113_sense_3281	39	72	54.2	16	4 senses in corpus
lemma_439	lemma_439_sense_599	126	167	75.4	16	4 senses in corpus
lemma_3685	lemma_3685_sense_5832	26	64	40.6	16	6 senses in corpus
lemma_4755	lemma_4755_sense_7354	3	4	75.0	16	2 senses in corpus
lemma_704	lemma_704_sense_1136	51	121	42.1	15	7 senses in corpus
lemma_2315	lemma_2315_sense_3704	30	72	41.7	15	6 senses in corpus
lemma_1089	lemma_1089_sense_1732	59	64	92.2	15	3 senses in corpus
lemma_179	lemma_179_sense_220	34	67	50.7	15	6 senses in corpus
lemma_4956	lemma_4956_sense_14160	73	126	57.9	15	3 senses in corpus
lemma_8268	lemma_8268_sense_21679	108	110	98.2	15	3 senses in corpus
lemma_740	lemma_740_sense_14028	2	4	50.0	15	2 senses in corpus
lemma_744	lemma_744_sense_1220	14	16	87.5	15	2 senses in corpus
lemma_7153	lemma_7153_sense_11603	11	23	47.8	15	4 senses in corpus
lemma_5521	lemma_5521_sense_8598	206	385	53.5	15	7 senses in corpus
lemma_3337	lemma_3337_sense_5238	308	320	96.2	14	2 senses in corpus
lemma_5794	lemma_5794_sense_9143	19	21	90.5	14	2 senses in corpus
lemma_4349	lemma_4349_sense_6799	77	128	60.2	14	5 senses in corpus
lemma_1060	lemma_1060_sense_1696	23	56	41.1	14	6 senses in corpus
lemma_6888	lemma_6888_sense_11018	343	583	58.8	14	5 senses in corpus
lemma_2543	lemma_2543_sense_4074	3	5	60.0	14	2 senses in corpus
lemma_1984	lemma_1984_sense_3049	3	4	75.0	14	2 senses in corpus
lemma_7342	lemma_7342_sense_11901	111	168	66.1	14	2 senses in corpus
lemma_2363	lemma_2363_sense_3810	12	18	66.7	14	4 senses in corpus
lemma_2224	lemma_2224_sense_3539	34	52	65.4	14	4 senses in corpus
lemma_261	lemma_261_sense_330	9	9	100.0	14	1 senses in corpus
lemma_15569	lemma_15569_sense_25745	1	1	100.0	14	1 senses in corpus
lemma_7500	lemma_7500_sense_12237	1068	1142	93.5	13	3 senses in corpus
lemma_574	lemma_574_sense_854	28	33	84.8	13	3 senses in corpus
lemma_526	lemma_526_sense_763	168	198	84.8	13	6 senses in corpus
lemma_7449	lemma_7449_sense_12124	8	20	40.0	13	4 senses in corpus
lemma_2758	lemma_2758_sense_4451	8	22	36.4	13	4 senses in corpus
lemma_634	lemma_634_sense_1004	129	130	99.2	13	2 senses in corpus
lemma_99	lemma_99_sense_127	90	97	92.8	13	5 senses in corpus
lemma_1604	lemma_1604_sense_2499	17	17	100.0	13	1 senses in corpus
lemma_3673	lemma_3673_sense_5803	26	26	100.0	13	1 senses in corpus
lemma_5338	lemma_5338_sense_8340	7	7	100.0	13	1 senses in corpus
lemma_3480	lemma_3480_sense_5508	438	448	97.8	12	3 senses in corpus
lemma_6194	lemma_6194_sense_9769	253	393	64.4	12	6 senses in corpus
lemma_6857	lemma_6857_sense_10951	9	10	90.0	12	2 senses in corpus
lemma_24062	lemma_24062_sense_38802	12	12	100.0	12	1 senses in corpus
lemma_3102	lemma_3102_sense_4928	83	147	56.5	12	2 senses in corpus
lemma_7655	lemma_7655_sense_12558	30	33	90.9	12	2 senses in corpus
lemma_286	lemma_286_sense_372	118	124	95.2	12	3 senses in corpus
lemma_4476	lemma_4476_sense_6989	45	99	45.5	12	4 senses in corpus
lemma_5749	lemma_5749_sense_9041	42	50	84.0	12	3 senses in corpus
lemma_4459	lemma_4459_sense_6959	55	106	51.9	12	3 senses in corpus
lemma_3405	lemma_3405_sense_5367	16	20	80.0	12	3 senses in corpus
lemma_7226	lemma_7226_sense_11713	123	359	34.3	12	6 senses in corpus
lemma_5827	lemma_5827_sense_9219	15	16	93.8	12	2 senses in corpus
lemma_4046	lemma_4046_sense_6351	20	25	80.0	12	3 senses in corpus
lemma_44080	lemma_44080_sense_68576	9	9	100.0	12	1 senses in corpus
lemma_8598	lemma_8598_sense_13318	1	1	100.0	12	1 senses in corpus
lemma_5315	lemma_5315_sense_8280	52	109	47.7	11	3 senses in corpus
lemma_21255	lemma_21255_sense_34925	3	4	75.0	11	2 senses in corpus
lemma_270	lemma_270_sense_348	36	40	90.0	11	3 senses in corpus
lemma_4294	lemma_4294_sense_6714	5	5	100.0	11	1 senses in corpus
lemma_2156	lemma_2156_sense_3365	6	19	31.6	11	6 senses in corpus
lemma_2706	lemma_2706_sense_4361	98	152	64.5	11	3 senses in corpus
lemma_7146	lemma_7146_sense_11586	84	92	91.3	11	3 senses in corpus
lemma_5783	lemma_5783_sense_9109	73	120	60.8	11	5 senses in corpus
lemma_709	lemma_709_sense_1157	108	245	44.1	11	9 senses in corpus
lemma_2115	lemma_2115_sense_3286	21	24	87.5	11	2 senses in corpus
lemma_5696	lemma_5696_sense_8915	14	18	77.8	11	2 senses in corpus
lemma_1236	lemma_1236_sense_1945	28	50	56.0	11	4 senses in corpus
lemma_7031	lemma_7031_sense_11401	52	53	98.1	11	2 senses in corpus
lemma_5599	lemma_5599_sense_8759	33	44	75.0	11	3 senses in corpus
lemma_6743	lemma_6743_sense_10715	211	215	98.1	11	2 senses in corpus
lemma_6870	lemma_6870_sense_10982	64	117	54.7	11	4 senses in corpus
lemma_2789	lemma_2789_sense_4500	8	14	57.1	11	2 senses in corpus
lemma_1702	lemma_1702_sense_2676	2	2	100.0	11	1 senses in corpus
lemma_8550	lemma_8550_sense_20683	16	34	47.1	11	4 senses in corpus
lemma_12326	lemma_12326_sense_19453	55	55	100.0	11	1 senses in corpus
lemma_46787		0	0		11	no corpus data
lemma_5888	lemma_5888_sense_9328	33	48	68.8	11	3 senses in corpus
lemma_6784	lemma_6784_sense_10803	112	113	99.1	11	2 senses in corpus
lemma_7346	lemma_7346_sense_11909	54	58	93.1	10	2 senses in corpus
lemma_5196	lemma_5196_sense_8085	183	379	48.3	10	8 senses in corpus
lemma_2054	lemma_2054_sense_3172	103	103	100.0	10	1 senses in corpus
lemma_2931	lemma_2931_sense_4706	109	118	92.4	10	2 senses in corpus
lemma_3462	lemma_3462_sense_5483	56	98	57.1	10	6 senses in corpus
lemma_5755	lemma_5755_sense_9054	287	288	99.7	10	2 senses in corpus
lemma_7197	lemma_7197_sense_11660	20	43	46.5	10	3 senses in corpus
lemma_7334	lemma_7334_sense_11886	17	33	51.5	10	5 senses in corpus
lemma_2348	lemma_2348_sense_3773	184	617	29.8	10	8 senses in corpus
lemma_7549	lemma_7549_sense_12330	242	247	98.0	10	5 senses in corpus
lemma_5148	lemma_5148_sense_7997	273	425	64.2	10	3 senses in corpus
lemma_7084	lemma_7084_sense_11475	599	601	99.7	10	2 senses in corpus
lemma_3412	lemma_3412_sense_5379	1	1	100.0	10	1 senses in corpus
lemma_4335	lemma_4335_sense_6780	14	28	50.0	10	3 senses in corpus
lemma_2080	lemma_2080_sense_3221	63	100	63.0	10	3 senses in corpus
lemma_2149	lemma_2149_sense_3345	15	26	57.7	10	5 senses in corpus
lemma_17858	lemma_17858_sense_30261	13	13	100.0	10	1 senses in corpus
lemma_685	lemma_685_sense_1103	145	145	100.0	10	1 senses in corpus
lemma_7866	lemma_7866_sense_12901	67	102	65.7	9	3 senses in corpus
lemma_4042	lemma_4042_sense_6346	59	62	95.2	9	2 senses in corpus
lemma_1102	lemma_1102_sense_1748	20	27	74.1	9	3 senses in corpus
lemma_3692	lemma_3692_sense_5850	78	83	94.0	9	3 senses in corpus
lemma_15061	lemma_15061_sense_24798	6	6	100.0	9	1 senses in corpus
lemma_6852	lemma_6852_sense_10940	19	35	54.3	9	4 senses in corpus
lemma_2245	lemma_2245_sense_3576	63	121	52.1	9	4 senses in corpus
lemma_2240	lemma_2240_sense_3565	3	3	100.0	9	1 senses in corpus
lemma_2292	lemma_2292_sense_3657	181	222	81.5	9	4 senses in corpus
lemma_483	lemma_483_sense_681	126	218	57.8	9	4 senses in corpus
lemma_2310	lemma_2310_sense_3691	15	21	71.4	9	4 senses in corpus
lemma_4059	lemma_4059_sense_6371	70	174	40.2	9	6 senses in corpus
lemma_12343	lemma_12343_sense_19481	10	11	90.9	9	2 senses in corpus
lemma_2559	lemma_2559_sense_4102	120	121	99.2	9	2 senses in corpus
lemma_4216	lemma_4216_sense_6599	351	351	100.0	9	1 senses in corpus
lemma_3675	lemma_3675_sense_5812	14	26	53.8	9	4 senses in corpus
lemma_5594	lemma_5594_sense_8746	55	114	48.2	9	5 senses in corpus
lemma_4339	lemma_4339_sense_6785	42	55	76.4	9	4 senses in corpus
lemma_1151	lemma_1151_sense_1816	16	25	64.0	9	3 senses in corpus
lemma_6881	lemma_6881_sense_11000	111	136	81.6	9	2 senses in corpus
lemma_7730	lemma_7730_sense_12667	5	11	45.5	8	3 senses in corpus
lemma_1611	lemma_1611_sense_2513	56	83	67.5	8	5 senses in corpus
lemma_7284	lemma_7284_sense_11815	27	34	79.4	8	3 senses in corpus
lemma_7199	lemma_7199_sense_11667	27	30	90.0	8	2 senses in corpus
lemma_6175	lemma_6175_sense_9744	23	23	100.0	8	1 senses in corpus
lemma_7150	lemma_7150_sense_11593	31	32	96.9	8	2 senses in corpus
lemma_2200	lemma_2200_sense_3478	45	134	33.6	8	6 senses in corpus
lemma_757	lemma_757_sense_1234	47	71	66.2	8	2 senses in corpus
lemma_3465	lemma_3465_sense_5490	66	154	42.9	8	4 senses in corpus
lemma_2024	lemma_2024_sense_3122	12	15	80.0	8	3 senses in corpus
lemma_4811	lemma_4811_sense_7439	16	17	94.1	8	2 senses in corpus
lemma_5946	lemma_5946_sense_9422	200	201	99.5	8	2 senses in corpus
lemma_640	lemma_640_sense_1012	1370	1378	99.4	8	3 senses in corpus
lemma_7442	lemma_7442_sense_12110	11	32	34.4	8	5 senses in corpus
lemma_4893	lemma_4893_sense_7593	18	20	90.0	8	3 senses in corpus
lemma_3541	lemma_3541_sense_5611	225	243	92.6	8	3 senses in corpus
lemma_1696	lemma_1696_sense_2666	12	22	54.5	8	2 senses in corpus
lemma_609	lemma_609_sense_963	5	8	62.5	8	4 senses in corpus
lemma_2316	lemma_2316_sense_3707	28	37	75.7	8	2 senses in corpus
lemma_6401	lemma_6401_sense_10117	5	6	83.3	8	2 senses in corpus
lemma_4446	lemma_4446_sense_6931	32	32	100.0	8	1 senses in corpus
lemma_5647	lemma_5647_sense_8835	35	39	89.7	8	2 senses in corpus
lemma_7542	lemma_7542_sense_12318	68	73	93.2	8	2 senses in corpus
lemma_6820	lemma_6820_sense_10872	10	19	52.6	8	5 senses in corpus
lemma_20574	lemma_20574_sense_34081	2	3	66.7	8	2 senses in corpus
lemma_953	lemma_953_sense_1583	55	67	82.1	8	2 senses in corpus
lemma_5295	lemma_5295_sense_8253	587	595	98.7	7	4 senses in corpus
lemma_6761	lemma_6761_sense_10743	428	863	49.6	7	7 senses in corpus
lemma_7089	lemma_7089_sense_11483	3	6	50.0	7	2 senses in corpus
lemma_471	lemma_471_sense_658	66	84	78.6	7	3 senses in corpus
lemma_1571	lemma_1571_sense_2438	20	50	40.0	7	7 senses in corpus
lemma_790	lemma_790_sense_1286	35	45	77.8	7	4 senses in corpus
lemma_256	lemma_256_sense_321	33	47	70.2	7	3 senses in corpus
lemma_22850	lemma_22850_sense_41178	2	2	100.0	7	1 senses in corpus
lemma_2213	lemma_2213_sense_3512	146	226	64.6	7	5 senses in corpus
lemma_4067	lemma_4067_sense_6392	11	12	91.7	7	2 senses in corpus
lemma_2152	lemma_2152_sense_3352	18	19	94.7	7	2 senses in corpus
lemma_6327	lemma_6327_sense_9965	209	272	76.8	7	6 senses in corpus
lemma_6790	lemma_6790_sense_10815	39	55	70.9	7	2 senses in corpus
lemma_7499	lemma_7499_sense_12232	59	77	76.6	7	4 senses in corpus
lemma_3702	lemma_3702_sense_5863	3	4	75.0	7	2 senses in corpus
lemma_1723	lemma_1723_sense_2708	18	18	100.0	7	1 senses in corpus
lemma_7282	lemma_7282_sense_11805	72	147	49.0	7	3 senses in corpus
lemma_4441	lemma_4441_sense_6921	6	12	50.0	7	3 senses in corpus
lemma_7750	lemma_7750_sense_14381	10	15	66.7	7	5 senses in corpus
lemma_5376	lemma_5376_sense_8395	121	122	99.2	7	2 senses in corpus
lemma_7119	lemma_7119_sense_11525	2	6	33.3	7	4 senses in corpus
lemma_7034	lemma_7034_sense_11405	24	41	58.5	7	4 senses in corpus
lemma_4862	lemma_4862_sense_7533	73	93	78.5	7	4 senses in corpus
lemma_7462	lemma_7462_sense_12143	34	36	94.4	7	3 senses in corpus
lemma_4264	lemma_4264_sense_6672	427	892	47.9	6	3 senses in corpus
lemma_2256	lemma_2256_sense_3599	3	3	100.0	6	1 senses in corpus
lemma_917	lemma_917_sense_1515	109	139	78.4	6	4 senses in corpus
lemma_7546	lemma_7546_sense_12325	2742	2742	100.0	6	1 senses in corpus
lemma_1402	lemma_1402_sense_2165	116	153	75.8	6	2 senses in corpus
lemma_6487	lemma_6487_sense_10284	67	108	62.0	6	3 senses in corpus
lemma_7638	lemma_7638_sense_12523	123	146	84.2	6	4 senses in corpus
lemma_15281	lemma_15281_sense_25269	3	5	60.0	6	2 senses in corpus
lemma_516	lemma_516_sense_742	58	73	79.5	6	4 senses in corpus
lemma_6410	lemma_6410_sense_10137	92	111	82.9	6	5 senses in corpus
lemma_442	lemma_442_sense_607	21	24	87.5	6	3 senses in corpus
lemma_3555	lemma_3555_sense_5634	189	209	90.4	6	2 senses in corpus
lemma_5332	lemma_5332_sense_8328	303	405	74.8	6	3 senses in corpus
lemma_6615	lemma_6615_sense_10495	114	116	98.3	6	2 senses in corpus
lemma_5340	lemma_5340_sense_8343	189	189	100.0	6	1 senses in corpus
lemma_3371	lemma_3371_sense_5304	3	6	50.0	6	2 senses in corpus
lemma_3485	lemma_3485_sense_5521	10	13	76.9	6	3 senses in corpus
lemma_7817	lemma_7817_sense_12813	13	16	81.2	6	3 senses in corpus
lemma_615	lemma_615_sense_974	114	152	75.0	6	2 senses in corpus
lemma_4498	lemma_4498_sense_7017	20	36	55.6	6	6 senses in corpus
lemma_5835	lemma_5835_sense_9240	489	489	100.0	6	1 senses in corpus
lemma_2481	lemma_2481_sense_3974	17	17	100.0	6	1 senses in corpus
lemma_2085	lemma_2085_sense_3229	12	15	80.0	6	2 senses in corpus
lemma_28906	lemma_28906_sense_117907	14	14	100.0	6	1 senses in corpus
lemma_6215	lemma_6215_sense_9801	478	902	53.0	5	4 senses in corpus
lemma_870	lemma_870_sense_1431	62	98	63.3	5	5 senses in corpus
lemma_18264	lemma_18264_sense_30787	52	57	91.2	5	3 senses in corpus
lemma_3330	lemma_3330_sense_5216	177	293	60.4	5	4 senses in corpus
lemma_5798	lemma_5798_sense_9149	285	285	100.0	5	1 senses in corpus
lemma_957	lemma_957_sense_1588	79	79	100.0	5	1 senses in corpus
lemma_6211	lemma_6211_sense_9792	11	18	61.1	5	5 senses in corpus
lemma_3686	lemma_3686_sense_5838	41	41	100.0	5	1 senses in corpus
lemma_14422	lemma_14422_sense_23906	3	5	60.0	5	2 senses in corpus
lemma_2352	lemma_2352_sense_3789	7	9	77.8	5	2 senses in corpus
lemma_5738	lemma_5738_sense_9012	19	20	95.0	5	2 senses in corpus
lemma_10497	lemma_10497_sense_114451	12	13	92.3	5	2 senses in corpus
lemma_19874	lemma_19874_sense_33165	2	2	100.0	5	1 senses in corpus
lemma_27272	lemma_27272_sense_43287	6	6	100.0	5	1 senses in corpus
lemma_5234	lemma_5234_sense_8158	4158	4269	97.4	5	2 senses in corpus
lemma_2223	lemma_2223_sense_3535	121	147	82.3	5	2 senses in corpus
lemma_450	lemma_450_sense_618	33	37	89.2	5	2 senses in corpus
lemma_5528	lemma_5528_sense_8618	24	24	100.0	5	1 senses in corpus
lemma_611	lemma_611_sense_967	48	53	90.6	5	3 senses in corpus
lemma_2097	lemma_2097_sense_3246	148	179	82.7	5	4 senses in corpus
lemma_3609	lemma_3609_sense_5713	3	4	75.0	5	2 senses in corpus
lemma_6768	lemma_6768_sense_10763	94	390	24.1	5	11 senses in corpus
lemma_723	lemma_723_sense_1180	25	37	67.6	5	3 senses in corpus
lemma_7704	lemma_7704_sense_12625	24	48	50.0	5	4 senses in corpus
lemma_2198	lemma_2198_sense_3475	6	12	50.0	5	3 senses in corpus
lemma_61071	lemma_61071_sense_97399	1	1	100.0	5	1 senses in corpus
lemma_7316	lemma_7316_sense_11857	102	102	100.0	5	1 senses in corpus
lemma_5199	lemma_5199_sense_8094	43	43	100.0	5	1 senses in corpus
lemma_1100	lemma_1100_sense_1746	17	28	60.7	5	4 senses in corpus
lemma_9775		0	0		5	no corpus data
lemma_395	lemma_395_sense_535	139	139	100.0	5	1 senses in corpus
lemma_1979	lemma_1979_sense_3041	20	33	60.6	5	4 senses in corpus
lemma_24378	lemma_24378_sense_39263	1	1	100.0	5	1 senses in corpus
lemma_2022	lemma_2022_sense_3119	51	51	100.0	5	1 senses in corpus
lemma_2217	lemma_2217_sense_3521	48	60	80.0	4	2 senses in corpus
lemma_5229	lemma_5229_sense_8145	162	174	93.1	4	2 senses in corpus
lemma_7205	lemma_7205_sense_11676	25	26	96.2	4	2 senses in corpus
lemma_2540	lemma_2540_sense_4065	138	261	52.9	4	3 senses in corpus
lemma_4997	lemma_4997_sense_7769	59	65	90.8	4	4 senses in corpus
lemma_5026	lemma_5026_sense_7808	184	184	100.0	4	1 senses in corpus
lemma_8818	lemma_8818_sense_21007	26	26	100.0	4	1 senses in corpus
lemma_8188	lemma_8188_sense_20674	41	56	73.2	4	4 senses in corpus
lemma_2889	lemma_2889_sense_4636	12	18	66.7	4	2 senses in corpus
lemma_2122	lemma_2122_sense_3294	11	13	84.6	4	2 senses in corpus
lemma_6905	lemma_6905_sense_11060	215	343	62.7	4	4 senses in corpus
lemma_3437	lemma_3437_sense_5412	642	802	80.0	4	4 senses in corpus
lemma_763	lemma_763_sense_1242	59	123	48.0	4	4 senses in corpus
lemma_5725	lemma_5725_sense_8983	7	17	41.2	4	5 senses in corpus
lemma_2304	lemma_2304_sense_3679	25	48	52.1	4	4 senses in corpus
lemma_7401	lemma_7401_sense_12040	12	12	100.0	4	1 senses in corpus
lemma_2622	lemma_2622_sense_4214	7	8	87.5	4	2 senses in corpus
lemma_4495	lemma_4495_sense_7012	53	127	41.7	4	5 senses in corpus
lemma_15483	lemma_15483_sense_25559	7	9	77.8	4	2 senses in corpus
lemma_5158	lemma_5158_sense_8014	122	193	63.2	4	8 senses in corpus
lemma_3296	lemma_3296_sense_14095	12	28	42.9	4	3 senses in corpus
lemma_4170	lemma_4170_sense_6541	5	6	83.3	4	2 senses in corpus
lemma_5722	lemma_5722_sense_8972	18	33	54.5	4	3 senses in corpus
lemma_4953	lemma_4953_sense_7706	4	4	100.0	4	1 senses in corpus
lemma_40667	lemma_40667_sense_63158	1	1	100.0	4	1 senses in corpus
lemma_272	lemma_272_sense_352	965	970	99.5	4	2 senses in corpus
lemma_6792	lemma_6792_sense_10818	144	188	76.6	4	4 senses in corpus
lemma_4602	lemma_4602_sense_7157	25	29	86.2	4	2 senses in corpus
lemma_7603	lemma_7603_sense_12450	14	18	77.8	4	3 senses in corpus
lemma_1409	lemma_1409_sense_2174	40	41	97.6	4	2 senses in corpus
lemma_6083	lemma_6083_sense_9608	35	46	76.1	3	4 senses in corpus
lemma_6210	lemma_6210_sense_9790	1706	1706	100.0	3	1 senses in corpus
lemma_7191	lemma_7191_sense_11653	8	9	88.9	3	2 senses in corpus
lemma_4238	lemma_4238_sense_6631	1698	2545	66.7	3	4 senses in corpus
lemma_1878	lemma_1878_sense_2895	16	19	84.2	3	2 senses in corpus
lemma_2175	lemma_2175_sense_3405	830	894	92.8	3	5 senses in corpus
lemma_7023	lemma_7023_sense_11382	10	10	100.0	3	1 senses in corpus
lemma_4810	lemma_4810_sense_7438	26	42	61.9	3	5 senses in corpus
lemma_4562	lemma_4562_sense_7110	98	98	100.0	3	1 senses in corpus
lemma_1484	lemma_1484_sense_2294	2	8	25.0	3	4 senses in corpus
lemma_7171	lemma_7171_sense_11622	35	40	87.5	3	2 senses in corpus
lemma_9261	lemma_9261_sense_14848	28	66	42.4	3	4 senses in corpus
lemma_594	lemma_594_sense_913	127	225	56.4	3	6 senses in corpus
lemma_7177	lemma_7177_sense_11633	34	45	75.6	3	3 senses in corpus
lemma_5532	lemma_5532_sense_8625	26	61	42.6	3	3 senses in corpus
lemma_2714	lemma_2714_sense_4375	73	116	62.9	3	3 senses in corpus
lemma_595	lemma_595_sense_920	72	79	91.1	3	4 senses in corpus
lemma_1835	lemma_1835_sense_2835	53	53	100.0	3	1 senses in corpus
lemma_7391	lemma_7391_sense_12014	9	21	42.9	3	4 senses in corpus
lemma_3439	lemma_3439_sense_5418	86	162	53.1	3	4 senses in corpus
lemma_7355	lemma_7355_sense_11933	479	496	96.6	3	2 senses in corpus
lemma_5505	lemma_5505_sense_8575	108	170	63.5	3	2 senses in corpus
lemma_2179	lemma_2179_sense_74985	8	15	53.3	3	4 senses in corpus
lemma_5937	lemma_5937_sense_9409	56	57	98.2	3	2 senses in corpus
lemma_5613	lemma_5613_sense_8777	492	503	97.8	3	2 senses in corpus
lemma_5	lemma_5_sense_5	20	22	90.9	3	3 senses in corpus
lemma_5231	lemma_5231_sense_8149	81	86	94.2	3	4 senses in corpus
lemma_5216	lemma_5216_sense_8118	3	6	50.0	3	3 senses in corpus
lemma_8139	lemma_8139_sense_21337	18	37	48.6	3	4 senses in corpus
lemma_7496	lemma_7496_sense_12225	186	473	39.3	3	4 senses in corpus
lemma_5328	lemma_5328_sense_8320	8	20	40.0	3	4 senses in corpus
lemma_4461	lemma_4461_sense_6962	17	39	43.6	3	4 senses in corpus
lemma_4475	lemma_4475_sense_6985	14	27	51.9	3	3 senses in corpus
lemma_5236	lemma_5236_sense_8164	20	20	100.0	3	1 senses in corpus
lemma_7587	lemma_7587_sense_12411	47	67	70.1	3	2 senses in corpus
lemma_1958	lemma_1958_sense_3004	65	67	97.0	3	2 senses in corpus
lemma_853	lemma_853_sense_1396	44	56	78.6	3	6 senses in corpus
lemma_7540	lemma_7540_sense_12309	79	156	50.6	3	6 senses in corpus
lemma_7212	lemma_7212_sense_11685	116	116	100.0	3	1 senses in corpus
lemma_733	lemma_733_sense_1199	31	38	81.6	3	3 senses in corpus
lemma_1136	lemma_1136_sense_1789	164	387	42.4	3	6 senses in corpus
lemma_2511	lemma_2511_sense_4025	350	440	79.5	3	3 senses in corpus
lemma_1351	lemma_1351_sense_2091	11	14	78.6	3	2 senses in corpus
lemma_2841	lemma_2841_sense_4563	31	31	100.0	3	1 senses in corpus
lemma_1637	lemma_1637_sense_2553	2	4	50.0	3	2 senses in corpus
lemma_3414	lemma_3414_sense_5383	147	172	85.5	3	2 senses in corpus
lemma_840	lemma_840_sense_1360	5	8	62.5	3	2 senses in corpus
lemma_5736	lemma_5736_sense_9008	92	100	92.0	3	3 senses in corpus
lemma_7478	lemma_7478_sense_12170	9	12	75.0	3	3 senses in corpus
lemma_5156	lemma_5156_sense_14341	37	45	82.2	3	3 senses in corpus
lemma_3343	lemma_3343_sense_5248	25	27	92.6	3	2 senses in corpus
lemma_3390	lemma_3390_sense_5343	7	7	100.0	3	1 senses in corpus
lemma_6733	lemma_6733_sense_10694	55	102	53.9	3	4 senses in corpus
lemma_1564	lemma_1564_sense_2427	14	18	77.8	3	2 senses in corpus
lemma_3797	lemma_3797_sense_5997	46	49	93.9	3	3 senses in corpus
lemma_7397	lemma_7397_sense_12027	40	47	85.1	3	4 senses in corpus
lemma_902	lemma_902_sense_1483	6	8	75.0	3	3 senses in corpus
lemma_2730	lemma_2730_sense_4400	89	102	87.3	3	3 senses in corpus
lemma_6996	lemma_6996_sense_11304	116	143	81.1	3	4 senses in corpus
lemma_6892	lemma_6892_sense_11033	89	170	52.4	3	2 senses in corpus
lemma_24316	lemma_24316_sense_39167	103	103	100.0	3	1 senses in corpus
lemma_7052	lemma_7052_sense_11433	35	35	100.0	3	1 senses in corpus
lemma_68308	lemma_68308_sense_105703	1	1	100.0	3	1 senses in corpus
lemma_17377	lemma_17377_sense_29708	7	7	100.0	3	1 senses in corpus
lemma_5491	lemma_5491_sense_8556	95	120	79.2	2	2 senses in corpus
lemma_5484	lemma_5484_sense_8545	459	577	79.5	2	3 senses in corpus
lemma_4400	lemma_4400_sense_6861	475	743	63.9	2	7 senses in corpus
lemma_5779	lemma_5779_sense_9095	101	113	89.4	2	5 senses in corpus
lemma_4130	lemma_4130_sense_6485	1009	1089	92.7	2	4 senses in corpus
lemma_3691	lemma_3691_sense_5847	858	1106	77.6	2	4 senses in corpus
lemma_7479	lemma_7479_sense_12173	185	299	61.9	2	9 senses in corpus
lemma_7274	lemma_7274_sense_11790	104	123	84.6	2	3 senses in corpus
lemma_7276	lemma_7276_sense_11795	77	115	67.0	2	2 senses in corpus
lemma_7045	lemma_7045_sense_11425	8	10	80.0	2	2 senses in corpus
lemma_7447	lemma_7447_sense_12119	7	14	50.0	2	3 senses in corpus
lemma_15339	lemma_15339_sense_25354	3	3	100.0	2	1 senses in corpus
lemma_6535	lemma_6535_sense_10369	292	417	70.0	2	4 senses in corpus
lemma_8281	lemma_8281_sense_11468	13	13	100.0	2	1 senses in corpus
lemma_8305	lemma_8305_sense_23219	21	51	41.2	2	5 senses in corpus
lemma_3538	lemma_3538_sense_5605	1769	2334	75.8	2	3 senses in corpus
lemma_1349	lemma_1349_sense_2089	15	16	93.8	2	2 senses in corpus
lemma_5677	lemma_5677_sense_8886	69	93	74.2	2	6 senses in corpus
lemma_5795	lemma_5795_sense_9145	23	38	60.5	2	3 senses in corpus
lemma_3679	lemma_3679_sense_5822	8	9	88.9	2	2 senses in corpus
lemma_1680	lemma_1680_sense_2630	54	60	90.0	2	3 senses in corpus
lemma_7295	lemma_7295_sense_11829	14	15	93.3	2	2 senses in corpus
lemma_1556	lemma_1556_sense_2409	255	290	87.9	2	4 senses in corpus
lemma_3373	lemma_3373_sense_5311	69	74	93.2	2	4 senses in corpus
lemma_4222	lemma_4222_sense_6607	258	258	100.0	2	1 senses in corpus
lemma_4230	lemma_4230_sense_6619	69	70	98.6	2	2 senses in corpus
lemma_9046	lemma_9046_sense_12578	14	15	93.3	2	2 senses in corpus
lemma_4990	lemma_4990_sense_7754	8	20	40.0	2	3 senses in corpus
lemma_6745	lemma_6745_sense_10720	25	25	100.0	2	1 senses in corpus
lemma_5774	lemma_5774_sense_9087	24	51	47.1	2	3 senses in corpus
lemma_3687	lemma_3687_sense_24191	7	17	41.2	2	3 senses in corpus
lemma_5052	lemma_5052_sense_7870	155	179	86.6	2	2 senses in corpus
lemma_2844	lemma_2844_sense_13735	13	17	76.5	2	2 senses in corpus
lemma_7679	lemma_7679_sense_12588	43	43	100.0	2	1 senses in corpus
lemma_7259	lemma_7259_sense_11762	28	28	100.0	2	1 senses in corpus
lemma_607	lemma_607_sense_957	94	181	51.9	2	4 senses in corpus
lemma_5685	lemma_5685_sense_8903	57	67	85.1	2	3 senses in corpus
lemma_5810	lemma_5810_sense_9174	61	85	71.8	2	2 senses in corpus
lemma_6221	lemma_6221_sense_9811	292	368	79.3	2	4 senses in corpus
lemma_5628	lemma_5628_sense_8799	5	10	50.0	2	3 senses in corpus
lemma_646	lemma_646_sense_1027	81	110	73.6	2	3 senses in corpus
lemma_17554	lemma_17554_sense_29932	9	11	81.8	2	2 senses in corpus
lemma_5107	lemma_5107_sense_7946	68	92	73.9	2	5 senses in corpus
lemma_6726	lemma_6726_sense_10675	23	77	29.9	2	7 senses in corpus
lemma_9918	lemma_9918_sense_15942	237	245	96.7	2	3 senses in corpus
lemma_486	lemma_486_sense_19384	16	41	39.0	2	6 senses in corpus
lemma_11677	lemma_11677_sense_18524	4	4	100.0	2	1 senses in corpus
lemma_6981	lemma_6981_sense_11260	70	138	50.7	2	8 senses in corpus
lemma_3573	lemma_3573_sense_5669	79	141	56.0	2	5 senses in corpus
lemma_1451	lemma_1451_sense_2236	11	18	61.1	2	3 senses in corpus
lemma_45911	lemma_45911_sense_71820	3	3	100.0	2	1 senses in corpus
lemma_4772	lemma_4772_sense_7372	2	2	100.0	2	1 senses in corpus
lemma_5259	lemma_5259_sense_8197	96	96	100.0	2	1 senses in corpus
lemma_5185	lemma_5185_sense_8066	133	144	92.4	2	2 senses in corpus
lemma_3913	lemma_3913_sense_6172	141	239	59.0	2	5 senses in corpus
lemma_12011	lemma_12011_sense_19016	7	18	38.9	2	4 senses in corpus
lemma_4777	lemma_4777_sense_7379	47	60	78.3	2	3 senses in corpus
lemma_8161	lemma_8161_sense_21376	18	40	45.0	2	3 senses in corpus
lemma_7725	lemma_7725_sense_12656	67	77	87.0	2	2 senses in corpus
lemma_5737	lemma_5737_sense_9011	40	41	97.6	2	2 senses in corpus
lemma_5954	lemma_5954_sense_9434	3	3	100.0	2	1 senses in corpus
lemma_751	lemma_751_sense_1227	182	182	100.0	2	1 senses in corpus
lemma_5557	lemma_5557_sense_8685	25	36	69.4	2	2 senses in corpus
lemma_2148	lemma_2148_sense_3340	57	103	55.3	2	6 senses in corpus
lemma_98	lemma_98_sense_122	21	29	72.4	2	4 senses in corpus
lemma_5782	lemma_5782_sense_15036	31	50	62.0	2	5 senses in corpus
lemma_16008	lemma_16008_sense_26341	25	32	78.1	2	2 senses in corpus
lemma_5564	lemma_5564_sense_8697	128	128	100.0	2	1 senses in corpus
lemma_5110	lemma_5110_sense_7952	111	111	100.0	2	1 senses in corpus
lemma_3107	lemma_3107_sense_4934	39	39	100.0	2	1 senses in corpus
lemma_48	lemma_48_sense_62	8	8	100.0	2	1 senses in corpus
lemma_3469	lemma_3469_sense_5496	41	41	100.0	2	1 senses in corpus
lemma_535	lemma_535_sense_788	27	27	100.0	2	1 senses in corpus
lemma_9507	lemma_9507_sense_15446	64	66	97.0	2	3 senses in corpus
lemma_7613	lemma_7613_sense_12467	38	83	45.8	2	4 senses in corpus
lemma_22821	lemma_22821_sense_37122	11	11	100.0	2	1 senses in corpus
lemma_232	lemma_232_sense_295	48	51	94.1	2	3 senses in corpus
lemma_1227	lemma_1227_sense_1930	62	144	43.1	2	4 senses in corpus
lemma_4112	lemma_4112_sense_6463	67	106	63.2	2	2 senses in corpus
lemma_6144	lemma_6144_sense_9694	4	6	66.7	2	3 senses in corpus
lemma_15846	lemma_15846_sense_26107	10	18	55.6	2	3 senses in corpus
lemma_7207	lemma_7207_sense_11679	20	20	100.0	2	1 senses in corpus
lemma_4317	lemma_4317_sense_6745	98	98	100.0	2	1 senses in corpus
lemma_36222	lemma_36222_sense_56473	2	4	50.0	2	3 senses in corpus
lemma_7918	lemma_7918_sense_12992	705	713	98.9	2	3 senses in corpus
lemma_5786	lemma_5786_sense_9126	18	22	81.8	2	2 senses in corpus
lemma_2186	lemma_2186_sense_3435	10	11	90.9	2	2 senses in corpus
lemma_16272	lemma_16272_sense_28025	9	9	100.0	2	1 senses in corpus
lemma_3889	lemma_3889_sense_6140	119	168	70.8	2	2 senses in corpus
lemma_1655	lemma_1655_sense_2584	16	26	61.5	2	3 senses in corpus
lemma_6371	lemma_6371_sense_10044	3	7	42.9	2	3 senses in corpus
lemma_644	lemma_644_sense_1017	14	32	43.8	2	3 senses in corpus
lemma_3975	lemma_3975_sense_6260	1649	1649	100.0	2	1 senses in corpus
lemma_8314	lemma_8314_sense_21097	56	69	81.2	2	4 senses in corpus
lemma_1872	lemma_1872_sense_2886	16	17	94.1	2	2 senses in corpus
lemma_5542	lemma_5542_sense_8647	12	28	42.9	2	5 senses in corpus
lemma_556	lemma_556_sense_814	23	24	95.8	2	2 senses in corpus
lemma_5847	lemma_5847_sense_9261	103	145	71.0	2	5 senses in corpus
lemma_500	lemma_500_sense_713	7	7	100.0	2	1 senses in corpus
lemma_482	lemma_482_sense_679	31	35	88.6	2	2 senses in corpus
lemma_9652	lemma_9652_sense_49487	32	32	100.0	2	1 senses in corpus
lemma_2205	lemma_2205_sense_3495	7	7	100.0	2	1 senses in corpus
lemma_5246	lemma_5246_sense_8175	457	457	100.0	2	1 senses in corpus
lemma_5153	lemma_5153_sense_8007	202	272	74.3	1	4 senses in corpus
lemma_1560	lemma_1560_sense_2421	84	93	90.3	1	3 senses in corpus
lemma_6280	lemma_6280_sense_9901	780	978	79.8	1	2 senses in corpus
lemma_4205	lemma_4205_sense_6582	7	7	100.0	1	1 senses in corpus
lemma_477	lemma_477_sense_667	83	93	89.2	1	2 senses in corpus
lemma_3635	lemma_3635_sense_5742	12	12	100.0	1	1 senses in corpus
lemma_625	lemma_625_sense_989	15	21	71.4	1	3 senses in corpus
lemma_6916	lemma_6916_sense_11089	42	56	75.0	1	4 senses in corpus
lemma_2347	lemma_2347_sense_3771	105	144	72.9	1	2 senses in corpus
lemma_7181	lemma_7181_sense_11641	13	19	68.4	1	2 senses in corpus
lemma_2856	lemma_2856_sense_4585	8	13	61.5	1	3 senses in corpus
lemma_20036	lemma_20036_sense_33421	26	26	100.0	1	1 senses in corpus
lemma_6099	lemma_6099_sense_9625	78	190	41.1	1	5 senses in corpus
lemma_6223	lemma_6223_sense_9818	118	119	99.2	1	2 senses in corpus
lemma_705	lemma_705_sense_1144	9	17	52.9	1	3 senses in corpus
lemma_35326	lemma_35326_sense_54959	3	4	75.0	1	2 senses in corpus
lemma_1173	lemma_1173_sense_1854	38	38	100.0	1	1 senses in corpus
lemma_1953	lemma_1953_sense_2996	129	283	45.6	1	3 senses in corpus
lemma_4940	lemma_4940_sense_7684	528	528	100.0	1	1 senses in corpus
lemma_7805	lemma_7805_sense_12794	63	113	55.8	1	4 senses in corpus
lemma_737	lemma_737_sense_1206	23	25	92.0	1	2 senses in corpus
lemma_70029	lemma_70029_sense_107603	5	6	83.3	1	2 senses in corpus
lemma_19575	lemma_19575_sense_32568	1	2	50.0	1	2 senses in corpus
lemma_4920	lemma_4920_sense_7660	49	97	50.5	1	5 senses in corpus
lemma_11622	lemma_11622_sense_20976	3	3	100.0	1	1 senses in corpus
lemma_7566	lemma_7566_sense_12365	53	58	91.4	1	3 senses in corpus
lemma_5188	lemma_5188_sense_8072	25	25	100.0	1	1 senses in corpus
lemma_2343	lemma_2343_sense_17380	71	143	49.7	1	5 senses in corpus
lemma_2082	lemma_2082_sense_3225	174	175	99.4	1	2 senses in corpus
lemma_9798	lemma_9798_sense_15800	139	139	100.0	1	1 senses in corpus
lemma_13708	lemma_13708_sense_22580	14	14	100.0	1	1 senses in corpus
lemma_2216	lemma_2216_sense_3518	74	109	67.9	1	3 senses in corpus
lemma_5257	lemma_5257_sense_8191	17	21	81.0	1	3 senses in corpus
lemma_5050	lemma_5050_sense_7868	7	13	53.8	1	2 senses in corpus
lemma_3392	lemma_3392_sense_5348	5	5	100.0	1	1 senses in corpus
lemma_10524	lemma_10524_sense_16837	50	74	67.6	1	2 senses in corpus
lemma_9578	lemma_9578_sense_15532	26	48	54.2	1	2 senses in corpus
lemma_441	lemma_441_sense_606	13	36	36.1	1	3 senses in corpus
lemma_9750	lemma_9750_sense_15750	68	68	100.0	1	1 senses in corpus
lemma_6482	lemma_6482_sense_10260	9	16	56.2	1	5 senses in corpus
lemma_7208	lemma_7208_sense_11680	11	16	68.8	1	2 senses in corpus
lemma_11029	lemma_11029_sense_17608	3	3	100.0	1	1 senses in corpus
lemma_6846	lemma_6846_sense_10922	24	68	35.3	1	6 senses in corpus
lemma_2134	lemma_2134_sense_3323	27	30	90.0	1	3 senses in corpus
lemma_4350	lemma_4350_sense_6802	830	831	99.9	1	2 senses in corpus
lemma_19581	lemma_19581_sense_32588	2	2	100.0	1	1 senses in corpus
lemma_5159	lemma_5159_sense_8024	20	20	100.0	1	1 senses in corpus
lemma_1954	lemma_1954_sense_2999	113	121	93.4	1	2 senses in corpus
lemma_5686	lemma_5686_sense_8905	220	229	96.1	1	3 senses in corpus
lemma_8572	lemma_8572_sense_23235	4	7	57.1	1	3 senses in corpus
lemma_3925	lemma_3925_sense_6199	12	12	100.0	1	1 senses in corpus
lemma_431	lemma_431_sense_580	2	3	66.7	1	2 senses in corpus
lemma_3225	lemma_3225_sense_5087	28	29	96.6	1	2 senses in corpus
lemma_7968	lemma_7968_sense_13056	2	2	100.0	1	1 senses in corpus
lemma_430	lemma_430_sense_578	88	88	100.0	1	1 senses in corpus
lemma_1475	lemma_1475_sense_2275	5	7	71.4	1	3 senses in corpus
lemma_5407	lemma_5407_sense_8436	6	6	100.0	1	1 senses in corpus
lemma_9196	lemma_9196_sense_13711	76	106	71.7	1	2 senses in corpus
lemma_5190	lemma_5190_sense_8075	34	35	97.1	1	2 senses in corpus
lemma_7734	lemma_7734_sense_12676	9	16	56.2	1	5 senses in corpus
lemma_5113	lemma_5113_sense_7955	40	47	85.1	1	2 senses in corpus
lemma_7120	lemma_7120_sense_11540	19	24	79.2	1	2 senses in corpus
lemma_7406	lemma_7406_sense_12052	62	121	51.2	1	5 senses in corpus
lemma_3112	lemma_3112_sense_4939	457	735	62.2	1	5 senses in corpus
lemma_6186	lemma_6186_sense_9760	3	6	50.0	1	2 senses in corpus
lemma_3118	lemma_3118_sense_4948	38	38	100.0	1	1 senses in corpus
lemma_29842	lemma_29842_sense_46799	2	6	33.3	1	3 senses in corpus
lemma_576	lemma_576_sense_861	30	46	65.2	1	2 senses in corpus
lemma_2541	lemma_2541_sense_4069	37	43	86.0	1	3 senses in corpus
lemma_5957	lemma_5957_sense_9442	56	63	88.9	1	2 senses in corpus
lemma_4813	lemma_4813_sense_7442	49	138	35.5	1	5 senses in corpus
lemma_7735	lemma_7735_sense_12681	26	41	63.4	1	4 senses in corpus
lemma_3919	lemma_3919_sense_6184	6	6	100.0	1	1 senses in corpus
lemma_68309	lemma_68309_sense_105705	2	3	66.7	1	2 senses in corpus
lemma_3937	lemma_3937_sense_6214	89	102	87.3	1	2 senses in corpus
lemma_7241	lemma_7241_sense_11742	10	22	45.5	1	3 senses in corpus
lemma_5931	lemma_5931_sense_9399	9	10	90.0	1	2 senses in corpus
lemma_6126	lemma_6126_sense_9659	33	56	58.9	1	3 senses in corpus
lemma_2728	lemma_2728_sense_4396	1	1	100.0	1	1 senses in corpus
lemma_3719	lemma_3719_sense_5884	8	14	57.1	1	4 senses in corpus
lemma_2692	lemma_2692_sense_4337	1	1	100.0	1	1 senses in corpus
lemma_6139	lemma_6139_sense_9684	45	45	100.0	1	1 senses in corpus
lemma_5541	lemma_5541_sense_8644	21	34	61.8	1	3 senses in corpus
lemma_7339	lemma_7339_sense_11897	7	9	77.8	1	2 senses in corpus
lemma_14271	lemma_14271_sense_23642	15	16	93.8	1	2 senses in corpus
lemma_5114	lemma_5114_sense_7959	36	36	100.0	1	1 senses in corpus
lemma_7864	lemma_7864_sense_12897	122	186	65.6	1	2 senses in corpus
lemma_6779	lemma_6779_sense_10796	26	37	70.3	1	2 senses in corpus
lemma_4923	lemma_4923_sense_7663	25	25	100.0	1	1 senses in corpus
lemma_5699	lemma_5699_sense_8922	121	366	33.1	1	8 senses in corpus
lemma_14756	lemma_14756_sense_3286	6	9	66.7	1	2 senses in corpus
lemma_1154	lemma_1154_sense_1822	10	13	76.9	1	2 senses in corpus
lemma_9503	lemma_9503_sense_15442	3	3	100.0	1	1 senses in corpus
lemma_3035	lemma_3035_sense_4841	4	7	57.1	1	3 senses in corpus
lemma_15630	lemma_15630_sense_25797	15	18	83.3	1	3 senses in corpus
lemma_910	lemma_910_sense_1500	11	15	73.3	1	3 senses in corpus
lemma_1999	lemma_1999_sense_3082	61	107	57.0	1	4 senses in corpus
lemma_13441	lemma_13441_sense_21968	9	12	75.0	1	2 senses in corpus
lemma_7631	lemma_7631_sense_12509	25	59	42.4	1	4 senses in corpus
lemma_3067	lemma_3067_sense_4888	15	35	42.9	1	5 senses in corpus
lemma_7336	lemma_7336_sense_11893	100	187	53.5	1	2 senses in corpus
lemma_6763	lemma_6763_sense_10752	130	272	47.8	1	8 senses in corpus
lemma_4218	lemma_4218_sense_6603	8	14	57.1	1	2 senses in corpus
lemma_1673	lemma_1673_sense_72939	48	77	62.3	1	4 senses in corpus
lemma_5587	lemma_5587_sense_8737	282	290	97.2	1	2 senses in corpus
lemma_22461	lemma_22461_sense_36535	8	9	88.9	1	2 senses in corpus
lemma_1498	lemma_1498_sense_2320	6	10	60.0	1	5 senses in corpus
lemma_27030	lemma_27030_sense_42995	10	10	100.0	1	1 senses in corpus
lemma_18088	lemma_18088_sense_30555	3	3	100.0	1	1 senses in corpus
lemma_7280	lemma_7280_sense_11802	6	8	75.0	1	2 senses in corpus
lemma_6762	lemma_6762_sense_10749	6	13	46.2	1	3 senses in corpus
lemma_7908	lemma_7908_sense_12967	45	88	51.1	1	4 senses in corpus
lemma_5660	lemma_5660_sense_8860	215	215	100.0	1	1 senses in corpus
lemma_2204	lemma_2204_sense_3494	61	75	81.3	1	3 senses in corpus
lemma_4359	lemma_4359_sense_6811	245	270	90.7	1	3 senses in corpus
lemma_5314	lemma_5314_sense_8278	32	32	100.0	1	1 senses in corpus
lemma_2302	lemma_2302_sense_3672	3	9	33.3	1	5 senses in corpus
lemma_8147	lemma_8147_sense_4625	7	8	87.5	1	2 senses in corpus
lemma_7235	lemma_7235_sense_11731	12	12	100.0	1	1 senses in corpus
lemma_487	lemma_487_sense_693	7	14	50.0	1	3 senses in corpus
lemma_5543	lemma_5543_sense_8654	5	8	62.5	1	4 senses in corpus
lemma_13595	lemma_13595_sense_22395	8	10	80.0	1	2 senses in corpus
lemma_4787	lemma_4787_sense_7401	180	277	65.0	1	3 senses in corpus
lemma_2670	lemma_2670_sense_4300	154	154	100.0	1	1 senses in corpus
lemma_3020	lemma_3020_sense_4824	1	2	50.0	1	2 senses in corpus
lemma_2328	lemma_2328_sense_3726	13	21	61.9	1	4 senses in corpus
lemma_4122	lemma_4122_sense_6475	13	13	100.0	1	1 senses in corpus
lemma_9542	lemma_9542_sense_15479	17	24	70.8	1	3 senses in corpus
lemma_1435	lemma_1435_sense_2210	10	10	100.0	1	1 senses in corpus
lemma_10599	lemma_10599_sense_16991	18	27	66.7	1	3 senses in corpus
lemma_5712	lemma_5712_sense_8956	58	59	98.3	1	2 senses in corpus
lemma_3352	lemma_3352_sense_5266	252	268	94.0	1	2 senses in corpus
lemma_1087	lemma_1087_sense_1730	500	503	99.4	1	3 senses in corpus
lemma_3668	lemma_3668_sense_5791	19	72	26.4	1	7 senses in corpus
lemma_11522	lemma_11522_sense_18372	15	15	100.0	1	1 senses in corpus
lemma_6794	lemma_6794_sense_10832	10	12	83.3	1	2 senses in corpus
lemma_5021	lemma_5021_sense_7803	55	84	65.5	1	2 senses in corpus
lemma_6048	lemma_6048_sense_9571	5	5	100.0	1	1 senses in corpus
lemma_1389	lemma_1389_sense_2143	7	11	63.6	1	2 senses in corpus
lemma_6264	lemma_6264_sense_9878	6	6	100.0	1	1 senses in corpus
lemma_3341	lemma_3341_sense_5244	449	507	88.6	1	3 senses in corpus
lemma_3039	lemma_3039_sense_4846	251	341	73.6	1	4 senses in corpus
lemma_5797	lemma_5797_sense_15046	1	3	33.3	1	3 senses in corpus
lemma_54856	lemma_54856_sense_89722	1	1	100.0	1	1 senses in corpus
lemma_3353	lemma_3353_sense_5269	3	4	75.0	1	2 senses in corpus
lemma_4496	lemma_4496_sense_7014	6	12	50.0	1	3 senses in corpus
lemma_4823	lemma_4823_sense_7461	1505	1505	100.0	1	1 senses in corpus
lemma_6430	lemma_6430_sense_14588	15	24	62.5	1	2 senses in corpus
lemma_25517	lemma_25517_sense_40851	17	18	94.4	1	2 senses in corpus
lemma_2125	lemma_2125_sense_3301	3	9	33.3	1	4 senses in corpus
lemma_2638	lemma_2638_sense_4246	23	39	59.0	1	3 senses in corpus
lemma_5821	lemma_5821_sense_9205	63	65	96.9	1	2 senses in corpus
lemma_1996	lemma_1996_sense_3067	111	136	81.6	1	5 senses in corpus
