xml_id	resolved_sense	confidence	note
WZB_3ra_2_2	lemma_4415_sense_64155	high	heuristic-auto: relational/adversative noch (according to / nor) -- Verhältnis
WZB_3ra_7_1	lemma_4415_sense_64155	high	heuristic-auto: relational/adversative noch (according to / nor) -- Verhältnis
WZB_3ra_9_5	lemma_4415_sense_64155	high	heuristic-auto: relational/adversative noch (according to / nor) -- Verhältnis
WZB_3rb_5_3	lemma_4415_sense_64155	high	heuristic-auto: relational/adversative noch (according to / nor) -- Verhältnis
WZB_3rb_15_1	lemma_4415_sense_64155	high	heuristic-auto: relational/adversative noch (according to / nor) -- Verhältnis
WZB_3rb_24_3	lemma_4415_sense_64155	high	heuristic-auto: relational/adversative noch (according to / nor) -- Verhältnis
WZB_5rb_17_3	lemma_4415_sense_6892	high	heuristic-auto: temporal noch (after/still/yet) -- Zeit
WZB_6rb_22_1	lemma_4415_sense_64155	high	heuristic-auto: relational/adversative noch (according to / nor) -- Verhältnis
WZB_6rb_23_1	lemma_4415_sense_64155	high	heuristic-auto: relational/adversative noch (according to / nor) -- Verhältnis
WZB_6va_6_3	lemma_4415_sense_6892	high	heuristic-auto: temporal noch (after/still/yet) -- Zeit
WZB_6va_13_7	lemma_4415_sense_6892	high	heuristic-auto: temporal noch (after/still/yet) -- Zeit
WZB_6va_21_6	lemma_4415_sense_6892	high	heuristic-auto: temporal noch (after/still/yet) -- Zeit
WZB_6vb_4_7	lemma_4415_sense_6892	high	heuristic-auto: temporal noch (after/still/yet) -- Zeit
WZB_6vb_14_0	lemma_4415_sense_6892	high	heuristic-auto: temporal noch (after/still/yet) -- Zeit
WZB_6vb_29_0	lemma_4415_sense_6892	high	heuristic-auto: temporal noch (after/still/yet) -- Zeit
WZB_7va_15_0	lemma_4415_sense_64155	high	heuristic-auto: relational/adversative noch (according to / nor) -- Verhältnis
WZB_7va_18_1	lemma_4415_sense_64155	high	heuristic-auto: relational/adversative noch (according to / nor) -- Verhältnis
WZB_7vb_4_4	lemma_4415_sense_6892	high	heuristic-auto: temporal noch (after/still/yet) -- Zeit
WZB_8ra_9_6	lemma_4415_sense_64155	high	heuristic-auto: relational/adversative noch (according to / nor) -- Verhältnis
WZB_8ra_12_1	lemma_4415_sense_64155	high	heuristic-auto: relational/adversative noch (according to / nor) -- Verhältnis
WZB_8rb_30_0	lemma_4415_sense_6892	high	heuristic-auto: temporal noch (after/still/yet) -- Zeit
WZB_8va_11_1	lemma_4415_sense_6892	high	heuristic-auto: temporal noch (after/still/yet) -- Zeit
WZB_9rb_26_6	lemma_4415_sense_64155	high	heuristic-auto: relational/adversative noch (according to / nor) -- Verhältnis
WZB_9vb_16_1	lemma_4415_sense_6892	high	heuristic-auto: temporal noch (after/still/yet) -- Zeit
WZB_9vb_24_1	lemma_4415_sense_6892	high	heuristic-auto: temporal noch (after/still/yet) -- Zeit
WZB_10rb_32_5	lemma_4415_sense_64155	high	heuristic-auto: relational/adversative noch (according to / nor) -- Verhältnis
WZB_10rb_33_2	lemma_4415_sense_64155	high	heuristic-auto: relational/adversative noch (according to / nor) -- Verhältnis
WZB_10va_25_0	lemma_4415_sense_64155	high	heuristic-auto: relational/adversative noch (according to / nor) -- Verhältnis
WZB_10vb_8_1	lemma_4415_sense_6892	high	heuristic-auto: temporal noch (after/still/yet) -- Zeit
WZB_10vb_15_0	lemma_4415_sense_6892	high	heuristic-auto: temporal noch (after/still/yet) -- Zeit
WZB_10vb_18_4	lemma_4415_sense_6892	high	heuristic-auto: temporal noch (after/still/yet) -- Zeit
WZB_11ra_2_3	lemma_4415_sense_6892	high	heuristic-auto: temporal noch (after/still/yet) -- Zeit
WZB_11ra_7_1	lemma_4415_sense_6892	high	heuristic-auto: temporal noch (after/still/yet) -- Zeit
WZB_11ra_19_8	lemma_4415_sense_6892	high	heuristic-auto: temporal noch (after/still/yet) -- Zeit
WZB_14ra_10_1	lemma_4415_sense_6892	high	heuristic-auto: temporal noch (after/still/yet) -- Zeit
WZB_14va_8_0	lemma_4415_sense_64155	high	heuristic-auto: relational/adversative noch (according to / nor) -- Verhältnis
WZB_15ra_16_1	lemma_4415_sense_6892	high	heuristic-auto: temporal noch (after/still/yet) -- Zeit
WZB_15va_30_0	lemma_4415_sense_6892	high	heuristic-auto: temporal noch (after/still/yet) -- Zeit
WZB_15vb_16_1	lemma_4415_sense_6892	high	heuristic-auto: temporal noch (after/still/yet) -- Zeit
WZB_16va_7_6	lemma_4415_sense_6892	high	heuristic-auto: temporal noch (after/still/yet) -- Zeit
WZB_17rb_30_0	lemma_4415_sense_64155	high	heuristic-auto: relational/adversative noch (according to / nor) -- Verhältnis
WZB_19va_28_0	lemma_4415_sense_64155	high	heuristic-auto: relational/adversative noch (according to / nor) -- Verhältnis
WZB_23rb_27_0	lemma_4415_sense_6892	high	heuristic-auto: temporal noch (after/still/yet) -- Zeit
WZB_24va_4_4	lemma_4415_sense_6892	high	heuristic-auto: temporal noch (after/still/yet) -- Zeit
WZB_27va_7_5	lemma_4415_sense_64155	high	heuristic-auto: relational/adversative noch (according to / nor) -- Verhältnis
WZB_27vb_26_5	lemma_4415_sense_6892	high	heuristic-auto: temporal noch (after/still/yet) -- Zeit
WZB_29va_7_3	lemma_4415_sense_6892	high	heuristic-auto: temporal noch (after/still/yet) -- Zeit
WZB_30vb_32_5	lemma_4415_sense_6892	high	heuristic-auto: temporal noch (after/still/yet) -- Zeit
WZB_34vb_26_1	lemma_4415_sense_6892	high	heuristic-auto: temporal noch (after/still/yet) -- Zeit
WZB_35rb_36_1	lemma_4415_sense_6892	high	heuristic-auto: temporal noch (after/still/yet) -- Zeit
WZB_35va_17_1	lemma_4415_sense_6892	high	heuristic-auto: temporal noch (after/still/yet) -- Zeit
WZB_37rb_26_5	lemma_4415_sense_64155	high	heuristic-auto: relational/adversative noch (according to / nor) -- Verhältnis
WZB_39va_24_4	lemma_4415_sense_6892	high	heuristic-auto: temporal noch (after/still/yet) -- Zeit
WZB_40ra_21_0	lemma_4415_sense_6892	high	heuristic-auto: temporal noch (after/still/yet) -- Zeit
WZB_40va_30_3	lemma_4415_sense_64155	high	heuristic-auto: relational/adversative noch (according to / nor) -- Verhältnis
WZB_44vb_27_1	lemma_4415_sense_64155	high	heuristic-auto: relational/adversative noch (according to / nor) -- Verhältnis
WZB_44vb_30_4	lemma_4415_sense_6892	high	heuristic-auto: temporal noch (after/still/yet) -- Zeit
WZB_47va_9_5	lemma_4415_sense_6892	high	heuristic-auto: temporal noch (after/still/yet) -- Zeit
WZB_47va_33_0	lemma_4415_sense_6892	high	heuristic-auto: temporal noch (after/still/yet) -- Zeit
WZB_48ra_18_4	lemma_4415_sense_64155	high	heuristic-auto: relational/adversative noch (according to / nor) -- Verhältnis
WZB_48ra_25_0	lemma_4415_sense_64155	high	heuristic-auto: relational/adversative noch (according to / nor) -- Verhältnis
WZB_52vb_32_0	lemma_4415_sense_6892	high	heuristic-auto: temporal noch (after/still/yet) -- Zeit
WZB_53vb_37_0	lemma_4415_sense_64155	high	heuristic-auto: relational/adversative noch (according to / nor) -- Verhältnis
WZB_55rb_12_6	lemma_4415_sense_6892	high	heuristic-auto: temporal noch (after/still/yet) -- Zeit
WZB_56va_18_6	lemma_4415_sense_64155	high	heuristic-auto: relational/adversative noch (according to / nor) -- Verhältnis
WZB_56vb_4_4	lemma_4415_sense_64155	high	heuristic-auto: relational/adversative noch (according to / nor) -- Verhältnis
WZB_57vb_17_3	lemma_4415_sense_64155	high	heuristic-auto: relational/adversative noch (according to / nor) -- Verhältnis
WZB_57vb_32_0	lemma_4415_sense_64155	high	heuristic-auto: relational/adversative noch (according to / nor) -- Verhältnis
WZB_60va_24_3	lemma_4415_sense_64155	high	heuristic-auto: relational/adversative noch (according to / nor) -- Verhältnis
WZB_60vb_5_2	lemma_4415_sense_64155	high	heuristic-auto: relational/adversative noch (according to / nor) -- Verhältnis
WZB_61va_9_4	lemma_4415_sense_64155	high	heuristic-auto: relational/adversative noch (according to / nor) -- Verhältnis
WZB_62va_29_6	lemma_4415_sense_6892	high	heuristic-auto: temporal noch (after/still/yet) -- Zeit
WZB_62vb_16_3	lemma_4415_sense_64155	high	heuristic-auto: relational/adversative noch (according to / nor) -- Verhältnis
WZB_64ra_3_1	lemma_4415_sense_6892	high	heuristic-auto: temporal noch (after/still/yet) -- Zeit
WZB_64rb_10_1	lemma_4415_sense_6892	high	heuristic-auto: temporal noch (after/still/yet) -- Zeit
WZB_64va_17_4	lemma_4415_sense_64155	high	heuristic-auto: relational/adversative noch (according to / nor) -- Verhältnis
WZB_68ra_29_0	lemma_4415_sense_6892	high	heuristic-auto: temporal noch (after/still/yet) -- Zeit
WZB_68va_11_1	lemma_4415_sense_6892	high	heuristic-auto: temporal noch (after/still/yet) -- Zeit
WZB_68vb_8_3	lemma_4415_sense_6892	high	heuristic-auto: temporal noch (after/still/yet) -- Zeit
WZB_70va_34_0	lemma_4415_sense_64155	high	heuristic-auto: relational/adversative noch (according to / nor) -- Verhältnis
WZB_70vb_8_5	lemma_4415_sense_6892	high	heuristic-auto: temporal noch (after/still/yet) -- Zeit
WZB_71ra_5_3	lemma_4415_sense_64155	high	heuristic-auto: relational/adversative noch (according to / nor) -- Verhältnis
WZB_71va_9_2	lemma_4415_sense_64155	high	heuristic-auto: relational/adversative noch (according to / nor) -- Verhältnis
WZB_75va_14_4	lemma_4415_sense_64155	high	heuristic-auto: relational/adversative noch (according to / nor) -- Verhältnis
WZB_76ra_21_4	lemma_4415_sense_64155	high	heuristic-auto: relational/adversative noch (according to / nor) -- Verhältnis
WZB_76vb_36_1	lemma_4415_sense_6892	high	heuristic-auto: temporal noch (after/still/yet) -- Zeit
WZB_77ra_6_0	lemma_4415_sense_64155	high	heuristic-auto: relational/adversative noch (according to / nor) -- Verhältnis
WZB_77ra_36_6	lemma_4415_sense_64155	high	heuristic-auto: relational/adversative noch (according to / nor) -- Verhältnis
WZB_79ra_10_0	lemma_4415_sense_6892	high	heuristic-auto: temporal noch (after/still/yet) -- Zeit
WZB_81ra_18_5	lemma_4415_sense_64155	high	heuristic-auto: relational/adversative noch (according to / nor) -- Verhältnis
WZB_84va_32_1	lemma_4415_sense_6892	high	heuristic-auto: temporal noch (after/still/yet) -- Zeit
WZB_85vb_21_0	lemma_4415_sense_6892	high	heuristic-auto: temporal noch (after/still/yet) -- Zeit
WZB_86rb_18_1	lemma_4415_sense_64155	high	heuristic-auto: relational/adversative noch (according to / nor) -- Verhältnis
WZB_87ra_8_3	lemma_4415_sense_64155	high	heuristic-auto: relational/adversative noch (according to / nor) -- Verhältnis
WZB_87rb_24_2	lemma_4415_sense_64155	high	heuristic-auto: relational/adversative noch (according to / nor) -- Verhältnis
WZB_89rb_7_5	lemma_4415_sense_64155	high	heuristic-auto: relational/adversative noch (according to / nor) -- Verhältnis
WZB_89va_23_0	lemma_4415_sense_64155	high	heuristic-auto: relational/adversative noch (according to / nor) -- Verhältnis
WZB_90ra_23_4	lemma_4415_sense_64155	high	heuristic-auto: relational/adversative noch (according to / nor) -- Verhältnis
WZB_91va_16_3	lemma_4415_sense_64155	high	heuristic-auto: relational/adversative noch (according to / nor) -- Verhältnis
WZB_95va_25_2	lemma_4415_sense_64155	high	heuristic-auto: relational/adversative noch (according to / nor) -- Verhältnis
WZB_96rb_12_0	lemma_4415_sense_64155	high	heuristic-auto: relational/adversative noch (according to / nor) -- Verhältnis
WZB_96rb_22_5	lemma_4415_sense_64155	high	heuristic-auto: relational/adversative noch (according to / nor) -- Verhältnis
WZB_96va_14_2	lemma_4415_sense_64155	high	heuristic-auto: relational/adversative noch (according to / nor) -- Verhältnis
WZB_98va_15_0	lemma_4415_sense_64155	high	heuristic-auto: relational/adversative noch (according to / nor) -- Verhältnis
WZB_100ra_21_2	lemma_4415_sense_64155	high	heuristic-auto: relational/adversative noch (according to / nor) -- Verhältnis
WZB_100rb_6_5	lemma_4415_sense_64155	high	heuristic-auto: relational/adversative noch (according to / nor) -- Verhältnis
WZB_102vb_3_5	lemma_4415_sense_64155	high	heuristic-auto: relational/adversative noch (according to / nor) -- Verhältnis
WZB_102vb_35_0	lemma_4415_sense_64155	high	heuristic-auto: relational/adversative noch (according to / nor) -- Verhältnis
WZB_103ra_31_1	lemma_4415_sense_64155	high	heuristic-auto: relational/adversative noch (according to / nor) -- Verhältnis
WZB_108rb_5_3	lemma_4415_sense_64155	high	heuristic-auto: relational/adversative noch (according to / nor) -- Verhältnis
WZB_109ra_20_6	lemma_4415_sense_64155	high	heuristic-auto: relational/adversative noch (according to / nor) -- Verhältnis
WZB_109rb_3_4	lemma_4415_sense_64155	high	heuristic-auto: relational/adversative noch (according to / nor) -- Verhältnis
WZB_109rb_7_4	lemma_4415_sense_64155	high	heuristic-auto: relational/adversative noch (according to / nor) -- Verhältnis
WZB_109rb_19_0	lemma_4415_sense_64155	high	heuristic-auto: relational/adversative noch (according to / nor) -- Verhältnis
WZB_109va_12_1	lemma_4415_sense_64155	high	heuristic-auto: relational/adversative noch (according to / nor) -- Verhältnis
WZB_109va_28_1	lemma_4415_sense_64155	high	heuristic-auto: relational/adversative noch (according to / nor) -- Verhältnis
WZB_110ra_8_4	lemma_4415_sense_64155	high	heuristic-auto: relational/adversative noch (according to / nor) -- Verhältnis
WZB_110ra_32_3	lemma_4415_sense_6892	high	heuristic-auto: temporal noch (after/still/yet) -- Zeit
WZB_110rb_3_2	lemma_4415_sense_64155	high	heuristic-auto: relational/adversative noch (according to / nor) -- Verhältnis
WZB_110rb_8_2	lemma_4415_sense_64155	high	heuristic-auto: relational/adversative noch (according to / nor) -- Verhältnis
WZB_110va_9_0	lemma_4415_sense_64155	high	heuristic-auto: relational/adversative noch (according to / nor) -- Verhältnis
WZB_110vb_7_3	lemma_4415_sense_64155	high	heuristic-auto: relational/adversative noch (according to / nor) -- Verhältnis
WZB_111va_29_0	lemma_4415_sense_6892	high	heuristic-auto: temporal noch (after/still/yet) -- Zeit
WZB_115rb_34_1	lemma_4415_sense_6892	high	heuristic-auto: temporal noch (after/still/yet) -- Zeit
WZB_116ra_19_3	lemma_4415_sense_64155	high	heuristic-auto: relational/adversative noch (according to / nor) -- Verhältnis
WZB_117va_31_3	lemma_4415_sense_64155	high	heuristic-auto: relational/adversative noch (according to / nor) -- Verhältnis
WZB_118ra_16_4	lemma_4415_sense_64155	high	heuristic-auto: relational/adversative noch (according to / nor) -- Verhältnis
WZB_118ra_21_5	lemma_4415_sense_64155	high	heuristic-auto: relational/adversative noch (according to / nor) -- Verhältnis
WZB_118ra_25_3	lemma_4415_sense_64155	high	heuristic-auto: relational/adversative noch (according to / nor) -- Verhältnis
WZB_118va_34_5	lemma_4415_sense_6892	high	heuristic-auto: temporal noch (after/still/yet) -- Zeit
WZB_119rb_18_4	lemma_4415_sense_64155	high	heuristic-auto: relational/adversative noch (according to / nor) -- Verhältnis
WZB_119vb_23_0	lemma_4415_sense_64155	high	heuristic-auto: relational/adversative noch (according to / nor) -- Verhältnis
WZB_120ra_34_4	lemma_4415_sense_6892	high	heuristic-auto: temporal noch (after/still/yet) -- Zeit
WZB_120vb_26_4	lemma_4415_sense_6892	high	heuristic-auto: temporal noch (after/still/yet) -- Zeit
WZB_121ra_3_7	lemma_4415_sense_64155	high	heuristic-auto: relational/adversative noch (according to / nor) -- Verhältnis
WZB_121ra_31_0	lemma_4415_sense_64155	high	heuristic-auto: relational/adversative noch (according to / nor) -- Verhältnis
WZB_121rb_15_5	lemma_4415_sense_64155	high	heuristic-auto: relational/adversative noch (according to / nor) -- Verhältnis
WZB_121vb_28_7	lemma_4415_sense_64155	high	heuristic-auto: relational/adversative noch (according to / nor) -- Verhältnis
WZB_122ra_26_5	lemma_4415_sense_6892	high	heuristic-auto: temporal noch (after/still/yet) -- Zeit
WZB_122rb_32_2	lemma_4415_sense_64155	high	heuristic-auto: relational/adversative noch (according to / nor) -- Verhältnis
WZB_124ra_24_2	lemma_4415_sense_64155	high	heuristic-auto: relational/adversative noch (according to / nor) -- Verhältnis
WZB_125vb_6_3	lemma_4415_sense_6892	high	heuristic-auto: temporal noch (after/still/yet) -- Zeit
WZB_127ra_5_4	lemma_4415_sense_64155	high	heuristic-auto: relational/adversative noch (according to / nor) -- Verhältnis
WZB_127ra_12_1	lemma_4415_sense_6892	high	heuristic-auto: temporal noch (after/still/yet) -- Zeit
WZB_127ra_26_4	lemma_4415_sense_64155	high	heuristic-auto: relational/adversative noch (according to / nor) -- Verhältnis
WZB_127ra_28_2	lemma_4415_sense_64155	high	heuristic-auto: relational/adversative noch (according to / nor) -- Verhältnis
WZB_127vb_27_0	lemma_4415_sense_64155	high	heuristic-auto: relational/adversative noch (according to / nor) -- Verhältnis
WZB_128vb_13_6	lemma_4415_sense_64155	high	heuristic-auto: relational/adversative noch (according to / nor) -- Verhältnis
WZB_129ra_21_7	lemma_4415_sense_6892	high	heuristic-auto: temporal noch (after/still/yet) -- Zeit
WZB_129rb_25_2	lemma_4415_sense_64155	high	heuristic-auto: relational/adversative noch (according to / nor) -- Verhältnis
WZB_129va_2_6	lemma_4415_sense_64155	high	heuristic-auto: relational/adversative noch (according to / nor) -- Verhältnis
WZB_129va_24_4	lemma_4415_sense_64155	high	heuristic-auto: relational/adversative noch (according to / nor) -- Verhältnis
WZB_133vb_35_5	lemma_4415_sense_64155	high	heuristic-auto: relational/adversative noch (according to / nor) -- Verhältnis
WZB_133srb_11_0	lemma_4415_sense_64155	high	heuristic-auto: relational/adversative noch (according to / nor) -- Verhältnis
WZB_133srb_12_8	lemma_4415_sense_64155	high	heuristic-auto: relational/adversative noch (according to / nor) -- Verhältnis
WZB_134va_35_0	lemma_4415_sense_64155	high	heuristic-auto: relational/adversative noch (according to / nor) -- Verhältnis
WZB_134vb_12_1	lemma_4415_sense_64155	high	heuristic-auto: relational/adversative noch (according to / nor) -- Verhältnis
WZB_134vb_25_0	lemma_4415_sense_64155	high	heuristic-auto: relational/adversative noch (according to / nor) -- Verhältnis
WZB_135ra_4_2	lemma_4415_sense_64155	high	heuristic-auto: relational/adversative noch (according to / nor) -- Verhältnis
WZB_136rb_31_1	lemma_4415_sense_6892	high	heuristic-auto: temporal noch (after/still/yet) -- Zeit
WZB_137ra_13_4	lemma_4415_sense_6892	high	heuristic-auto: temporal noch (after/still/yet) -- Zeit
WZB_137ra_27_5	lemma_4415_sense_6892	high	heuristic-auto: temporal noch (after/still/yet) -- Zeit
WZB_137va_11_0	lemma_4415_sense_64155	high	heuristic-auto: relational/adversative noch (according to / nor) -- Verhältnis
WZB_137va_15_5	lemma_4415_sense_6892	high	heuristic-auto: temporal noch (after/still/yet) -- Zeit
WZB_137vb_8_2	lemma_4415_sense_64155	high	heuristic-auto: relational/adversative noch (according to / nor) -- Verhältnis
WZB_138ra_10_2	lemma_4415_sense_64155	high	heuristic-auto: relational/adversative noch (according to / nor) -- Verhältnis
WZB_140ra_11_2	lemma_4415_sense_64155	high	heuristic-auto: relational/adversative noch (according to / nor) -- Verhältnis
WZB_140va_10_2	lemma_4415_sense_64155	high	heuristic-auto: relational/adversative noch (according to / nor) -- Verhältnis
WZB_141vb_24_3	lemma_4415_sense_64155	high	heuristic-auto: relational/adversative noch (according to / nor) -- Verhältnis
WZB_141vb_26_0	lemma_4415_sense_64155	high	heuristic-auto: relational/adversative noch (according to / nor) -- Verhältnis
WZB_142ra_8_4	lemma_4415_sense_6892	high	heuristic-auto: temporal noch (after/still/yet) -- Zeit
WZB_142ra_9_1	lemma_4415_sense_6892	high	heuristic-auto: temporal noch (after/still/yet) -- Zeit
WZB_142ra_18_2	lemma_4415_sense_64155	high	heuristic-auto: relational/adversative noch (according to / nor) -- Verhältnis
WZB_142ra_20_2	lemma_4415_sense_64155	high	heuristic-auto: relational/adversative noch (according to / nor) -- Verhältnis
WZB_142ra_22_4	lemma_4415_sense_64155	high	heuristic-auto: relational/adversative noch (according to / nor) -- Verhältnis
WZB_142va_33_0	lemma_4415_sense_64155	high	heuristic-auto: relational/adversative noch (according to / nor) -- Verhältnis
WZB_144ra_30_3	lemma_4415_sense_6892	high	heuristic-auto: temporal noch (after/still/yet) -- Zeit
WZB_144ra_31_5	lemma_4415_sense_6892	high	heuristic-auto: temporal noch (after/still/yet) -- Zeit
WZB_146ra_34_3	lemma_4415_sense_6892	high	heuristic-auto: temporal noch (after/still/yet) -- Zeit
WZB_147rb_14_0	lemma_4415_sense_64155	high	heuristic-auto: relational/adversative noch (according to / nor) -- Verhältnis
WZB_147rb_27_1	lemma_4415_sense_64155	high	heuristic-auto: relational/adversative noch (according to / nor) -- Verhältnis
WZB_147vb_4_1	lemma_4415_sense_64155	high	heuristic-auto: relational/adversative noch (according to / nor) -- Verhältnis
WZB_149rb_4_0	lemma_4415_sense_6892	high	heuristic-auto: temporal noch (after/still/yet) -- Zeit
WZB_150ra_13_3	lemma_4415_sense_64155	high	heuristic-auto: relational/adversative noch (according to / nor) -- Verhältnis
WZB_150ra_14_6	lemma_4415_sense_64155	high	heuristic-auto: relational/adversative noch (according to / nor) -- Verhältnis
WZB_152va_6_2	lemma_4415_sense_6892	high	heuristic-auto: temporal noch (after/still/yet) -- Zeit
WZB_153ra_32_1	lemma_4415_sense_6892	high	heuristic-auto: temporal noch (after/still/yet) -- Zeit
WZB_153vb_12_1	lemma_4415_sense_64155	high	heuristic-auto: relational/adversative noch (according to / nor) -- Verhältnis
WZB_155ra_8_1	lemma_4415_sense_64155	high	heuristic-auto: relational/adversative noch (according to / nor) -- Verhältnis
WZB_155ra_9_0	lemma_4415_sense_64155	high	heuristic-auto: relational/adversative noch (according to / nor) -- Verhältnis
WZB_158ra_6_3	lemma_4415_sense_64155	high	heuristic-auto: relational/adversative noch (according to / nor) -- Verhältnis
WZB_158va_24_0	lemma_4415_sense_64155	high	heuristic-auto: relational/adversative noch (according to / nor) -- Verhältnis
WZB_159rb_27_3	lemma_4415_sense_64155	high	heuristic-auto: relational/adversative noch (according to / nor) -- Verhältnis
WZB_159rb_35_0	lemma_4415_sense_64155	high	heuristic-auto: relational/adversative noch (according to / nor) -- Verhältnis
WZB_162vb_8_2	lemma_4415_sense_64155	high	heuristic-auto: relational/adversative noch (according to / nor) -- Verhältnis
WZB_163rb_24_0	lemma_4415_sense_64155	high	heuristic-auto: relational/adversative noch (according to / nor) -- Verhältnis
WZB_163vb_2_3	lemma_4415_sense_64155	high	heuristic-auto: relational/adversative noch (according to / nor) -- Verhältnis
WZB_168va_22_5	lemma_4415_sense_6892	high	heuristic-auto: temporal noch (after/still/yet) -- Zeit
WZB_169ra_12_0	lemma_4415_sense_64155	high	heuristic-auto: relational/adversative noch (according to / nor) -- Verhältnis
WZB_169vb_19_7	lemma_4415_sense_64155	high	heuristic-auto: relational/adversative noch (according to / nor) -- Verhältnis
WZB_170va_11_3	lemma_4415_sense_64155	high	heuristic-auto: relational/adversative noch (according to / nor) -- Verhältnis
WZB_173ra_18_0	lemma_4415_sense_64155	high	heuristic-auto: relational/adversative noch (according to / nor) -- Verhältnis
WZB_175vb_18_4	lemma_4415_sense_64155	high	heuristic-auto: relational/adversative noch (according to / nor) -- Verhältnis
WZB_176ra_18_4	lemma_4415_sense_6892	high	heuristic-auto: temporal noch (after/still/yet) -- Zeit
WZB_176rb_11_7	lemma_4415_sense_64155	high	heuristic-auto: relational/adversative noch (according to / nor) -- Verhältnis
WZB_177va_9_4	lemma_4415_sense_64155	high	heuristic-auto: relational/adversative noch (according to / nor) -- Verhältnis
WZB_177va_19_2	lemma_4415_sense_64155	high	heuristic-auto: relational/adversative noch (according to / nor) -- Verhältnis
WZB_177va_20_1	lemma_4415_sense_64155	high	heuristic-auto: relational/adversative noch (according to / nor) -- Verhältnis
WZB_178ra_9_1	lemma_4415_sense_64155	high	heuristic-auto: relational/adversative noch (according to / nor) -- Verhältnis
WZB_178va_17_6	lemma_4415_sense_64155	high	heuristic-auto: relational/adversative noch (according to / nor) -- Verhältnis
WZB_179ra_23_0	lemma_4415_sense_64155	high	heuristic-auto: relational/adversative noch (according to / nor) -- Verhältnis
WZB_179rb_33_4	lemma_4415_sense_64155	high	heuristic-auto: relational/adversative noch (according to / nor) -- Verhältnis
WZB_181va_11_2	lemma_4415_sense_64155	high	heuristic-auto: relational/adversative noch (according to / nor) -- Verhältnis
WZB_181vb_25_8	lemma_4415_sense_64155	high	heuristic-auto: relational/adversative noch (according to / nor) -- Verhältnis
WZB_186vb_7_7	lemma_4415_sense_6892	high	heuristic-auto: temporal noch (after/still/yet) -- Zeit
WZB_189rb_3_0	lemma_4415_sense_6892	high	heuristic-auto: temporal noch (after/still/yet) -- Zeit
WZB_191rb_18_6	lemma_4415_sense_64155	high	heuristic-auto: relational/adversative noch (according to / nor) -- Verhältnis
WZB_191va_3_2	lemma_4415_sense_64155	high	heuristic-auto: relational/adversative noch (according to / nor) -- Verhältnis
WZB_191va_7_2	lemma_4415_sense_64155	high	heuristic-auto: relational/adversative noch (according to / nor) -- Verhältnis
WZB_193va_28_3	lemma_4415_sense_6892	high	heuristic-auto: temporal noch (after/still/yet) -- Zeit
WZB_193vb_13_3	lemma_4415_sense_64155	high	heuristic-auto: relational/adversative noch (according to / nor) -- Verhältnis
WZB_194rb_14_0	lemma_4415_sense_64155	high	heuristic-auto: relational/adversative noch (according to / nor) -- Verhältnis
WZB_194rb_16_5	lemma_4415_sense_64155	high	heuristic-auto: relational/adversative noch (according to / nor) -- Verhältnis
WZB_195ra_26_2	lemma_4415_sense_6892	high	heuristic-auto: temporal noch (after/still/yet) -- Zeit
WZB_195ra_35_2	lemma_4415_sense_64155	high	heuristic-auto: relational/adversative noch (according to / nor) -- Verhältnis
WZB_196vb_9_1	lemma_4415_sense_6892	high	heuristic-auto: temporal noch (after/still/yet) -- Zeit
WZB_196vb_11_1	lemma_4415_sense_6892	high	heuristic-auto: temporal noch (after/still/yet) -- Zeit
WZB_196vb_19_1	lemma_4415_sense_6892	high	heuristic-auto: temporal noch (after/still/yet) -- Zeit
WZB_197va_15_4	lemma_4415_sense_64155	high	heuristic-auto: relational/adversative noch (according to / nor) -- Verhältnis
WZB_197vb_4_5	lemma_4415_sense_6892	high	heuristic-auto: temporal noch (after/still/yet) -- Zeit
WZB_198vb_3_6	lemma_4415_sense_64155	high	heuristic-auto: relational/adversative noch (according to / nor) -- Verhältnis
WZB_199vb_19_0	lemma_4415_sense_64155	high	heuristic-auto: relational/adversative noch (according to / nor) -- Verhältnis
WZB_200rb_22_4	lemma_4415_sense_64155	high	heuristic-auto: relational/adversative noch (according to / nor) -- Verhältnis
WZB_200rb_31_4	lemma_4415_sense_64155	high	heuristic-auto: relational/adversative noch (according to / nor) -- Verhältnis
WZB_200vb_15_3	lemma_4415_sense_64155	high	heuristic-auto: relational/adversative noch (according to / nor) -- Verhältnis
WZB_201rb_18_5	lemma_4415_sense_6892	high	heuristic-auto: temporal noch (after/still/yet) -- Zeit
WZB_202rb_5_0	lemma_4415_sense_64155	high	heuristic-auto: relational/adversative noch (according to / nor) -- Verhältnis
WZB_202rb_9_3	lemma_4415_sense_6892	high	heuristic-auto: temporal noch (after/still/yet) -- Zeit
WZB_203ra_20_0	lemma_4415_sense_64155	high	heuristic-auto: relational/adversative noch (according to / nor) -- Verhältnis
WZB_203ra_22_6	lemma_4415_sense_64155	high	heuristic-auto: relational/adversative noch (according to / nor) -- Verhältnis
WZB_203ra_24_3	lemma_4415_sense_64155	high	heuristic-auto: relational/adversative noch (according to / nor) -- Verhältnis
WZB_204vb_4_3	lemma_4415_sense_64155	high	heuristic-auto: relational/adversative noch (according to / nor) -- Verhältnis
WZB_204vb_5_0	lemma_4415_sense_64155	high	heuristic-auto: relational/adversative noch (according to / nor) -- Verhältnis
WZB_205rb_3_3	lemma_4415_sense_64155	high	heuristic-auto: relational/adversative noch (according to / nor) -- Verhältnis
WZB_205vb_5_0	lemma_4415_sense_6892	high	heuristic-auto: temporal noch (after/still/yet) -- Zeit
WZB_207vb_8_4	lemma_4415_sense_6892	high	heuristic-auto: temporal noch (after/still/yet) -- Zeit
WZB_207vb_18_2	lemma_4415_sense_64155	high	heuristic-auto: relational/adversative noch (according to / nor) -- Verhältnis
WZB_209rb_11_4	lemma_4415_sense_6892	high	heuristic-auto: temporal noch (after/still/yet) -- Zeit
WZB_210rb_27_2	lemma_4415_sense_6892	high	heuristic-auto: temporal noch (after/still/yet) -- Zeit
WZB_210vb_3_1	lemma_4415_sense_64155	high	heuristic-auto: relational/adversative noch (according to / nor) -- Verhältnis
WZB_213vb_30_3	lemma_4415_sense_6892	high	heuristic-auto: temporal noch (after/still/yet) -- Zeit
WZB_214ra_3_3	lemma_4415_sense_6892	high	heuristic-auto: temporal noch (after/still/yet) -- Zeit
WZB_215ra_8_6	lemma_4415_sense_64155	high	heuristic-auto: relational/adversative noch (according to / nor) -- Verhältnis
WZB_215rb_2_4	lemma_4415_sense_6892	high	heuristic-auto: temporal noch (after/still/yet) -- Zeit
WZB_216vb_3_0	lemma_4415_sense_64155	high	heuristic-auto: relational/adversative noch (according to / nor) -- Verhältnis
WZB_216vb_20_4	lemma_4415_sense_64155	high	heuristic-auto: relational/adversative noch (according to / nor) -- Verhältnis
WZB_217vb_20_0	lemma_4415_sense_64155	high	heuristic-auto: relational/adversative noch (according to / nor) -- Verhältnis
WZB_218vb_6_4	lemma_4415_sense_64155	high	heuristic-auto: relational/adversative noch (according to / nor) -- Verhältnis
WZB_220ra_32_4	lemma_4415_sense_64155	high	heuristic-auto: relational/adversative noch (according to / nor) -- Verhältnis
WZB_221va_22_3	lemma_4415_sense_64155	high	heuristic-auto: relational/adversative noch (according to / nor) -- Verhältnis
WZB_223ra_35_1	lemma_4415_sense_6892	high	heuristic-auto: temporal noch (after/still/yet) -- Zeit
WZB_226rb_32_1	lemma_4415_sense_64155	high	heuristic-auto: relational/adversative noch (according to / nor) -- Verhältnis
WZB_226vb_3_0	lemma_4415_sense_64155	high	heuristic-auto: relational/adversative noch (according to / nor) -- Verhältnis
WZB_227va_18_5	lemma_4415_sense_6892	high	heuristic-auto: temporal noch (after/still/yet) -- Zeit
WZB_231rb_17_0	lemma_4415_sense_64155	high	heuristic-auto: relational/adversative noch (according to / nor) -- Verhältnis
WZB_231vb_6_6	lemma_4415_sense_6892	high	heuristic-auto: temporal noch (after/still/yet) -- Zeit
WZB_232ra_21_3	lemma_4415_sense_6892	high	heuristic-auto: temporal noch (after/still/yet) -- Zeit
WZB_232ra_31_5	lemma_4415_sense_64155	high	heuristic-auto: relational/adversative noch (according to / nor) -- Verhältnis
WZB_234ra_26_0	lemma_4415_sense_64155	high	heuristic-auto: relational/adversative noch (according to / nor) -- Verhältnis
WZB_234ra_35_4	lemma_4415_sense_64155	high	heuristic-auto: relational/adversative noch (according to / nor) -- Verhältnis
WZB_235ra_12_1	lemma_4415_sense_64155	high	heuristic-auto: relational/adversative noch (according to / nor) -- Verhältnis
WZB_236ra_18_0	lemma_4415_sense_64155	high	heuristic-auto: relational/adversative noch (according to / nor) -- Verhältnis
WZB_237rb_35_1	lemma_4415_sense_6892	high	heuristic-auto: temporal noch (after/still/yet) -- Zeit
WZB_238ra_3_4	lemma_4415_sense_6892	high	heuristic-auto: temporal noch (after/still/yet) -- Zeit
WZB_238ra_13_4	lemma_4415_sense_64155	high	heuristic-auto: relational/adversative noch (according to / nor) -- Verhältnis
