file;xml_id;form;sigle;pos_prior;grund;vers;kontext
AC1.tei.xml;AC1_3110_9;fro;AC1;ADJ;mehrdeutig: auch lemma_7250;;ich freudenreiches wesens beraubet tegelicher guter lebtage entweret und aller wünnebringender rente geeußert frut und **fro** was ich vormals zu aller stunt kurz und lustsam was mir alle weil tag und
AC1.tei.xml;AC1_27160_14;fro;AC1;ADJ;mehrdeutig: auch lemma_7250;;ee in der ee wolte ich leben die weil lebend were mein leben wünnesam lustsam **fro** und wolgemut ist ein man der ein biderweib hat er wander wo er wander einem
AC2.tei.xml;AC2_4170_1;fro;AC2;ADJ;mehrdeutig: auch lemma_7250;;ich freudenreiches wesens beraubet teglicher guter lebtag enterbet und aller wunnbringenden rent geeussert frut unde **fro** was ich vormals zu aller stunt kurtz und lustsam was mir alle weil tag und
AC2.tei.xml;AC2_43070_12;fro;AC2;ADJ;mehrdeutig: auch lemma_7250;;e in der wolte ich leben die weil ich lept were mein leben wunnsam lustsam **fro** und wolgemut ist ein man der ein biderbes weip hat er wander wo er wander
AC3.tei.xml;AC3_5040_1;fro;AC3;ADJ;mehrdeutig: auch lemma_7250;;ich freudenreiches wesens beraubet tegelicher guter lebetage enterbet vnd aller wunnebringender rente geeussert frut vnd **fro** was ich vormals zu aller stunt kurz vnd lustsam was mir alle weile tag vnd
AC3.tei.xml;AC3_30180_2;fro;AC3;ADJ;mehrdeutig: auch lemma_7250;;als ee in der wolte ich leben die weile lebend were mein leben wunnesam lustsam **fro** vnd wolgemut ist ein man der ein bider weib hat er wandere wo er wander
ATF.tei.xml;ATF_471171060_0;fro;ATF;;mehrdeutig: auch lemma_7250;;gestarb ze abbt erwelt und als das der selb min maister hort wurd er also **fro** das er sich glich uff huob und gen cappel ylte sinen gesellen als ain abt
BRW.tei.xml;BRW_222010_7;fro;BRW;;mehrdeutig: auch lemma_7250;1;ich bin des edeln werden kúniges milte **fro** / dar ine er lebt und da bi pfligt so tugentlicher guete
CRO.tei.xml;CRO_948200_3;fro;CRO;;mehrdeutig: auch lemma_7250;9482;als si ein ander gesahen / si wurden bedenthalben **fro** / die meit nam er zuo im do
CRO.tei.xml;CRO_1260000_5;fro;CRO;;mehrdeutig: auch lemma_7250;12600;denn sust ieman siner gesellen / des was er sin also **fro** / ein hoff wart gebotten do
CRO.tei.xml;CRO_1286400_5;fro;CRO;;mehrdeutig: auch lemma_7250;12864;entruwen ich wolt des e swern / daz ich von mynne nymmer **fro** / wùrd e ich ertrùncke so
CRO.tei.xml;CRO_1370700_3;fro;CRO;;mehrdeutig: auch lemma_7250;13707;wurden sie enpfangen da / nü wart sgoydamur **fro** / da sie an dem mule gesah
CRO.tei.xml;CRO_1380000_3;fro;CRO;;mehrdeutig: auch lemma_7250;13800;mich mynnen das lob ich / des bin ich **fro** und hergib mich / herre hant ir ùch des bedoht
CRO.tei.xml;CRO_1459900_3;fro;CRO;;mehrdeutig: auch lemma_7250;14599;jch enweisz wes er da genosz / gawein des vil **fro** wart / das yme also die jnuart
CRO.tei.xml;CRO_1538200_4;fro;CRO;;mehrdeutig: auch lemma_7250;15382;den se das wùrt nit vermitten / der rede wart gawein **fro** / die naht verswant vnder jne da
CRO.tei.xml;CRO_1593100_4;fro;CRO;;mehrdeutig: auch lemma_7250;15931;den er was geritten e / dirre auentùre was er **fro** / an ein strasze kerte er da
CRO.tei.xml;CRO_1727000_5;fro;CRO;;mehrdeutig: auch lemma_7250;17270;solte vechten mit turno / so were ich nü als **fro** / als sie beyde waren da
CRO.tei.xml;CRO_1799200_3;fro;CRO;;mehrdeutig: auch lemma_7250;17992;er vergab yne die rede da / des wart leygamar **fro** / er ging mit jne in das husz
CRO.tei.xml;CRO_1922700_4;fro;CRO;;mehrdeutig: auch lemma_7250;19227;han als ein dùrres stro / des wurden dise frauwen **fro** / vnd danckten yme alle da
CRO.tei.xml;CRO_1923200_2;fro;CRO;;mehrdeutig: auch lemma_7250;19232;an ymme alles jamers mút / als ein **fro** hertz tuot / das leides gar vergiszet
CRO.tei.xml;CRO_2025900_5;fro;CRO;;mehrdeutig: auch lemma_7250;20259;gawein sin rosz gefing / des wart er von hertzen **fro** / vf das rosz sasz er da
CRO.tei.xml;CRO_2102600_1;fro;CRO;;mehrdeutig: auch lemma_7250;21026;lant vnmuot vnd klage / sint **fro** vnd wol gemuet / wann ùch lip vnd güt
CRO.tei.xml;CRO_2157800_4;fro;CRO;;mehrdeutig: auch lemma_7250;21578;wer mir das reht bekant / des wölt ich ymmer **fro** sin / dwijle ir mir es lieber frùnt min
CRO.tei.xml;CRO_2177500_4;fro;CRO;;mehrdeutig: auch lemma_7250;21775;wann sie es schuoffent also / auch waren sie selbs **fro** / vnd vorchten kein trurikeit drö
CRO.tei.xml;CRO_2229000_5;fro;CRO;;mehrdeutig: auch lemma_7250;22290;ygern vnd dise zwa / auch was er des selber **fro** / das er sie erfunden hett
CRO.tei.xml;CRO_2233100_5;fro;CRO;;mehrdeutig: auch lemma_7250;22331;dwijle es gelobt were also / der mere wart das her **fro** / also bleib die rede da
CRO.tei.xml;CRO_2238700_5;fro;CRO;;mehrdeutig: auch lemma_7250;22387;nach also richer tugend fúr / des was er von hertzen **fro** / by ir vf dem castel da
CRO.tei.xml;CRO_2249900_3;fro;CRO;;mehrdeutig: auch lemma_7250;22499;wann sie von den meren / wurden zuo male **fro** alle / mit vil groszem schalle
CRO.tei.xml;CRO_2294600_4;fro;CRO;;mehrdeutig: auch lemma_7250;22946;vnd yme heyles wunsch enbot / des waren sie alle **fro** / vnd satzten sin lob so ho
CRO.tei.xml;CRO_2334000_5;fro;CRO;;mehrdeutig: auch lemma_7250;23340;als es denn in groszer lieb tuot / vnd wart sin von hertzen **fro** / jn seliclichem bild was sie da
CRO.tei.xml;CRO_2371600_4;fro;CRO;;mehrdeutig: auch lemma_7250;23716;sie ted nach den freuden einen sprung / der mannes hertz tet **fro** / enbor vber ires amijs ho
CRO.tei.xml;CRO_2435000_5;fro;CRO;;mehrdeutig: auch lemma_7250;24350;da sprach min herr gawein / ritter ir sollent **fro** wesen / jr sint ledig vnd genesen
CRO.tei.xml;CRO_2459900_4;fro;CRO;;mehrdeutig: auch lemma_7250;24599;parcifal nam jne da / des wart kay sere **fro** / dar vmb daz er sehe
CRO.tei.xml;CRO_2519000_3;fro;CRO;;mehrdeutig: auch lemma_7250;25190;mit dirre auentùre sa / das wir beydenthalb **fro** / der auentùre bliben
CRO.tei.xml;CRO_2574100_6;fro;CRO;;mehrdeutig: auch lemma_7250;25741;wann von sinem gunde / deswar des wart sie hart **fro** / zü dem kùnige ging sie da
CRO.tei.xml;CRO_2574300_4;fro;CRO;;mehrdeutig: auch lemma_7250;25743;zü dem kùnige ging sie da / vnd batt jne hart **fro** zü sin / sie sprach sún vnd herre min
CRO.tei.xml;CRO_2582000_5;fro;CRO;;mehrdeutig: auch lemma_7250;25820;als er sie gesagte / des were er mit al **fro** / were aber des nit also
CRO.tei.xml;CRO_2607800_6;fro;CRO;;mehrdeutig: auch lemma_7250;26078;vnd batt sie weynen laszen / vnd truren das sie waren **fro** / gynouer muost lachen da
CRO.tei.xml;CRO_2652700_5;fro;CRO;;mehrdeutig: auch lemma_7250;26527;das hat bayngransz vernomen / des ist er von hertzen **fro** / were das nit so steet es so
CRO.tei.xml;CRO_2727500_3;fro;CRO;;mehrdeutig: auch lemma_7250;27275;sin kumber endlich verswant / vnd wart hertzeclichen **fro** / hie mit gingen sie slaffen da
CRO.tei.xml;CRO_2821900_3;fro;CRO;;mehrdeutig: auch lemma_7250;28219;vf von der erden er sie wag / vnd hiesz sie **fro** wesen / jr amijs möhte wol genesen
CRO.tei.xml;CRO_2822100_5;fro;CRO;;mehrdeutig: auch lemma_7250;28221;jr amijs möhte wol genesen / des trostes wart die frauw **fro** / gein fimbeusen kerte er da
CRO.tei.xml;CRO_2876900_6;fro;CRO;;mehrdeutig: auch lemma_7250;28769;mit michelem schall / deswar des was er hart **fro** / gein dem huse kerte er da
CRO.tei.xml;CRO_2881300_3;fro;CRO;;mehrdeutig: auch lemma_7250;28813;nú vant er ein türe verspert / des er hart **fro** wart / vnd wande sie weren dar jnne
CRO.tei.xml;CRO_2961400_5;fro;CRO;;mehrdeutig: auch lemma_7250;29614;dorch disen altherren da / er wart sin aber sitther **fro** / da ime die frauw geseit
CRO.tei.xml;CRO_2986900_4;fro;CRO;;mehrdeutig: auch lemma_7250;29869;mit vil groszem schall / vnd wurden siner zukunfft **fro** / grosz freude huob sich da
DDL.tei.xml;DDL_240_5;fro;DDL;;mehrdeutig: auch lemma_7250;24;uf die gruben kam er do / gwido sach in und was **fro** / und bat in das er im davon
DDL.tei.xml;DDL_520_6;fro;DDL;;mehrdeutig: auch lemma_7250;52;an das seil sprang er do / er kam herus und was gar **fro** / das er also endrunnen was
DDL.tei.xml;DDL_1600_4;fro;DDL;;mehrdeutig: auch lemma_7250;160;do die red der pur vernam also / wolgemuot ward er und **fro** / und nam wider zuo im den stein
DFE.tei.xml;DFE_103_6;fro;DFE;;mehrdeutig: auch lemma_7250;103;das uns niemant tuot unruo / der herre ward der red vil **fro** / von ir gieng er zehand do
DIO.tei.xml;DIO_113_6;fro;DIO;;mehrdeutig: auch lemma_7250;13;eins schönen kindes swanger wart / des wart der keyser in hertzen **fro** / darnach fuogt es sich also
DIO.tei.xml;DIO_716_4;fro;DIO;;mehrdeutig: auch lemma_7250;16;die andern meister sprachent do / üwers rates sint wir **fro** / wenn er ist nütz vnd gefellet vns wol
DIO.tei.xml;DIO_945_5;fro;DIO;;mehrdeutig: auch lemma_7250;45;des keisers tuogentlichen wort / do wurdent sy in hertzen **fro** / vnd begertent vrloups do
DIO.tei.xml;DIO_1122_5;fro;DIO;;mehrdeutig: auch lemma_7250;22;darnach myn hertz teglichen strebt / die keiserin wart der rede **fro** / zuo dem keiser sprach sy do
DIO.tei.xml;DIO_1629_3;fro;DIO;;mehrdeutig: auch lemma_7250;29;vnd by sinem vatter sas / do wart sy **fro** in hertzen grunt / vnd lieff zuo derselben stuont
DIO.tei.xml;DIO_2922_6;fro;DIO;;mehrdeutig: auch lemma_7250;22;vnd wart ein groszes turney do / des wart der ritter in hertzen **fro** / er wapnot sich als in gehort an
DIO.tei.xml;DIO_3326_4;fro;DIO;;mehrdeutig: auch lemma_7250;26;vmmb üwers wibes rede also / jr werdent niemer me **fro** / vnd das uch geschicht gar vil wirsz
DIO.tei.xml;DIO_4134_4;fro;DIO;;mehrdeutig: auch lemma_7250;34;do er ir stimme hort aldo / do wart er jnneclichen **fro** / das sy ir leben noch denn hette
DIO.tei.xml;DIO_4326_5;fro;DIO;;mehrdeutig: auch lemma_7250;26;zuo sinen snuoren anderswo / wie möcht ich iemer werden **fro** / es ist war das ich üch sage
DIO.tei.xml;DIO_4413_4;fro;DIO;;mehrdeutig: auch lemma_7250;13;do sprach der meister aber do / herre ir werdent niemer **fro** / zuo pfande wil ich myn lip üch geben
DIO.tei.xml;DIO_6132_5;fro;DIO;;mehrdeutig: auch lemma_7250;32;er schrey waffen morda jo / niemer me so wird ich **fro** / die wil mir got mins lebens gann
DIO.tei.xml;DIO_6839_6;fro;DIO;;mehrdeutig: auch lemma_7250;39;er grub dar in er vant ez also / des wart er gar geil vnd **fro** / zuo dem kinde lieff er zuo stuont
DIO.tei.xml;DIO_7609_4;fro;DIO;;mehrdeutig: auch lemma_7250;9;die tochter antwurt ir also / muotter ich wird niemer **fro** / von ym ich libes lust nit enhan
DIO.tei.xml;DIO_9316_5;fro;DIO;;mehrdeutig: auch lemma_7250;16;die gabent in ein antwurt so / wir dry wöllent üch machen **fro** / wellent ir vns geben darummb guot
DIO.tei.xml;DIO_9502_7;fro;DIO;;mehrdeutig: auch lemma_7250;2;der erste ritter antwurt also / er sprach ich hoff ich mach üch **fro** / gar nach üwers hertzen gir
DIO.tei.xml;DIO_9524_6;fro;DIO;;mehrdeutig: auch lemma_7250;24;zuo dem dritten gieng ez ouch also / do wart der keiser erst recht **fro** / zuo dem vierden waz ez allez slecht
DIO.tei.xml;DIO_9732_5;fro;DIO;;mehrdeutig: auch lemma_7250;32;vnd sprachent zuo ym also / wir mögent nv niemer werden **fro** / vnser aller kindes kint
DIO.tei.xml;DIO_10542_4;fro;DIO;;mehrdeutig: auch lemma_7250;42;der keiser antwurt im also / meister ir sollent wesen **fro** / ir hant mit üwer rede erworben
DIO.tei.xml;DIO_11209_5;fro;DIO;;mehrdeutig: auch lemma_7250;9;die andern sprachent ouch also / dez wurdent die burger harte **fro** / glich als üwer meister sint
DIO.tei.xml;DIO_12643_6;fro;DIO;;mehrdeutig: auch lemma_7250;43;gesegnot er sin swester do / die hatt er gemacht geil vnd **fro** / do mit er enweg gie
DIO.tei.xml;DIO_12821_5;fro;DIO;;mehrdeutig: auch lemma_7250;21;vrlovp nam der meister do / vnd schiet enweg mit fröuden **fro** / do die keiserin das befant
DIO.tei.xml;DIO_13411_6;fro;DIO;;mehrdeutig: auch lemma_7250;11;nu fuogt ez sich eins tages also / das der küng was geil vnd **fro** / vnd wolt ryten jagen
DIO.tei.xml;DIO_13417_4;fro;DIO;;mehrdeutig: auch lemma_7250;17;der marschalk bereit sich do / vnd was des rytens **fro** / vnd als sy geiagten den gantzen tag
DIO.tei.xml;DIO_13631_4;fro;DIO;;mehrdeutig: auch lemma_7250;31;macht er sich vnd sprach also / frovwe ir sollent wesen **fro** / vnd tuont üch köstlichen an
DIO.tei.xml;DIO_14221_5;fro;DIO;;mehrdeutig: auch lemma_7250;21;der keiser antwurt ir also / ja so werde ich niemer **fro** / der ritter was ein rechter schalk
DIO.tei.xml;DIO_14817_7;fro;DIO;;mehrdeutig: auch lemma_7250;17;das er sich wermet ettwo / er sach ein liecht do wart er **fro** / das bran in dem huettelin
DIO.tei.xml;DIO_15431_5;fro;DIO;;mehrdeutig: auch lemma_7250;31;die frovwe erschrak vnd sprach also / o ritter guot bis fröuden **fro** / ich wil dir wol getruwen
DIO.tei.xml;DIO_15639_4;fro;DIO;;mehrdeutig: auch lemma_7250;39;man seit dem keiser do / herre ir sollent wesen **fro** / vwer svn kvmpt daher gan
DIO.tei.xml;DIO_16130_6;fro;DIO;;mehrdeutig: auch lemma_7250;30;vnd uber das alles nam er do / vatter vnd muoter vnd macht sy **fro** / vnd hat sy by jme ir leben
DIO.tei.xml;DIO_16240_5;fro;DIO;;mehrdeutig: auch lemma_7250;40;er kam snelle vnd liesz ym lingen / sin fründe wurdent in hertzen **fro** / siner zuokuonfft frouweten si sich do
DIO.tei.xml;DIO_16629_6;fro;DIO;;mehrdeutig: auch lemma_7250;29;herre es fueget sich eins mals also / merkent ir mich des were ich **fro** / das der rappe der man
DIO.tei.xml;DIO_17624_5;fro;DIO;;mehrdeutig: auch lemma_7250;24;vnd wart ein stette liebe aldo / vnd wurdent beide in fröuden **fro** / nu söllent ir fürbasz glouben mir
DIO.tei.xml;DIO_18329_3;fro;DIO;;mehrdeutig: auch lemma_7250;29;das sin geselle komen were / er wart so **fro** der mere / das er ym engegen gieng
DIO.tei.xml;DIO_18528_5;fro;DIO;;mehrdeutig: auch lemma_7250;28;wenn in nieman bekannt / vnd was menglich geil vnd **fro** / vnd was grosz wirtschafft do
DIO.tei.xml;DIO_18830_2;fro;DIO;;mehrdeutig: auch lemma_7250;30;in sin selbs küngrich / ludewig was **fro** sicherlich / er sprach alexander geselle min
DIO.tei.xml;DIO_19026_3;fro;DIO;;mehrdeutig: auch lemma_7250;26;starb der rich keiser do / des wart ludewig **fro** / im wart die tochter zuo der e
DIO.tei.xml;DIO_20011_5;fro;DIO;;mehrdeutig: auch lemma_7250;11;si sneid ym selbe für sin essen / des was aber der keiser **fro** / zuo der keiserin sprach er do
DIO.tei.xml;DIO_20241_4;fro;DIO;;mehrdeutig: auch lemma_7250;41;vnd beleib küng alexander do / sy warent sin alle **fro** / er hilt sich ouch sere wiszklich
DIO.tei.xml;DIO_20324_5;fro;DIO;;mehrdeutig: auch lemma_7250;24;sag mynem herren dem küng also / wir sient sin in hertzen **fro** / nit liebers kan er vns getuon
DIO.tei.xml;DIO_20330_1;fro;DIO;;mehrdeutig: auch lemma_7250;30;vnd seit ym die mere / wie **fro** der ritter were / der küng lenger beit nit mer
DIO.tei.xml;DIO_21017_4;fro;DIO;;mehrdeutig: auch lemma_7250;17;sy loptent den suon alle do / sinr wiszheit warent sy **fro** / darnach vnlange fuogt es sich
DIS.tei.xml;DIS_290_6;fro;DIS;;mehrdeutig: auch lemma_7250;29;das dunket mich der nützest rat / die kristen die waren der rede **fro** / und gelobten in das selbig do
DIS.tei.xml;DIS_2390_5;fro;DIS;;mehrdeutig: auch lemma_7250;239;ein untersturz hett er genummen / der rede waren die kristen **fro** / zusamen tratens wider do
DIS.tei.xml;DIS_3130_5;fro;DIS;;mehrdeutig: auch lemma_7250;313;da vingen die kristen an zu lachen / und waren der tagalt alle **fro** / in kreiß macht er sich wider do
DIS.tei.xml;DIS_3910_5;fro;DIS;;mehrdeutig: auch lemma_7250;391;des musten die kristen aber lachen / wann sie waren irs glücks **fro** / das in gelungen was also
DJUM.tei.xml;DJUM_112517_6;fro;DJUM;;mehrdeutig: auch lemma_7250;17;nein schriber schrip / sin tugent in zuchten **fro** belip / wol ir die sin ze trute gert milte ist er unt nicht feige
DME.tei.xml;DME_12109020_6;fro;DME;;mehrdeutig: auch lemma_7250;902;swer sinen gedanche schepfet so / daz er im die sele mache **fro** / und also geschepft siniu wort
DNB.tei.xml;DNB_84101960_6;fro;DNB;;mehrdeutig: auch lemma_7250;196;entriwen sprach der riter do / so wil ich immer wesen **fro** / daz ich iuch niht erslagen han
DNT.tei.xml;DNT_1830_5;fro;DNT;;mehrdeutig: auch lemma_7250;183;der zagel hinwieder sprach / ich bin euwer strauf **fro** / und euwer bösen dro
DNT.tei.xml;DNT_2430_4;fro;DNT;;mehrdeutig: auch lemma_7250;243;der ritter wart unmassen **fro** / er eilt vil balde da
DNT.tei.xml;DNT_3310_5;fro;DNT;;mehrdeutig: auch lemma_7250;331;sehet das tun wir aber san / der rede waren sie alle **fro** / sie sprachen alle gern ja
DRW.tei.xml;DRW_26101680_5;fro;DRW;;mehrdeutig: auch lemma_7250;168;und siner viende dro / do macht ers alle samt **fro** / daz wolde got unser trost
DSW.tei.xml;DSW_920_5;fro;DSW;;mehrdeutig: auch lemma_7250;92;in sin hus gieng er do / die frowe was des vil **fro** / das ir man was komen
DUM.tei.xml;DUM_115_5;fro;DUM;;mehrdeutig: auch lemma_7250;115;da ir mich hapt gelassen vor / der ritter ward der rede **fro** / si beraittent sich nun do
DUM.tei.xml;DUM_316_5;fro;DUM;;mehrdeutig: auch lemma_7250;316;die fraw sprach nicht red also / ich will dich immer machen **fro** / das du muost ain herre sein
DUM.tei.xml;DUM_442_5;fro;DUM;;mehrdeutig: auch lemma_7250;442;ze hof mit grossen eren do / des ward der edel künig **fro** / er enpfieng si schon und wol
EGF.tei.xml;EGF_118100900_6;fro;EGF;;mehrdeutig: auch lemma_7250;90;dem antwrt er also / ich bin iwer rede vil **fro** / ich leist iwer bet und iwern rat
EKO.tei.xml;EKO_98100820_7;fro;EKO;;mehrdeutig: auch lemma_7250;82;der frouden sprach der kunich do / daz du niht lachest und bist **fro** / ich mac niht lachen sprach er
ERA.tei.xml;ERA_86101190_5;fro;ERA;;mehrdeutig: auch lemma_7250;119;næme manz dannoch fur vol / des mohten si wol wesen **fro** / ez stet umbe die frowen so
FGP.tei.xml;FGP_1350_5;fro;FGP;;mehrdeutig: auch lemma_7250;135;neur also an dem gattern leint / der paur wer zornig oder **fro** / der im kein antwurt gab do
FGP.tei.xml;FGP_2750_5;fro;FGP;;mehrdeutig: auch lemma_7250;275;sich also kommen wir sein ab / der meßner was des rates **fro** / seiner frauen volget er do
FLG.tei.xml;FLG_1102110_14;vroewe;FLG;VRB;mehrdeutig: auch lemma_7256;;mich minnet und gere des das ich in mortlich minne ane masse und ane underlas **vroewe** dich min sele wan din leben ist gestorben von minnen dur dich und minne in
FLG1.tei.xml;FLG1_7295480500_0;fro;FLG1;;mehrdeutig: auch lemma_7250;;rúwe koment har zuo mir und bringent mir helige trehene die machen mich súnden ane **fro** diemuetekeit sitzent hie bi mir und tribent homuot und ital ere von mir wenne si
FLG1.tei.xml;FLG1_7295480660_0;fro;FLG1;;mehrdeutig: auch lemma_7250;;maht das si mir nit moegent schaden ich wil úch mit arbeiten bi mir haben **fro** helikeit koment har zuo mir und kússent miner selen munt und wonent in mines herzen
FLG1.tei.xml;FLG1_7295480680_0;fro;FLG1;;mehrdeutig: auch lemma_7250;;miner selen munt und wonent in mines herzen grunt so blibe ich iemer me gesunt **fro** hoffunge ich bitte úch das ir zesamen bindent alle min herzen wunden die mir die
FR1.tei.xml;FR1_5065070_8;fro;FR1;;mehrdeutig: auch lemma_7250;7;kein leit daz wart doch nie so groz ezn würde mit freude gestiuret / ez sol ouch nieman sines heiles sin zu **fro** / daz prüve ich so
FR1.tei.xml;FR1_5092110_2;fro;FR1;;mehrdeutig: auch lemma_7250;11;lachen weinen beide / gein trurec **fro** gein sorgen lust schimpf ane unterscheide / die ane maze weren nicht der maze craft bewache
FR1.tei.xml;FR1_12002040_0;fro;FR1;;mehrdeutig: auch lemma_7250;4;baz so er din erschricke / **fro** ich zu dinem riche / kom tetragrammaton
FR1.tei.xml;FR1_13023030_5;fro;FR1;;mehrdeutig: auch lemma_7250;3;daz sie nicht hoher eren samen / man ist der buze todes **fro** / des möchten sich die lebenden schamen
FR1.tei.xml;FR1_13058020_4;fro;FR1;;mehrdeutig: auch lemma_7250;2;swenn man daz angesichte hat / enpfangen und daz lustlich **fro** / darnach heimliches herzen rat
FR2.tei.xml;FR2_419020_7;fro;FR2;;mehrdeutig: auch lemma_7250;2;ja singe ich als der swan der gein dem ende / so süzen sang gewinnet ein swinendez **fro** / sie tut mir als dem venix den sin brende
FR3.tei.xml;FR3_105218020300_2;fro;FR3;;mehrdeutig: auch lemma_7250;30;lachen weinen beide / gein trurec **fro** gein sorgen lust schimpf ane unterscheide / die ane maze weren nicht der maze craft bewache
FR3.tei.xml;FR3_507201040630_5;fro;FR3;;mehrdeutig: auch lemma_7250;63;nu sta ich hir an varwe bloth / vor waß ich **fro** wann ich dich mochte anblicken / me schal ome rosen straüwen
FR3.tei.xml;FR3_108204030560_3;fro;FR3;;mehrdeutig: auch lemma_7250;56;al zu der stunt / so wer ich **fro** geporn / des pit ich dich du hochste kaiserinne
FR3.tei.xml;FR3_108205010090_3;fro;FR3;;mehrdeutig: auch lemma_7250;9;sant thoman was in india / er was gar **fro** / das im ein schöne potschafft kam von got aldo
FR3.tei.xml;FR3_208205010090_3;fro;FR3;;mehrdeutig: auch lemma_7250;9;sant thomas was in india / der was gar **fro** / das im die säldenreiche potschaff kam allda
FR3.tei.xml;FR3_108214030520_9;fro;FR3;;mehrdeutig: auch lemma_7250;52;ir lop ist so / wer die nu hat der mag wol wesen **fro** / ir zal durchgründet alle ding
FR3.tei.xml;FR3_109205040820_5;fro;FR3;;mehrdeutig: auch lemma_7250;82;domit uns got zu hilffe kam / des wir nu ewig wesen **fro** / bei got in seiner ewigkeit
FR3.tei.xml;FR3_110205040510_3;fro;FR3;;mehrdeutig: auch lemma_7250;51;das er mich zu seinen diensten wolte zwingen / got wer noch **fro** möcht er mit mir gedingen / nu han ich doch sein große crafft
FR3.tei.xml;FR3_111209040660_4;fro;FR3;;mehrdeutig: auch lemma_7250;66;ir edlen sussen frawen do / ir sullet immer wesen **fro** / weip biß mit züchten frölich hie
FR3.tei.xml;FR3_111209101540_6;fro;FR3;;mehrdeutig: auch lemma_7250;154;nu sich wer halff vil **fro** von swere / judit das sie das haupet nam so here
FR3.tei.xml;FR3_211209020180_6;fro;FR3;;mehrdeutig: auch lemma_7250;18;nu sich wer halff vil **fro** uß swere / judith do sie dem heuptman in dem here
FR3.tei.xml;FR3_111210020340_2;fro;FR3;;mehrdeutig: auch lemma_7250;34;die gotheit her sach er also gedriet / und ewig **fro** den hochsten hort so vein
FR3.tei.xml;FR3_112204040490_0;fro;FR3;;mehrdeutig: auch lemma_7250;49;baz so er din erschricke / **fro** ich zu dinem riche / kom tetragrammaton
FR3.tei.xml;FR3_112204101930_0;fro;FR3;;mehrdeutig: auch lemma_7250;193;den ir got selb erwelte / **fro** da mit linder stimme / kam sie zu irem rate
FR3.tei.xml;FR3_112206030570_0;fro;FR3;;mehrdeutig: auch lemma_7250;57;der sonden uz und inne / **fro** komen wir in throne / daz waz des vatters rat
FR3.tei.xml;FR3_114202030400_7;fro;FR3;;mehrdeutig: auch lemma_7250;40;du vii selig weip / des wunsch ich dir an ennde **fro** beleib
GRA.tei.xml;GRA_132102880_5;fro;GRA;;mehrdeutig: auch lemma_7250;288;iedoch ergienc ez also / des sul wir alle wesen **fro** / daz unser der heilige christ
GUW.tei.xml;GUW_136100260_3;fro;GUW;;mehrdeutig: auch lemma_7250;26;des duhte si ein michel teil / der gast wart **fro** und geil / er sprach ir sit ein heilich wip
GUW.tei.xml;GUW_136101120_6;fro;GUW;;mehrdeutig: auch lemma_7250;112;dem chan si sich gelichen so / daz er ir suze wirt so **fro** / daz si in bezzer dunchet danne guot
GWTK.tei.xml;GWTK_15210086500_4;fro;GWTK;;mehrdeutig: auch lemma_7250;865;des ward der unverzagtte man / in sines hertzen sinen **fro** / urlob ward genomen do
GWTK.tei.xml;GWTK_15210088200_4;fro;GWTK;;mehrdeutig: auch lemma_7250;882;wunsten vil hailles in do / ir werde hertzen warend **fro** / ir ritten ward gar balde
GWTK.tei.xml;GWTK_30210175600_5;fro;GWTK;;mehrdeutig: auch lemma_7250;1756;sines gelüks warend do / der hirtt und die hirtin **fro** / lïb was in der junge lib
GWTK.tei.xml;GWTK_34110195800_4;fro;GWTK;;mehrdeutig: auch lemma_7250;1958;kan dir des gelonnen so / daz din raines hertze **fro** / iemer wol beliben mag
GWTK.tei.xml;GWTK_35220203400_2;fro;GWTK;;mehrdeutig: auch lemma_7250;2034;balde zü in tratt er do / mitt lïchtenfarwen **fro** / er völlenklich enpfangen ward
GWTK.tei.xml;GWTK_45110257400_4;fro;GWTK;;mehrdeutig: auch lemma_7250;2574;ward der junge gast all do / des waz daz ingesinde **fro** / die in fröden sassend
GWTK.tei.xml;GWTK_53220306200_5;fro;GWTK;;mehrdeutig: auch lemma_7250;3062;thedalus der ritter do / sprach ir möchten **fro** / von siner kinthaitt sin
GWTK.tei.xml;GWTK_55110313500_4;fro;GWTK;;mehrdeutig: auch lemma_7250;3135;thurnays aventure pflegen / des wurden alle ritter **fro** / die rötten baidenthalben do
GWTK.tei.xml;GWTK_57210329200_4;fro;GWTK;;mehrdeutig: auch lemma_7250;3292;mitt gütter handlung also / daz sy alle wurden **fro** / won wa gütter wille ze tische gatt
GWTK.tei.xml;GWTK_62110356400_4;fro;GWTK;;mehrdeutig: auch lemma_7250;3564;angesechen als ich do / sin hertz wer gewesse **fro** / daz er dich fürbas hett geloptt
GWTK.tei.xml;GWTK_69210401500_3;fro;GWTK;;mehrdeutig: auch lemma_7250;4015;die ritter sich do güften / begunden und warend **fro** / die dem jungen erren do
GWTK.tei.xml;GWTK_72210421100_3;fro;GWTK;;mehrdeutig: auch lemma_7250;4211;da die frowen besunder / sassen und warend **fro** / vil trurenklich bliktte do
GWTK.tei.xml;GWTK_79120458600_4;fro;GWTK;;mehrdeutig: auch lemma_7250;4586;recht also geriett er do / des vil menig hertze **fro** / ward von lïber angesicht
GWTK.tei.xml;GWTK_85110492700_4;fro;GWTK;;mehrdeutig: auch lemma_7250;4927;megtte frowen unde man / waren all aine andren **fro** / paris der fürst bliktte do
GWTK.tei.xml;GWTK_91110529400_4;fro;GWTK;;mehrdeutig: auch lemma_7250;5294;alles ingesinde do / ward der edlen rede **fro** / dü ze der selben stunde
GWTK.tei.xml;GWTK_92210538100_5;fro;GWTK;;mehrdeutig: auch lemma_7250;5381;der tugend ain stetter aidgenoss / von throye ward der rede **fro** / ze dem ritter er aber do
GWTK.tei.xml;GWTK_92210539100_4;fro;GWTK;;mehrdeutig: auch lemma_7250;5391;tett dem küng daz mere kund / tryffon waz der mere **fro** / vier fürsten in do
GWTK.tei.xml;GWTK_99110577900_4;fro;GWTK;;mehrdeutig: auch lemma_7250;5779;ritter fryen dienstman / waren mit der süssen **fro** / daz in lïbe helffe do
GWTK.tei.xml;GWTK_102210597900_4;fro;GWTK;;mehrdeutig: auch lemma_7250;5979;das man üch prisse müsse jechen / sy waren des gebottes **fro** / ze kemonatten ylten sy do
GWTK.tei.xml;GWTK_108210632100_4;fro;GWTK;;mehrdeutig: auch lemma_7250;6321;marcus der fürste hoch gemütt / ward der gesichtte dike **fro** / dü burg mitt süben türmen hoch
GWTK.tei.xml;GWTK_109210638100_4;fro;GWTK;;mehrdeutig: auch lemma_7250;6381;pariss by mengem tag / ward rede nie so **fro** / lob sprach er dem hertzogen do
GWTK.tei.xml;GWTK_109210639700_4;fro;GWTK;;mehrdeutig: auch lemma_7250;6397;paris von fröden uff sprang / daz gesind ward alles **fro** / do er pflag sölicher sprünge hoch
GWTK.tei.xml;GWTK_117210684700_5;fro;GWTK;;mehrdeutig: auch lemma_7250;6847;versenkett in laide / und doch uss der massen **fro** / do es ergangen waz also
GWTK.tei.xml;GWTK_121210708400_5;fro;GWTK;;mehrdeutig: auch lemma_7250;7084;von in des in baiden do / gunde der kaysser vil **fro** / der gehürre furste ward
GWTK.tei.xml;GWTK_126110734700_6;fro;GWTK;;mehrdeutig: auch lemma_7250;7347;wa ich wib dü stättekaitt / gediennen mag des bin ich **fro** / recht min gemütte statt also
GWTK.tei.xml;GWTK_126120735800_1;fro;GWTK;;mehrdeutig: auch lemma_7250;7358;dü mineklich do ward / vil **fro** daz ir dü vart / von dem ritter ward geloptt
GWTK.tei.xml;GWTK_127210744000_6;fro;GWTK;;mehrdeutig: auch lemma_7250;7440;daz sol geschechen sprach do / dü süsse und waz der mere **fro** / paris by ainem ritter vand
GWTK.tei.xml;GWTK_132210772800_5;fro;GWTK;;mehrdeutig: auch lemma_7250;7728;mochten kum ain andren do / der wirtt den edlen gaste **fro** / batt an den selben zitten
GWTK.tei.xml;GWTK_134120782800_3;fro;GWTK;;mehrdeutig: auch lemma_7250;7828;die tätt ich üch sprach aber do / der ellende ritter **fro** / wa ir vindentt den man
GWTK.tei.xml;GWTK_139110810500_3;fro;GWTK;;mehrdeutig: auch lemma_7250;8105;der endeliche ritter gütt / ward gemaitt unde **fro** / sin gemütte daz stünd ho
GWTK.tei.xml;GWTK_146120853700_6;fro;GWTK;;mehrdeutig: auch lemma_7250;8537;daz were mins hertzen höster prisz / und wer sin in dem mütte **fro** / ain schaiden daz ergieng alldo
GWTK.tei.xml;GWTK_153210894400_6;fro;GWTK;;mehrdeutig: auch lemma_7250;8944;vil dik erbliktte do / an dü claider der er **fro** / von innenklichem hertzen was
GWTK.tei.xml;GWTK_156110912800_5;fro;GWTK;;mehrdeutig: auch lemma_7250;9128;getrukett inneklichen do / des ward menig edel ritter **fro** / dü frow zü dem fürsten sprach
GWTK.tei.xml;GWTK_162110948400_6;fro;GWTK;;mehrdeutig: auch lemma_7250;9484;ze dem vil ellenthaften do / sprach daz üwer hertze **fro** / von waren schulden wirtt
GWTK.tei.xml;GWTK_164110958200_3;fro;GWTK;;mehrdeutig: auch lemma_7250;9582;paris mit gütten züchten do / ward der antwurtt **fro** / edel ritter werde
GWTK.tei.xml;GWTK_172211007700_0;fröwen;GWTK;;mehrdeutig: auch lemma_7256;10077;untz er achonys ersach / **fröwen** sich der werde man / von sinen sinnen began
GWTK.tei.xml;GWTK_172211010100_4;fro;GWTK;;mehrdeutig: auch lemma_7250;10101;dü miltte wirtin zartt / waz ires lïben gastes **fro** / ich waiss daz dü weltt also
GWTK.tei.xml;GWTK_175221024900_4;fro;GWTK;;mehrdeutig: auch lemma_7250;10249;und dü mütter sunder hassz / der kaysser gar unmassen **fro** / waz des fürsten kunfte do
GWTK.tei.xml;GWTK_176221032000_3;fro;GWTK;;mehrdeutig: auch lemma_7250;10320;waz der selbe ritter do / menig edel fürste **fro** / ze stund sins gelükes waz
GWTK.tei.xml;GWTK_176221033000_4;fro;GWTK;;mehrdeutig: auch lemma_7250;10330;ein fröde von in allen do / beschach gar inneklichen **fro** / wurden man unde wib
GWTK.tei.xml;GWTK_178111040400_3;fro;GWTK;;mehrdeutig: auch lemma_7250;10404;nieman gab antwurtt do / dem edlen garzun **fro** / sy sachen alle ain ander an
GWTK.tei.xml;GWTK_183211072500_4;fro;GWTK;;mehrdeutig: auch lemma_7250;10725;dü vil edell kaysserin / ward irs vatters siges **fro** / dü starke schumpffentüre do
GWTK.tei.xml;GWTK_184111074700_3;fro;GWTK;;mehrdeutig: auch lemma_7250;10747;da wider aber die gaillen / warend fry unde **fro** / wem och ergangen was also
GWTK.tei.xml;GWTK_191111114000_4;fro;GWTK;;mehrdeutig: auch lemma_7250;11140;die zwen unversertten do / ilten dann und warend **fro** / daz in so wol gelungen waz
GWTK.tei.xml;GWTK_197211151700_5;fro;GWTK;;mehrdeutig: auch lemma_7250;11517;für den tisch in den sal / des ward in sinen hartte **fro** / carpius der gevangen do
GWTK.tei.xml;GWTK_203111184800_4;fro;GWTK;;mehrdeutig: auch lemma_7250;11848;baidentthalb von dannen do / schiedentt sy frölich unde **fro** / die drye wider ze husse ritten
GWTK.tei.xml;GWTK_204221195000_3;fro;GWTK;;mehrdeutig: auch lemma_7250;11950;sy begunden alle do / fragen und warend **fro** / wa die fürsten möchten sin
GWTK.tei.xml;GWTK_208211219300_5;fro;GWTK;;mehrdeutig: auch lemma_7250;12193;uff daz husse in den sal / sy warend all in züchten **fro** / do in sus selleklichen do
GWTK.tei.xml;GWTK_209111220600_4;fro;GWTK;;mehrdeutig: auch lemma_7250;12206;allü dü massnie do / ward von waren schulden **fro** / es ward nie jomer so gelich
GWTK.tei.xml;GWTK_215121257500_6;fro;GWTK;;mehrdeutig: auch lemma_7250;12575;daz tett dü raine wol / und ward sy in ierem hertzen **fro** / mit güttem willen sy do
GWTK.tei.xml;GWTK_217111267000_4;fro;GWTK;;mehrdeutig: auch lemma_7250;12670;lebten als sy tatten do / dü möchten iemer gernne **fro** / billich by ain andren sin
GWTK.tei.xml;GWTK_218111274200_4;fro;GWTK;;mehrdeutig: auch lemma_7250;12742;der fursten riche wirtt do / ward des lïben gastes **fro** / mitt siner fründine
GWTK.tei.xml;GWTK_219111278000_6;fro;GWTK;;mehrdeutig: auch lemma_7250;12780;ze husse fürtte der fürste do / sin geste und waz ir **fro** / uff ainen rilichen sal
GWTK.tei.xml;GWTK_221221295200_3;fro;GWTK;;mehrdeutig: auch lemma_7250;12952;und ir dienner wurden do / von der ougenwaide **fro** / hector ain aventür kund
GWTK.tei.xml;GWTK_226221323800_4;fro;GWTK;;mehrdeutig: auch lemma_7250;13238;der rede ward der junge do / in sines hertzen grunde **fro** / der rede ward under in getagtt
GWTK.tei.xml;GWTK_227111326200_1;fro;GWTK;;mehrdeutig: auch lemma_7250;13262;der rede ward dü gütte / hartte **fro** in ierem mütte / nun waz der küng priamus
GWTK.tei.xml;GWTK_228211333600_5;fro;GWTK;;mehrdeutig: auch lemma_7250;13336;die wurden ze fröden do / ermantt ir aller sinne **fro** / ze fröden und ze richer tatt
GWTK.tei.xml;GWTK_238121391500_4;fro;GWTK;;mehrdeutig: auch lemma_7250;13915;die ich dir fürst han genantt / der rede ward unmassen **fro** / der vil riche kaisser do
GWTK.tei.xml;GWTK_241121409000_5;fro;GWTK;;mehrdeutig: auch lemma_7250;14090;das duchte die fürsten alle do / gütt und waren des rattes **fro** / ains tages do der kayser sass
GWTK.tei.xml;GWTK_247111442400_5;fro;GWTK;;mehrdeutig: auch lemma_7250;14424;alles troye daz ward do / von in in rechter kunste **fro** / sy tatten es von schulden
GWTK.tei.xml;GWTK_250211461000_6;fro;GWTK;;mehrdeutig: auch lemma_7250;14610;ulixes sprach aber do / kaysser du machtt werden **fro** / vil wol ob du selber wiltt
GWTK.tei.xml;GWTK_254211485600_4;fro;GWTK;;mehrdeutig: auch lemma_7250;14856;daz geschmide er in do / antwurtte sy waren **fro** / und hetten wunne denochtt mer
GWTK.tei.xml;GWTK_254211486500_4;fro;GWTK;;mehrdeutig: auch lemma_7250;14865;sinner fründe kunft vernan / des ward er innenklich **fro** / die erwelten er do
GWTK.tei.xml;GWTK_255111487900_4;fro;GWTK;;mehrdeutig: auch lemma_7250;14879;und kranker fröde pflag / der wunde waz unmassen **fro** / do er ersach sin künne do
GWTK.tei.xml;GWTK_261111525200_3;fro;GWTK;;mehrdeutig: auch lemma_7250;15252;ulixes hett geton also / hercules der ritter **fro** / ward do er den herren sach
GWTK.tei.xml;GWTK_262221533200_3;fro;GWTK;;mehrdeutig: auch lemma_7250;15332;gegen dem lande sy do / mitt willigem mütte **fro** / kertten segel unde mast
GWTK.tei.xml;GWTK_263111534800_4;fro;GWTK;;mehrdeutig: auch lemma_7250;15348;des ward in mannes sinnen do / der künne ritter vil **fro** / die ungetrüwen rotten
GWTK.tei.xml;GWTK_263221539400_2;fro;GWTK;;mehrdeutig: auch lemma_7250;15394;warend ires gevelles do / alle unmessenklichen **fro** / sy wurden gar in kurtzer stund
GWTK.tei.xml;GWTK_266211554600_4;fro;GWTK;;mehrdeutig: auch lemma_7250;15546;ward des gesindes do / in sines hertzen grunde **fro** / frölich er gegen dem stade gie
GWTK.tei.xml;GWTK_266211555500_7;fro;GWTK;;mehrdeutig: auch lemma_7250;15555;wie es ergangen were / sy sprach da soltu wessen **fro** / und lausse din gemütte ho
GWTK.tei.xml;GWTK_267211562200_4;fro;GWTK;;mehrdeutig: auch lemma_7250;15622;antinuss der kunge do / waz mitt sinen gesten **fro** / lipplichen er sy dicke
GWTK.tei.xml;GWTK_269121571000_2;fro;GWTK;;mehrdeutig: auch lemma_7250;15710;dar zü tüch von syden braitt / sy wurden **fro** und gemaitt / suss ward och mitt sinne
GWTK.tei.xml;GWTK_272211589800_5;fro;GWTK;;mehrdeutig: auch lemma_7250;15898;suss erwaktte er in do / und saitte im gütte mere **fro** / ulixes waz von schwere komen
GWTK.tei.xml;GWTK_275121605200_4;fro;GWTK;;mehrdeutig: auch lemma_7250;16052;uff daz mere sy füren do / ires hailles sy gemaine **fro** / warend alle geliche
GWTK.tei.xml;GWTK_280211637000_3;fro;GWTK;;mehrdeutig: auch lemma_7250;16370;in den kïlle alle do / trautten züchtig unde **fro** / mitt willigem mütte
GWTK.tei.xml;GWTK_283221653100_4;fro;GWTK;;mehrdeutig: auch lemma_7250;16531;sines herren zü kunft vernam / der held ward innenklichen **fro** / sin gemütte stünd im hoch
GWTK.tei.xml;GWTK_286111667400_2;fröwen;GWTK;;mehrdeutig: auch lemma_7256;16674;vil mangen usserwelten man / dü harbpffe **fröwen** do began / sich hüb da michel singen
GWTK.tei.xml;GWTK_286111667800_3;fro;GWTK;;mehrdeutig: auch lemma_7250;16678;der vil werde schyro / machett daz gesinde **fro** / achyles für den wirtt tratt
GWTK.tei.xml;GWTK_288121679200_4;fro;GWTK;;mehrdeutig: auch lemma_7250;16792;wurden sy enpfangen do / von irem lïben heren **fro** / gemaine helffe unverspartt
GWTK.tei.xml;GWTK_289111684600_5;fro;GWTK;;mehrdeutig: auch lemma_7250;16846;die hiesse er im triben do / daz er by im belibe **fro** / schyro macht in one zill
GWTK.tei.xml;GWTK_289121685200_3;fro;GWTK;;mehrdeutig: auch lemma_7250;16852;des wurden alle die crïchen / der gemaitt unde **fro** / eines tages schiro
GWTK.tei.xml;GWTK_292111702000_5;fro;GWTK;;mehrdeutig: auch lemma_7250;17020;der kaysser zü der magte do / sprach mit züchten und waz **fro** / daz sy verfüren wollt die diett
GWTK.tei.xml;GWTK_293211711200_8;fro;GWTK;;mehrdeutig: auch lemma_7250;17112;nitt enspartte lenger do / er sprach fürste du solt **fro** / wessen miner angesichtt
GWTK.tei.xml;GWTK_298111738400_4;fro;GWTK;;mehrdeutig: auch lemma_7250;17384;hector sprach mit züchten do / zü sinem erwelten kempfer **fro** / ir herre werbend sunder nott
GWTK.tei.xml;GWTK_303111767000_6;fro;GWTK;;mehrdeutig: auch lemma_7250;17670;owe sprach der kaysser do / wie sol ich iemer werden **fro** / des daz du stritt nit ensparst
GWTK.tei.xml;GWTK_305221781300_4;fro;GWTK;;mehrdeutig: auch lemma_7250;17813;paris sprach diner hulden / bin ich dik gewessen **fro** / sid es denne statt also
GWTK.tei.xml;GWTK_309111801300_5;fro;GWTK;;mehrdeutig: auch lemma_7250;18013;sid daz din hertz manhaitt gertt / des ward der edel fürste **fro** / daz im da daz gelüke do
GWTK.tei.xml;GWTK_312211821900_5;fro;GWTK;;mehrdeutig: auch lemma_7250;18219;üch vil schöne tüge geritten / der rede ward der ellend **fro** / daz im der werde kaisser do
GWTK.tei.xml;GWTK_321221875300_0;fro;GWTK;;mehrdeutig: auch lemma_7250;18753;me niemer werden / **fro** als ich gewesen bin / din sterben nimpt mir minen sin
GWTK.tei.xml;GWTK_322221880000_5;fro;GWTK;;mehrdeutig: auch lemma_7250;18800;die fürsten die wurden do / sichtig ain ander hartte **fro** / waz ir manliche gemütte
GWTK.tei.xml;GWTK_329111916000_4;fro;GWTK;;mehrdeutig: auch lemma_7250;19160;waren all sunder do / von ires hertzen grunde **fro** / alsus der künne ritter zartt
GWTK.tei.xml;GWTK_332211936300_4;fro;GWTK;;mehrdeutig: auch lemma_7250;19363;alle nach maister schefte pflegen / als den edlen ritter **fro** / hett gelertt sin maister schyro
GWTK.tei.xml;GWTK_333121939200_6;fro;GWTK;;mehrdeutig: auch lemma_7250;19392;lag der held gestracks do / des ward der fürste von troye **fro** / in row sins brüder arbaitt
GWTK.tei.xml;GWTK_335121953200_5;fro;GWTK;;mehrdeutig: auch lemma_7250;19532;daz geviell in allen do / des ward der falsche fürste **fro** / morgens do der tag uff brach
GWTK.tei.xml;GWTK_336211961300_5;fro;GWTK;;mehrdeutig: auch lemma_7250;19613;won min sprach der usserlessen / das selbe gehiess mir **fro** thedis / ich sölte sin wesen gewiss
GWTK.tei.xml;GWTK_357112079700_5;fro;GWTK;;mehrdeutig: auch lemma_7250;20797;kertte für bas in daz schloss / sin hertz waz des siges **fro** / in ainen salle kertt er do
GWTK.tei.xml;GWTK_362112109700_4;fro;GWTK;;mehrdeutig: auch lemma_7250;21097;sattel by zame funde / des ward sy innenklichen **fro** / in irem rainen hertzen do
GWTK.tei.xml;GWTK_364222124200_5;fro;GWTK;;mehrdeutig: auch lemma_7250;21242;sich satzte daz im geschech also / des wer min senftes hertze **fro** / gabal sin baldes ende koss
GWTK.tei.xml;GWTK_372122170200_4;fro;GWTK;;mehrdeutig: auch lemma_7250;21702;der rede ward dü elter do / in ires hertzen grunde **fro** / ab der zinnen wönneklich
GWTK.tei.xml;GWTK_372122170600_4;fro;GWTK;;mehrdeutig: auch lemma_7250;21706;hern iason sy enpfiengen do / und warend siner künfte **fro** / iedoch so ward an in gelaitt
GWTK.tei.xml;GWTK_376122193600_6;fro;GWTK;;mehrdeutig: auch lemma_7250;21936;gnade ain herre sprach sy do / so wirde ich niemer libes **fro** / des ir mich gebetten hand
GWTK.tei.xml;GWTK_382122228900_5;fro;GWTK;;mehrdeutig: auch lemma_7250;22289;nach grossem laide ward sy **fro** / sy kertte mit dem clainen do
GWTK.tei.xml;GWTK_385212248300_5;fro;GWTK;;mehrdeutig: auch lemma_7250;22483;wil der lïben frowen min / die fürsten waren ain andren **fro** / in achaya hüb sich do
GWTK.tei.xml;GWTK_391112279800_5;fro;GWTK;;mehrdeutig: auch lemma_7250;22798;wie maint ir daz sprach er do / unrechtz wird ich niemer **fro** / wa ich daz rechtt erkennen kan
GWTK.tei.xml;GWTK_392212290000_5;fro;GWTK;;mehrdeutig: auch lemma_7250;22900;mitt ir massnie do / des ward der troysche fürste **fro** / dü kungin und priamus
GWTK.tei.xml;GWTK_403112351000_5;fro;GWTK;;mehrdeutig: auch lemma_7250;23510;von in gar wechssenlichen do / sy waren all ain andren **fro** / dü raine on alle schande
GWTK.tei.xml;GWTK_405112361300_5;fro;GWTK;;mehrdeutig: auch lemma_7250;23613;min erbe ie nitt gewinnen / nie tages ward ich also **fro** / denn daz er mich in erstrolo
GWTK.tei.xml;GWTK_408112378900_3;fro;GWTK;;mehrdeutig: auch lemma_7250;23789;hette der küng vil helden da / der fürste waz **fro** unde gail / daz der kaisser halben taill
GWTK.tei.xml;GWTK_411212399400_4;fro;GWTK;;mehrdeutig: auch lemma_7250;23994;hüb sich frölichen do / des siges warend alle **fro** / der aber in dem ellende
GWTK.tei.xml;GWTK_413112409300_4;fro;GWTK;;mehrdeutig: auch lemma_7250;24093;vor innen allen do wartt / des waz er innenklichen **fro** / zü sinem rosse gieng er do
GWTK.tei.xml;GWTK_428112497000_7;fro;GWTK;;mehrdeutig: auch lemma_7250;24970;mit gütte grüst er in do / er sprach herre wesend **fro** / üch hatt bottschaft in daz land
GWTK.tei.xml;GWTK_430212511600_4;fro;GWTK;;mehrdeutig: auch lemma_7250;25116;der arge kaisser nero / des nieman dorfte wesen **fro** / der waz gewaltig daz ist war
HMT.tei.xml;HMT_17100_7;fro;HMT;;mehrdeutig: auch lemma_7250;;der küng nach seiner tohter medea daz siu zu im kom diu tohter waz dez **fro** und clait sich ze mal wol und kom und sazz zu irem vater do sprach
HMT.tei.xml;HMT_19110_11;fro;HMT;;mehrdeutig: auch lemma_7250;;daz gehaizz ich iu mit luter und unzerbrecher triu der red ward medea ze mal **fro** und anttwurt im also fründ jason der deinen gelübt wil ich daz du mich der
HMT.tei.xml;HMT_25240_6;fro;HMT;;mehrdeutig: auch lemma_7250;;daz jason daz het gewunnen wider die hut dez gotz martis medea diu waz vil **fro** und gieng auch daz si jasonen sach und hät im gern wär ez zimlich gewesen
HMT.tei.xml;HMT_44170_0;fro;HMT;;mehrdeutig: auch lemma_7250;;und erzaigtend sich in allen sachen willig sein dem küng dez ward der küng priamus **fro** und stund im do sein sin und mut wie er sich an den kriechen moht
HUG.tei.xml;HUG_60290_2;fro;HUG;;mehrdeutig: auch lemma_7250;29;das bekrenkt mir den mút / mitt willen **fro** des bin ich zwár / wann ich sich an dir ítel recht
HUG.tei.xml;HUG_60450_2;fro;HUG;;mehrdeutig: auch lemma_7250;45;das ist och dik beschehen / mitt wíllen **fro** des bin ich zwár / wann ich sich an dir ítel recht
HUG.tei.xml;HUG_290010_1;fro;HUG;;mehrdeutig: auch lemma_7250;1;**fro** welt ir sint gar húpsch und schón / und ewer lon fúr nichte
HUG.tei.xml;HUG_290810_1;fro;HUG;;mehrdeutig: auch lemma_7250;81;**fro** welt wend ir vergessen got / es wirt euch gerewen am iungsten tag
HUG.tei.xml;HUG_390080_6;fro;HUG;;mehrdeutig: auch lemma_7250;8;kem mir desselben flamen fúre / so wurd ich zwar ín herrtzen **fro** / wann an des hilff mag es nít bestan
HUG.tei.xml;HUG_390490_7;fro;HUG;;mehrdeutig: auch lemma_7250;49;und geschach daz sicher on alls belangen / síe ward des erhócht und von hertzen **fro** / díe engel sungen kyríeleýson
HUG.tei.xml;HUG_390690_5;fro;HUG;;mehrdeutig: auch lemma_7250;69;er gab dír zwar die sele sin / des ward er in hiemelrych **fro** / des las mích geníeßen herr ihesu crist
HUG.tei.xml;HUG_390860_6;fro;HUG;;mehrdeutig: auch lemma_7250;86;des erwarb sie din gottlich sun / síe ward des zwar ín hertzen **fro** / herr las mích des auch werden innen
HUG.tei.xml;HUG_391190_7;fro;HUG;;mehrdeutig: auch lemma_7250;119;und da abraham bat fur síe herr las sy frý / las ab din zorn und mach síe **fro** / abraham besích ob keyner onder ín sý
KVO.tei.xml;KVO_500800_3;fro;KVO;;mehrdeutig: auch lemma_7250;8;denne die vom stro / machen die lute **fro** / ez ist ein edelliche stiuer
LZT.tei.xml;LZT_79270_3;fro;LZT;;mehrdeutig: auch lemma_7250;7;und fragt seins namens und auch macht / das er wer **fro** des muetes durch ir mynne
LZT.tei.xml;LZT_104250_5;fro;LZT;;mehrdeutig: auch lemma_7250;5;hört das er was des leibes unverdorben / do ward er nie so **fro** in menigen jaren / all erst man ritter vallen sach
MAN.tei.xml;MAN_792_7;frô;MAN;;mehrdeutig: auch lemma_7250;792;ach leides wê waz ich tuo / disiu sprach ich wirdes niemer **frô** / sô wurben mit einander zwô
MLB.tei.xml;MLB_100_3;fro;MLB;;mehrdeutig: auch lemma_7250;10;künt es iemants getichten pas / des wer ich **fro** tet er das / und künt sein wol gelachen
MLB.tei.xml;MLB_600_3;fro;MLB;;mehrdeutig: auch lemma_7250;60;dasselb was ir auch nit lait / und was ausdermosen **fro** / behent liste vand sie do
MML.tei.xml;MML_11720_15;fro;MML;;mehrdeutig: auch lemma_7250;20;adamin nam er bi der hant daz was sin erstir erdin cloz / er half ieme same duo uns god mit ieme ane alliz ende **fro**
MML.tei.xml;MML_60214_14;fro;MML;;mehrdeutig: auch lemma_7250;14;daz ich hie leb also / und ich mich halt in dinem dienst daz myn der dufel it werd **fro** / so wir zuo samen komen uff den juongestlichen tag
MNB.tei.xml;MNB_3013590_5;fro;MNB;;mehrdeutig: auch lemma_7250;1359;von rechter lieb drucket smertz / daz sie den leydes machen **fro** / mit wider mynne und doch also
MNB.tei.xml;MNB_3030090_7;fro;MNB;;mehrdeutig: auch lemma_7250;3009;hie fur die burk dem kinde / do daz geschach daz kint wart **fro** / ez sprach zu sinem gesinde do
MNB.tei.xml;MNB_3044320_6;fro;MNB;;mehrdeutig: auch lemma_7250;4432;dem hertzen min ich weiz wol wo / mit der so waz ich dicke **fro** / mit eren wo ich zu ir kom
MR1.tei.xml;MR1_10221115800_4;fro;MR1;;mehrdeutig: auch lemma_7250;1158;das nünd geböt daß lut also / mit züchten soltu weßen **fro** / und der frowen gehorsam sin
MR1.tei.xml;MR1_10272154200_0;fröwen;MR1;;mehrdeutig: auch lemma_7256;1542;sunder wie er guot gewin / **fröwen** muot will haben die minn / zwar kainer recht lieb tregt
MR1.tei.xml;MR1_10311172300_6;fröwen;MR1;;mehrdeutig: auch lemma_7256;1723;ob sie dich tröst mit irer huld / daß wir sie bitten die **fröwen** din / will sie vor schand behüttet sin
MR1.tei.xml;MR1_20342005600_2;fröwen;MR1;;mehrdeutig: auch lemma_7256;56;und mag niemand rech ön mich / inder welt **fröwen** sich / mich umb fahen ermlin wiß
MR1.tei.xml;MR1_30561036800_2;fröwen;MR1;;mehrdeutig: auch lemma_7256;368;ich muoß näch lust der lieb stellen / und mich **fröwen** mins gesellen / und nit sehen claffen an
MR1.tei.xml;MR1_60972012100_4;fro;MR1;;mehrdeutig: auch lemma_7250;121;da von din hercze freude lat / also enwirst du nymmer **fro** / die frawe zörniclich do
MR1.tei.xml;MR1_61002024900_5;fro;MR1;;mehrdeutig: auch lemma_7250;249;daz mich sin mynne hette enzuont / mit guter geselleschafft bin ich **fro** / dar under ich mich hüten so
MR1.tei.xml;MR1_61011028200_5;fro;MR1;;mehrdeutig: auch lemma_7250;282;wan ez stet leider nuo also / ist ein frawe mit yman **fro** / mit welchem sie ez nit entuot
MR1.tei.xml;MR1_61062052100_5;fro;MR1;;mehrdeutig: auch lemma_7250;521;sült nuo der mynnen stür nit fruomen / so enwürde kein hercze nymmer **fro** / wie noch cunrat wie verstu so
MR1.tei.xml;MR1_71162039200_9;fro;MR1;;mehrdeutig: auch lemma_7250;392;die fraw snelle antwürte do / si sprach nuo enwart ich nye so **fro** / als daz ich dich han bekert
MR1.tei.xml;MR1_91371013200_3;fro;MR1;;mehrdeutig: auch lemma_7250;132;mich nuo vertriben / ir mügt noch **fro** beliben / swy joch der valke si verlorn
MR2.tei.xml;MR2_6383200132100_4;fro;MR2;;mehrdeutig: auch lemma_7250;132;wan ich mich benugen las / unnd bin von nicht **fro** / wenn myn gemüt stet also
MR2.tei.xml;MR2_6383200146100_3;fro;MR2;;mehrdeutig: auch lemma_7250;146;du weist nit wie es sin dag verczert / sust ist stet **fro** das hercz myn / die ander sprach das las sin
MR2.tei.xml;MR2_10468200143100_5;fro;MR2;;mehrdeutig: auch lemma_7250;143;so find man manchen stolczen degen / den ein fraw dut machen **fro** / der sich auch lat sehenn also
MR2.tei.xml;MR2_16129100085100_5;fro;MR2;;mehrdeutig: auch lemma_7250;85;ir redenn glich aim kindelin / wie movcht mich ain machen **fro** / sid ir min gedenck nün wissen so
MR2.tei.xml;MR2_16131100162100_4;fro;MR2;;mehrdeutig: auch lemma_7250;162;solt den sin dienst verfachen also / das die frowen mecht **fro** / ainr under aim kutzhuot
MR2.tei.xml;MR2_33288100195100_6;fro;MR2;;mehrdeutig: auch lemma_7250;195;auch beleibt nit untterwegen / des manig fraw vil offt wirt **fro** / frosel vonn lednitz rett also es folgen in allen hss verschiedene schlußverse der schreiber in st
MRL.tei.xml;MRL_60304_2;fro;MRL;;mehrdeutig: auch lemma_7250;4;wil ich leren daz / er si **fro** dar zuo gemeit / sich niht sere sen
NAR.tei.xml;NAR_102900_5;fro;NAR;;mehrdeutig: auch lemma_7250;29;so kan ich jta sprechen jo / des tütschen orden bin ich **fro** / dann jch gar wenig kan latin
NAR.tei.xml;NAR_2703100_5;fro;NAR;;mehrdeutig: auch lemma_7250;31;das gelt das ist verzeret do / der truckery sint wir dann **fro** / vnd das man lert vfftragen wyn
NAR.tei.xml;NAR_2901100_7;fro;NAR;;mehrdeutig: auch lemma_7250;11;vnd kan sagen / der dett also / / der was zuo wild / der seltten **fro** / der hatt diß / vnd der jhens gethan
NEIC.tei.xml;NEIC_8906050_5;fro;NEIC;;mehrdeutig: auch lemma_7250;5;des bedarf ich wol / ich wer mit euch gern **fro** / nu wil mich vertreiben
NEIC.tei.xml;NEIC_9508070_2;fro;NEIC;;mehrdeutig: auch lemma_7250;7;das ist on laugen / ich was **fro** mein hercz das stund in stricken / wann sie warf den slaier also dicken
NEIC.tei.xml;NEIC_10106130_3;fro;NEIC;;mehrdeutig: auch lemma_7250;13;oder ich het albegen ein newes herczenlaidt / und bin doch **fro** in grossem meinem sere / von der guten die mir lieb in dem herczen traitt
NEIC.tei.xml;NEIC_10401030_2;fro;NEIC;;mehrdeutig: auch lemma_7250;3;- schier so / wurd ich **fro** - / sprach sie nach den hulden ich da singe
NEIC.tei.xml;NEIC_10501080_2;fro;NEIC;;mehrdeutig: auch lemma_7250;8;recht alda / wir da **fro** / bey einander warn
NEIC.tei.xml;NEIC_10802070_8;fro;NEIC;;mehrdeutig: auch lemma_7250;7;mich vehent ane schuld der ich selten ye vergaß / es ist wunder das ymmer ein weill **fro** beleib / seitt das mich die gut in ungenaden hatt
NEIC.tei.xml;NEIC_10905030_2;fro;NEIC;;mehrdeutig: auch lemma_7250;3;ye laider vnd auch laider das pin ich ir das ist mir laidt / pin ich **fro** das kumpt von einem herczenlieben wan / seit sie mir gnade vnd alles gut widersaitt
NEIC.tei.xml;NEIC_11702140_9;fro;NEIC;;mehrdeutig: auch lemma_7250;14;in meinem herczen taugen - / das ich von aller werlt der wirdigkait pin so **fro**
NEIC.tei.xml;NEIC_12308120_5;fro;NEIC;;mehrdeutig: auch lemma_7250;12;ir sult wissen aller kriegen gold / kúnd ein hercz nit so **fro** machen / als rayner weib mynne das ist ein freuden werder solt
NEIC.tei.xml;NEIC_12710160_0;fro;NEIC;;mehrdeutig: auch lemma_7250;16;wúrd lasse / **fro** súng ich / wol mir zu rubental
NEIM.tei.xml;NEIM_806020_1;fro;NEIM;;mehrdeutig: auch lemma_7250;2;diu muoter sprach har fiur us grossem zorne / **fro** tohter lât die rede besten bis morne / es mag tala niht gesin
NEIM.tei.xml;NEIM_2503080_8;fro;NEIM;;mehrdeutig: auch lemma_7250;8;dur daz wil ich ir minne gerne varen / mir waz so wol ich sah si **fro** gebaren / do ich bi ir was
NEIM.tei.xml;NEIM_2505020_3;fro;NEIM;;mehrdeutig: auch lemma_7250;2;ir pirnmost den trank ich also swinde / des was si **fro** / do sang ich uns beiden gar genuoc
NLA.tei.xml;NLA_1620_7;fro;NLA;;mehrdeutig: auch lemma_7250;2;nv verspriche ez niht ze sere sprach aber ir muoter do / solt dv immer herzenliche zer werlde werden **fro** / daz geschiht von mannes minne dv wirst ein schoene wip
NLA.tei.xml;NLA_27420_6;fro;NLA;;mehrdeutig: auch lemma_7250;2;des wil ich gerne volgen sprach der kvnich do / alle die ez erfvnden warns harte **fro** / ern bot ez froun uoden vnd ir tohter wolgetan
NLA.tei.xml;NLA_34020_8;fro;NLA;;mehrdeutig: auch lemma_7250;2;div mære wesse ich gerne sprach der kunich do / ê wir hinnen füern des wer ich harte **fro** / waz wir chleider solden vor prunhilde tragen
NLA.tei.xml;NLA_72101_5;fvrn;NLA;;Belegbasis zu duenn: 1 annotierte Belege, Schwelle 5;h_1;wie si ze der hohzit **fvrn**
OSW.tei.xml;OSW_502_6;fro;OSW;;mehrdeutig: auch lemma_7250;502;der maister hort die red do / des ward er aus der massen **fro** / im was nicht mer schwär
OSW.tei.xml;OSW_1288_6;fro;OSW;;mehrdeutig: auch lemma_7250;1288;als der rab die red erhort do / do ward er aus der massen **fro** / der ainsidel nam daz vingerlein in sein hant
OSW.tei.xml;OSW_2130_6;fro;OSW;;mehrdeutig: auch lemma_7250;2130;do sant oswalt die red erhort do / do ward er aus der massen **fro** / er sprach darumb wil ich euch leihen und geben
OSW.tei.xml;OSW_2294_6;fro;OSW;;mehrdeutig: auch lemma_7250;2294;do sand oswalt erhort die red do / do ward er aus der massen **fro** / von grossen fräuden er erschrikt
OSW.tei.xml;OSW_2343_4;fro;OSW;;mehrdeutig: auch lemma_7250;2343;wie ich sull gewinnen die kunigein / davon seit nür alle **fro** / und wurcht dem hirschen guldein clo
OSW.tei.xml;OSW_2363_4;fro;OSW;;mehrdeutig: auch lemma_7250;2363;so gewin ich leucht die kungin guot / die goltschmid wurden alle **fro** / und worchten im guldein clo
OSW.tei.xml;OSW_2418_6;fro;OSW;;mehrdeutig: auch lemma_7250;2418;do si die red erhorten do / do wurden si aus der massen **fro** / von dem pett si sprungen
OSW.tei.xml;OSW_2638_6;fro;OSW;;mehrdeutig: auch lemma_7250;2638;als si die red erhorten do / do wurden si alle von hertzen **fro** / von den herren allen
PTS.tei.xml;PTS_1310720_4;fro;PTS;;mehrdeutig: auch lemma_7250;72;ich haizze cogitacio / ofte traurige selten **fro** / gedanc ist mein dewtscher nam
RBE.tei.xml;RBE_340_6;fro;RBE;;mehrdeutig: auch lemma_7250;34;mit der so lebet er also / das sy sin ward vil selten **fro** / er hat ein gewonheit
RUT.tei.xml;RUT_126101140_3;fro;RUT;;mehrdeutig: auch lemma_7250;114;des bindestu noch hiute ein seil / do wart er **fro** und geil / daz er da under solde sehen
RVBR.tei.xml;RVBR_170_6;frô;RVBR;;mehrdeutig: auch lemma_7250;170;dô stuont er ûf und rette alsô / fürste hêr bis iemer **frô** / umb daz keiserlîche leben
RVBR.tei.xml;RVBR_1701_1;frô;RVBR;;mehrdeutig: auch lemma_7250;1701;nein zwâre ich mac niemer / werden **frô** die wil ich lebe / ez kume denn sô hôhiu gebe
RVBR.tei.xml;RVBR_2530_2;frô;RVBR;;mehrdeutig: auch lemma_7250;2530;liebes ân und doch alsô / êweclîche wesen **frô** / dur iuch kiuschen reinen
RVBR.tei.xml;RVBR_2666_7;frô;RVBR;;mehrdeutig: auch lemma_7250;2666;nu wil er sus nu wil er sô / nu ist er trûric nu denn **frô** / nu wil er diz nu wil er daz
RVBR.tei.xml;RVBR_2818_2;frô;RVBR;;mehrdeutig: auch lemma_7250;2818;die herren sament alle / und wâren **frô** mit schalle / morgen dô der tac ûf brach
RVBR.tei.xml;RVBR_4286_5;frô;RVBR;;mehrdeutig: auch lemma_7250;4286;des neig er ir und sprach alsô / ich wil iemer wesen **frô** / ûf die hôhe zuoversiht
RVBR.tei.xml;RVBR_4586_0;frô;RVBR;;mehrdeutig: auch lemma_7250;4586;sprach er daz ich niemer mac / **frô** belîben halben tac / ich muoz in sorgen trûren
RVBR.tei.xml;RVBR_4682_0;frô;RVBR;;mehrdeutig: auch lemma_7250;4682;süezen gingen siuret / **frô** gemüete tiuret / und liebet leitlîch ungemach
RVBR.tei.xml;RVBR_4826_5;frô;RVBR;;mehrdeutig: auch lemma_7250;4826;trûrte in dem sinne / wâ sint ir nu **frô** minne / waz went ir nu hie schicken
RVBR.tei.xml;RVBR_5732_6;frô;RVBR;;mehrdeutig: auch lemma_7250;5732;der künic antwurt ir alsô / töhterlîn des bin ich **frô** / daz du dich alsô wol enstâst
RVBR.tei.xml;RVBR_5752_5;frô;RVBR;;mehrdeutig: auch lemma_7250;5752;und hât verjâmert sich alsô / daz in nie kein mensche **frô** / noch froelîch erlachen sach
RVBR.tei.xml;RVBR_6083_0;frô;RVBR;;mehrdeutig: auch lemma_7250;6083;mîn ouge niemer dich gesiht / **frô** noch friuntlîchen an / wilt du mich sîn niht erlân
RVBR.tei.xml;RVBR_6310_4;frô;RVBR;;mehrdeutig: auch lemma_7250;6310;von grundes herzen sinne / nu sagent an **frô** minne / waz mære ist diz waz meinent ir
RVBR.tei.xml;RVBR_6646_4;frô;RVBR;;mehrdeutig: auch lemma_7250;6646;den einen sus den andern sô / einre was der mære **frô** / und der ander leides vol
RVBR.tei.xml;RVBR_7857_4;frô;RVBR;;mehrdeutig: auch lemma_7250;7857;lîden bitterlîche wê / und mac niemer werden **frô** / ir werden held ez lît mir sô
RVBR.tei.xml;RVBR_8227_5;frô;RVBR;;mehrdeutig: auch lemma_7250;8227;den ich mit triuwen meine / der mich tuot trûric unde **frô** / ern lât durch vorhte noch dur drô
RVBR.tei.xml;RVBR_8245_5;frô;RVBR;;mehrdeutig: auch lemma_7250;8245;diu sorgen rîche reine / trûret nu und was nu **frô** / in solher wîse und alsô
RVBR.tei.xml;RVBR_8687_5;frô;RVBR;;mehrdeutig: auch lemma_7250;8687;als ob in niht beswârte / wâ sint ir nu **frô** minne / wâ hânt ir iuwer sinne
RVBR.tei.xml;RVBR_8793_6;frô;RVBR;;mehrdeutig: auch lemma_7250;8793;ez sî trûric hôhgemuot / ez sî leidic ez sî **frô** / ez sî nider ez sî hô
RVBR.tei.xml;RVBR_9905_5;frô;RVBR;;mehrdeutig: auch lemma_7250;9905;ich wæne wol het er die suon / gewist er wær gewesen **frô** / von brûneswîc der fürste dô
RVBR.tei.xml;RVBR_10207_5;frô;RVBR;;mehrdeutig: auch lemma_7250;10207;der fürst ûz sahsen landen wart / sô fröuden rîch und alsô **frô** / daz im an den stunden dô
RVBR.tei.xml;RVBR_10681_5;frô;RVBR;;mehrdeutig: auch lemma_7250;10681;einre sach den andern an / ein teil was der mære **frô** / ein teil hetten ez alsô
RVBR.tei.xml;RVBR_12055_0;frô;RVBR;;mehrdeutig: auch lemma_7250;12055;man sach die herren alle / **frô** sîn ze allen zîten / nu lâzen wir sî rîten
RVBR.tei.xml;RVBR_12657_1;frô;RVBR;;mehrdeutig: auch lemma_7250;12657;und dort vor got daz êwic leben / daz **frô** frisch iemer mê gestât / sô erde und himelrîch zergât
RVBR.tei.xml;RVBR_13247_3;frô;RVBR;;mehrdeutig: auch lemma_7250;13247;sîn herze wart des gastes / beide trûric unde **frô** / diu minneclîche frouwe dô
RVBR.tei.xml;RVBR_13785_0;frô;RVBR;;mehrdeutig: auch lemma_7250;13785;mich schier ze lande sende / **frô** froelîch unde wol gesunt / er kust ir minnenclîchen munt
RVBR.tei.xml;RVBR_14155_6;frô;RVBR;;mehrdeutig: auch lemma_7250;14155;wie in diz dinc gevalle / der was sîn trûric dirre **frô** / dirr rette sus und jener sô
RVBR.tei.xml;RVBR_14754_4;frô;RVBR;;mehrdeutig: auch lemma_7250;14754;und trûre durch mich niht alsô / bis stæte froelîch unde **frô** / iemêr durch mînen willen
RVBR.tei.xml;RVBR_15129_3;frô;RVBR;;mehrdeutig: auch lemma_7250;15129;schier har wider sende / gesunt froelich unde **frô** / aber nu bevalh er dô
RVBR.tei.xml;RVBR_15964_2;frô;RVBR;;mehrdeutig: auch lemma_7250;15964;daz unser herre frîlîch tuot / uns lidic **frô** und hôhgemuot / ob wir im sunder riuwen
RVBR.tei.xml;RVBR_15969_1;frô;RVBR;;mehrdeutig: auch lemma_7250;15969;uns noch mangen lieben tac / lâzen **frô** und froelîch leben / ob sîn hôhiu güete geben
RVBR.tei.xml;RVBR_17003_5;frô;RVBR;;mehrdeutig: auch lemma_7250;17003;schier und offenlîche / des wart sîn frîgez herze **frô** / der kampf alsus bestætet dô
RVBR.tei.xml;RVBR_17928_5;frô;RVBR;;mehrdeutig: auch lemma_7250;17928;von disen mæren wurden dô / der soldân und der persân **frô** / und dâ nâch al diu heidenschaft
RVBR.tei.xml;RVBR_19866_5;frô;RVBR;;mehrdeutig: auch lemma_7250;19866;der kurz der klein der grôz der kranc / der trûric leidic dirre **frô** / der siech gesunt der sus der sô
RVBR.tei.xml;RVBR_19986_5;frô;RVBR;;mehrdeutig: auch lemma_7250;19986;mit strîtlîcher ritters kraft / des wart der sahsen herre **frô** / von in wart vil schiere dô
RVBR.tei.xml;RVBR_21641_5;frô;RVBR;;mehrdeutig: auch lemma_7250;21641;jâ jâ sî riefen alle dô / dirre mære sîn wir **frô** / ob du uns niht betriugest
RVBR.tei.xml;RVBR_23324_4;frô;RVBR;;mehrdeutig: auch lemma_7250;23324;dô sî diz dinc vernâmen / und wâren froelîch unde **frô** / daz kindel wart getoufet dô
RVBR.tei.xml;RVBR_23584_4;frô;RVBR;;mehrdeutig: auch lemma_7250;23584;der bot fuor in dem kiele hin / mit fröuden froelich unde **frô** / dô er diu mære erhôrte dô
RVBR.tei.xml;RVBR_23712_4;frô;RVBR;;mehrdeutig: auch lemma_7250;23712;im wüehse trûreclîchiu phliht / und möhte kûme wesen **frô** / alsô beschach dem knappen dô
RVBR.tei.xml;RVBR_24176_2;frô;RVBR;;mehrdeutig: auch lemma_7250;24176;als er diu mære reht bevant / er wart **frô** und mê denn frô / wol mich sprach der herre dô
RVBR.tei.xml;RVBR_24176_6;frô;RVBR;;mehrdeutig: auch lemma_7250;24176;als er diu mære reht bevant / er wart frô und mê denn **frô** / wol mich sprach der herre dô
RVBR.tei.xml;RVBR_24214_2;frô;RVBR;;mehrdeutig: auch lemma_7250;24214;als der bote zuo in kon / sî wârent **frô** mê denne frô / und rusten sich vil schiere dô
RVBR.tei.xml;RVBR_24214_6;frô;RVBR;;mehrdeutig: auch lemma_7250;24214;als der bote zuo in kon / sî wârent frô mê denne **frô** / und rusten sich vil schiere dô
RVBR.tei.xml;RVBR_24284_8;frô;RVBR;;mehrdeutig: auch lemma_7250;24284;kæmen ritterlîchen dar / daz was im liep er was sîn **frô** / die herren alle fuoren dô
RVBR.tei.xml;RVBR_24311_5;frô;RVBR;;mehrdeutig: auch lemma_7250;24311;sach man in den zîten dô / nieman sî wâren alle **frô** / von ietweders künfte
RVBR.tei.xml;RVBR_24826_0;frô;RVBR;;mehrdeutig: auch lemma_7250;24826;etlîcher der mære wart / **frô** in herzen offenbâr / wan sî wol drithalbez jâr
RVBR.tei.xml;RVBR_25140_0;frô;RVBR;;mehrdeutig: auch lemma_7250;25140;rîch und arme lepten / **frô** gar sunder hazzes nît / bî der schoenen hôhgezît
RVBR.tei.xml;RVBR_25981_5;frô;RVBR;;mehrdeutig: auch lemma_7250;25981;hatten sich ervohten dô / daz sî suon ouch wâren **frô** / wan sî wâren nâ erlegen
RVBR.tei.xml;RVBR_26010_2;frô;RVBR;;mehrdeutig: auch lemma_7250;26010;swel beliben tôdes frî / die waren **frô** ir lîp genas / alsus wart vollefüeret daz
RVBR.tei.xml;RVBR_26298_7;frô;RVBR;;mehrdeutig: auch lemma_7250;26298;daz ez sich niht mê schiuhet / von sîner kunst ez ist ir **frô** / sît daz man den helfant sô
RVBR.tei.xml;RVBR_26626_4;frô;RVBR;;mehrdeutig: auch lemma_7250;26626;sô gît der milte falsches frî / sîn gâbe frîlîch unde **frô** / hant muot gâb mit dem herren dô
RVBR.tei.xml;RVBR_27345_8;frô;RVBR;;mehrdeutig: auch lemma_7250;27345;niht iezent in der welt alsô / swie vil ein man het er wær **frô** / ob im möhte werden mê
RVS.tei.xml;RVS_830_5;fro;RVS;;mehrdeutig: auch lemma_7250;83;wo er die mohte schowen / so waz er von herzen **fro** / uns seit die oventure also
RVS.tei.xml;RVS_1730_4;fro;RVS;;mehrdeutig: auch lemma_7250;173;by sinen frùnden hoh gemuot / die warent siner kunfte **fro** / wan der selbe ritter do
RVS.tei.xml;RVS_2890_5;fro;RVS;;mehrdeutig: auch lemma_7250;289;sin herz durch schoß der minne brant / von herzen wart er sunder **fro** / vil zuchteclich er sprach also
RVS.tei.xml;RVS_3170_5;fro;RVS;;mehrdeutig: auch lemma_7250;317;die frowe sprach du bist gewert / des wart der ritter harte **fro** / und sprach vil tugentlich also
RVS.tei.xml;RVS_8300_5;fro;RVS;;mehrdeutig: auch lemma_7250;830;daz er in solte sehen do / des waz der fùrste harte **fro** / daz er zuo sinen eren kam
SGE.tei.xml;SGE_123_5;fro;SGE;;mehrdeutig: auch lemma_7250;123;für war will ich sprechen das / des was der werde gast **fro** / zuo seinem knecht sprach er also
SGE.tei.xml;SGE_342_3;fro;SGE;;mehrdeutig: auch lemma_7250;342;fraintlich gen ainander tuot / des pin ich **fro** und wolgemuot / darumb will ich beraiten mich
SGE.tei.xml;SGE_479_5;fro;SGE;;mehrdeutig: auch lemma_7250;479;die frawe erber und auch rain / was des mannes kunft vil **fro** / er lies ir iren willen do
SGO.tei.xml;SGO_1040100_1;fro;SGO;;mehrdeutig: auch lemma_7250;1;**fro** kunze jâ ist iuwer trût / under valken niht ein ar
SGO.tei.xml;SGO_1050400_0;fro;SGO;;mehrdeutig: auch lemma_7250;4;den sol der hagel slahen selten / **fro** künze dast ûf iuch gezelt / ir rüement fridebolten vil
SVP.tei.xml;SVP_1990_1;fro;SVP;;mehrdeutig: auch lemma_7250;199;do er uf gewunden wart / wie **fro** ze himel er do fuor / do er die guldinen snuor
TEA.tei.xml;TEA_117101700_8;fro;TEA;;mehrdeutig: auch lemma_7250;170;der tievel liebet sich also / bi swem er ist der ist des **fro** / daz er chintlichen tun sol
TUN.tei.xml;TUN_23600_1;fro;TUN;;mehrdeutig: auch lemma_7250;;ich vber den steg an allen schaden von gnaden des engels / do wz ich **fro** vnd sprach / lieber her ist es dein wil so sag mir wz selen wonen
TUN.tei.xml;TUN_30700_6;fro;TUN;;mehrdeutig: auch lemma_7250;;verr dort here scheinen der mich vor het geleittet do wart ich vß der mossen **fro** / vnd sprach / alle mein hoffen o alle mein trost von got o alle
VFA.tei.xml;VFA_56100590_7;fro;VFA;;mehrdeutig: auch lemma_7250;59;da duhte ein snekke harte gut / der den da vant der was **fro** / der ander der was ouch also
VHG.tei.xml;VHG_11104270_7;fro;VHG;;mehrdeutig: auch lemma_7250;427;die suzzen rede guote / die hort er gerne unt ist ir **fro** / und fuget ez gerne also
VTO.tei.xml;VTO_78100840_3;fro;VTO;;mehrdeutig: auch lemma_7250;84;ob si alle lebten so we / daz wir nimmer **fro** wrden me / wæren bremen und fliegen niht tot
WST.tei.xml;WST_92100950_5;fro;WST;;mehrdeutig: auch lemma_7250;95;so sint arm und die richen / iwer sælden und iwer eren **fro** / nu tet der kunich also
WUB.tei.xml;WUB_50100350_5;fro;WUB;;mehrdeutig: auch lemma_7250;35;daz der wolf wol genas / er gie her fur vil **fro** / zu dem gebourn sprach er do
WVE.tei.xml;WVE_430_5;fro;WVE;;mehrdeutig: auch lemma_7250;430;ez komit ouch also / von hoffenunge werdin si alle **fro** / du gewinnis nicht ire allir minne
WVH.tei.xml;WVH_502006000_3;frô;WVH;;mehrdeutig: auch lemma_7250;6;des ich gen dir sinne / ich bin sô **frô** wirt mir dîn hôchgeloptiu minne / diu kan fröide bern
WZB.tei.xml;WZB_64ra_25_4;vrow̆e;WZB;;kein Variantentyp unter lemma_7260 fuer die Rohform;;Und unser herre sprach czu Noch mit einer pflage wil ich ruren vnd Und dornach wirt er euch lasen vnd wirt euch ous treyben / Dorumbe sage allem volke das sie heischen vnd entlehen ein yclich man von seinem frvnde vnd ein ycliche **vrow̆e** von irr nachgebenrinne silbereine vas vnd guldeine / Aber vnser herre wirt seinem volke gnad geben vor den Und was gar ein groser man in der vor den knechten vnd vor allem volke
