datei,sigle,inhaltstyp,quelle,bytes,zeilen,codierte_zeilen,codebreiten,encoding_gelesen,sha256,dubletten_im_archiv,arbeitskopie_im_repo
erledigt/alte-texte/ac2.txt,AC2,volltext,ERLEDIGT/Alte Texte/AC2.txt,85455,1110,1110,19,cp1252,40adb28382c30aa6292153acc7cf87a735bff6fb5bad7fa1676060411259649e,,
erledigt/alte-texte/ac3-new.txt,,,ERLEDIGT/Alte Texte/AC3-new.txt,91589,1293,1293,19,cp1252,c637cffae0210699098cd1be44398f27a32465b1110d44d731fbe84d5ea62e98,,
erledigt/alte-texte/ac3.txt,AC3,volltext,ERLEDIGT/Alte Texte/AC3.txt,91588,1293,1293,19,cp1252,ae06f3488f420001955e666b0183cb07e90233b8e353ebb21a53fb4afd17a934,,
erledigt/alte-texte/adp.txt,ADP,volltext,ERLEDIGT/Alte Texte/ADP.txt,721182,8417,8417,19,cp1252,26fd6f30617929d3b3c0e40f7ae17db0a317a1f36c538d810e682a7aeca7e6ba,,
erledigt/alte-texte/akkon.txt,,,ERLEDIGT/Alte Texte/AKKON.TXT,427444,9288,9288,19,cp1252,e03925e5a4d1cc22f84ff65b768a1f0044ed34e6011a27748ec994d93dd33004,,
erledigt/alte-texte/aup.txt,AUP,volltext,ERLEDIGT/Alte Texte/AUP.txt,27152,555,555,19,utf-8-sig,623ea1b1efa4e2312da9c32fb2a8661bcf04f360007e227420891dea156b18db,,
erledigt/alte-texte/bab.txt,BAB,volltext,ERLEDIGT/Alte Texte/BAB.txt,13253,257,257,19,cp1252,41a6ee18ea8f5b27118f9ee32e8c33f5872dcf0f56a9298c55de079e5a2d0928,,
erledigt/alte-texte/bad.txt,BAD,volltext,ERLEDIGT/Alte Texte/BAD.txt,9104,185,185,19,cp1252,8f84248cd50454cd3fadfa1bdb25cd9b79166c9723b099b2ec515f02a625ede9,,
erledigt/alte-texte/bst.txt,BST,volltext,ERLEDIGT/Alte Texte/BST.txt,3689,70,70,19,utf-8-sig,f983c0161db86d783b2218d5964dcfcbcc2521bca9ebacdbe08baa17a39ce360,,
erledigt/alte-texte/carl-von-kraus/brh-1.txt,BRH,volltext,ERLEDIGT/Alte Texte/Carl von Kraus/BRH (1).txt,6081,116,116,19,utf-8-sig,8477c3b73f40cb7a19ce178c086cd82c3a26e30c304e5773068bf7986ad40726,,
erledigt/alte-texte/carl-von-kraus/buh-1.txt,BUH,volltext,ERLEDIGT/Alte Texte/Carl von Kraus/BUH (1).txt,37202,705,705,"19,20",utf-8-sig,4f5e932a3ef9347317d135a0682de76fafab6964988b328dc50c9452eb5aa8e4,,
erledigt/alte-texte/carl-von-kraus/bvl-1.txt,BVL,volltext,ERLEDIGT/Alte Texte/Carl von Kraus/BVL (1).txt,4463,82,82,19,utf-8-sig,153064154217f15c02cadbfce9d1c2b75ca8c2d850004e8ca54c383239420539,,
erledigt/alte-texte/carl-von-kraus/dwa-1.txt,DWA,volltext,ERLEDIGT/Alte Texte/Carl von Kraus/DWA (1).txt,32374,646,646,19,utf-8-sig,71535c47a2449e1d8167f22a5bbbfba33c67a16a2e2fe587b46f42bcef1bc87e,,
erledigt/alte-texte/carl-von-kraus/gvn-1.txt,GVN,volltext,ERLEDIGT/Alte Texte/Carl von Kraus/GVN (1).txt,94881,1743,1743,19,utf-8-sig,39f56669545c4a57cb7d1f12b3a777a80789d30bf98ebd2e405650260236c327,,
erledigt/alte-texte/carl-von-kraus/gvs-1.txt,GVS,volltext,ERLEDIGT/Alte Texte/Carl von Kraus/GVS (1).txt,4856,85,85,"19,20",utf-8-sig,572e4d643b63ef4ff0d7f807fd63915f3e436cc88d773f994dc074c9b5b29844,,
erledigt/alte-texte/carl-von-kraus/gvv-1.txt,GVV,volltext,ERLEDIGT/Alte Texte/Carl von Kraus/GVV (1).txt,18350,339,338,19,utf-8-sig,8a3a5705d7367df6eba1f9cd0f1cb34f117429663cd4c7057526698e26713fe5,,
erledigt/alte-texte/carl-von-kraus/gvv.txt,GVV,volltext,ERLEDIGT/Alte Texte/Carl von Kraus/GVV.txt,17534,339,339,19,utf-8-sig,94142a5b8ab904fca8caa3fe1344ff2d65c39c747174ead85181923f916b20b5,,
erledigt/alte-texte/carl-von-kraus/haw-1.txt,HAW,volltext,ERLEDIGT/Alte Texte/Carl von Kraus/HAW (1).txt,8874,151,151,19,utf-8-sig,be9585965cf1b5ae56a324da5b728e438777bcaf498c4240e89cd747fe512a7a,,
erledigt/alte-texte/carl-von-kraus/hdm-1.txt,HDM,volltext,ERLEDIGT/Alte Texte/Carl von Kraus/HDM (1).txt,4176,69,69,19,utf-8-sig,583b7d5a1d5e8a44639a254c1ceba1f3107e17b5ca6fa597fe63ba8d6ffaf969,,
erledigt/alte-texte/carl-von-kraus/hhp-1.txt,HHP,volltext,ERLEDIGT/Alte Texte/Carl von Kraus/HHP (1).txt,4338,77,77,19,utf-8-sig,7257bfcab9f117c72d93ec8ce558d48cead9e4ea104af3bf1a2489d2d3e73a50,,
erledigt/alte-texte/carl-von-kraus/hhw-1.txt,HHW,volltext,ERLEDIGT/Alte Texte/Carl von Kraus/HHW (1).txt,9227,145,145,19,utf-8-sig,9589162776acb24ea2aee52fe37261f0c4f1a19ff050e9785a66b0ef54e52547,,
erledigt/alte-texte/carl-von-kraus/hmu-1.txt,HMU,volltext,ERLEDIGT/Alte Texte/Carl von Kraus/HMU (1).txt,755,13,13,19,utf-8-sig,171f31f9eb22a4e2bc282a475c276d81e64d41d37912f755d4dce929af04c723,,
erledigt/alte-texte/carl-von-kraus/hsb-1.txt,HSB,volltext,ERLEDIGT/Alte Texte/Carl von Kraus/HSB (1).txt,2599,46,46,19,utf-8-sig,639fcddb103d5b62eb55ad0e9919ec8e01ccaa9b4d973cade5bdde1b6488e075,,
erledigt/alte-texte/carl-von-kraus/hvm.txt,HVM,volltext,ERLEDIGT/Alte Texte/Carl von Kraus/HVM.txt,7409,133,133,19,utf-8-sig,ce59d71dd688918b48b100e5f3f81f4e212108e26e30721fb40c8e5c35416160,ERLEDIGT/Alte Texte/Carl von Kraus/HVM(1).txt,
erledigt/alte-texte/carl-von-kraus/hvs-1.txt,HVS,volltext,ERLEDIGT/Alte Texte/Carl von Kraus/HVS (1).txt,21322,372,372,19,utf-8-sig,f94d6c2212a2056843880fce183e3c086e19cd59f5b6d5301266748a6981d35d,,
erledigt/alte-texte/carl-von-kraus/hvw-1.txt,HVW,volltext,ERLEDIGT/Alte Texte/Carl von Kraus/HVW (1).txt,6843,120,120,19,utf-8-sig,3609ff82f62ae624630a94e097bc36f738c1c729c2d0ff6c368c92567135d88c,,
erledigt/alte-texte/carl-von-kraus/hwi-1.txt,HWI,volltext,ERLEDIGT/Alte Texte/Carl von Kraus/HWI (1).txt,3814,70,70,19,utf-8-sig,78f9d8613a985901df947023e7a3cb272e39b0149a3d69acaf9c5ebb34a8b6b6,,
erledigt/alte-texte/carl-von-kraus/kan-1.txt,KAN,volltext,ERLEDIGT/Alte Texte/Carl von Kraus/KAN (1).txt,66139,1288,1288,19,utf-8-sig,0372347ce2da595d1029957a04205ec388864690bac33ba93ac204cb957c455f,,
erledigt/alte-texte/carl-von-kraus/kcj-1.txt,KCJ,volltext,ERLEDIGT/Alte Texte/Carl von Kraus/KCJ (1).txt,2157,36,36,19,utf-8-sig,ef412efa50b5363809dc7cb3c035d4ea8241eda6b7942642bb735f546df71f9a,,
erledigt/alte-texte/carl-von-kraus/kol-1.txt,KOL,volltext,ERLEDIGT/Alte Texte/Carl von Kraus/KOL (1).txt,2270,33,33,19,utf-8-sig,148185a2bfdb66474ad90f1d6f24cbea0f7c5198ff058409eaf008b1cb391417,,
erledigt/alte-texte/carl-von-kraus/kvh-1.txt,KVH,volltext,ERLEDIGT/Alte Texte/Carl von Kraus/KVH (1).txt,9718,173,173,19,utf-8-sig,9cd84227282715c070ea6c2b12c96b6382b731a4574c548cdb7b293116116d66,,
erledigt/alte-texte/carl-von-kraus/kvl-1.txt,KVL,volltext,ERLEDIGT/Alte Texte/Carl von Kraus/KVL (1).txt,9322,167,167,19,utf-8-sig,e0217c8a1d8ba348d99827360cd40f49d273b244c6d9cb99bba28e097eab65f4,,
erledigt/alte-texte/carl-von-kraus/lvs-1.txt,LVS,volltext,ERLEDIGT/Alte Texte/Carl von Kraus/LVS (1).txt,9187,155,155,19,utf-8-sig,9ae9b2edde98560ee41885c782f91f65ccab64a0eb683531fa03d0a9f0fea583,,
erledigt/alte-texte/carl-von-kraus/mun-1.txt,MUN,volltext,ERLEDIGT/Alte Texte/Carl von Kraus/MUN (1).txt,4120,73,73,19,utf-8-sig,9f7b60becb85e3b444b4c9211531677ae6288064e5370648647c6da4fa4fc9a9,,
erledigt/alte-texte/carl-von-kraus/mvh-1.txt,MVH,volltext,ERLEDIGT/Alte Texte/Carl von Kraus/MVH (1).txt,7608,137,137,19,utf-8-sig,617784049130a505009ac194213fa81d639bb52076e027f45d3adb91b0ed3400,,
erledigt/alte-texte/carl-von-kraus/niu-1.txt,NIU,volltext,ERLEDIGT/Alte Texte/Carl von Kraus/NIU (1).txt,2827,48,48,19,utf-8-sig,0f5998116ba5eddf4f82ea190861ec75e010edbf62d4c711f3ef9a695e790732,,
erledigt/alte-texte/carl-von-kraus/nml-1.txt,NML,volltext,ERLEDIGT/Alte Texte/Carl von Kraus/NML (1).txt,75081,1459,1459,19,utf-8-sig,7580efcd7a574aa43bcfa41189e6708ab3cffa9da77507bc1a6ab8420fa1e3a3,,
erledigt/alte-texte/carl-von-kraus/obp-1.txt,OBP,volltext,ERLEDIGT/Alte Texte/Carl von Kraus/OBP (1).txt,6975,125,125,19,utf-8-sig,ee3713a8e3c036aa0402e3bea6d67518dfe91ba8ed6588551bc47396a0089ac5,,
erledigt/alte-texte/carl-von-kraus/ovb-1.txt,OVB,volltext,ERLEDIGT/Alte Texte/Carl von Kraus/OVB (1).txt,18270,303,303,19,utf-8-sig,3841f523e62a7f0723ea7919cad80cad4730a55343bdf5a2069ff419eb523d7b,,
erledigt/alte-texte/carl-von-kraus/pul-1.txt,PUL,volltext,ERLEDIGT/Alte Texte/Carl von Kraus/PUL (1).txt,7023,126,126,19,utf-8-sig,ec80c17237afd738736771f2ad81ffa8f6688f10c92b64e72afc079e280a678d,,
erledigt/alte-texte/carl-von-kraus/rdj-1.txt,RDJ,volltext,ERLEDIGT/Alte Texte/Carl von Kraus/RDJ (1).txt,788,13,13,19,utf-8-sig,6bb6ee2808d361b4f98a6b2cf0e8ef5d7f19820eb5e718fe694ebdaf1af533a7,,
erledigt/alte-texte/carl-von-kraus/rds-1.txt,RDS,volltext,ERLEDIGT/Alte Texte/Carl von Kraus/RDS (1).txt,6012,103,103,19,utf-8-sig,2873b163d4217d2c497b3e699a6e30a126b0454572372c55c328752cf56abd35,,
erledigt/alte-texte/carl-von-kraus/rdv-1.txt,RDV,volltext,ERLEDIGT/Alte Texte/Carl von Kraus/RDV (1).txt,5807,85,85,19,utf-8-sig,f08add000980f4a34dff25d5d063275961a595d5e0fce8024f025bbf41deb025,,
erledigt/alte-texte/carl-von-kraus/rub-1.txt,RUB,volltext,ERLEDIGT/Alte Texte/Carl von Kraus/RUB (1).txt,38873,685,685,19,utf-8-sig,70e71cbd1428c999c169c2451248cd8a459126be29b4d69838963d1a9ec61b4e,,
erledigt/alte-texte/carl-von-kraus/rur-1.txt,RUR,volltext,ERLEDIGT/Alte Texte/Carl von Kraus/RUR (1).txt,566,11,11,17,utf-8-sig,fbb43c1f3389ecdb49b32e699dacbea2336058949d10eeace3b3440b3210b568,,
erledigt/alte-texte/carl-von-kraus/rvb-1.txt,RVB,volltext,ERLEDIGT/Alte Texte/Carl von Kraus/RVB (1).txt,18160,275,275,19,utf-8-sig,e2b64d78dc09d5e293400583334d54e42548b2d437b2f3eb2e67b264b4c4edb1,,
erledigt/alte-texte/carl-von-kraus/rvr-1.txt,RVR,volltext,ERLEDIGT/Alte Texte/Carl von Kraus/RVR (1).txt,63785,1105,1105,19,utf-8-sig,012b8cdad467f1daaa4f038cb511ad3a10ceab5916f8cb0de52830ddbf248db1,,
erledigt/alte-texte/carl-von-kraus/sjt-1.txt,SJT,volltext,ERLEDIGT/Alte Texte/Carl von Kraus/SJT (1).txt,9543,158,158,19,utf-8-sig,30748974b7abdb2a8d641026ec7a027a27e08883bbd063fc730bbd5a682121f2,,
erledigt/alte-texte/carl-von-kraus/sta-1.txt,STA,volltext,ERLEDIGT/Alte Texte/Carl von Kraus/STA (1).txt,5771,111,111,19,utf-8-sig,ec5e0c2aa6f7641533f38a42b72a0ba0da3502db10157ae6e96d5b0d11ab583f,,
erledigt/alte-texte/carl-von-kraus/sve-1.txt,SVE,volltext,ERLEDIGT/Alte Texte/Carl von Kraus/SVE(1).txt,12216,205,205,19,utf-8-sig,812fc3a623434eccd0123ad9c9546fcac5a39ae3c8b6cabb327b2b4a085a20fa,,
erledigt/alte-texte/carl-von-kraus/svl-1.txt,SVL,volltext,ERLEDIGT/Alte Texte/Carl von Kraus/SVL (1).txt,11370,218,218,19,utf-8-sig,53ffd06868cef2a86b2c5b68b54417c456fac61cef4188287cdae84bd751ac54,,
erledigt/alte-texte/carl-von-kraus/tus-1.txt,TUS,volltext,ERLEDIGT/Alte Texte/Carl von Kraus/TUS (1).txt,18344,327,327,19,utf-8-sig,25a38f68af6fb851107a681fd9ac1fcd98d9873ea8abeabadd51a746d0aad984,,
erledigt/alte-texte/carl-von-kraus/uvl-1.txt,UVL,volltext,ERLEDIGT/Alte Texte/Carl von Kraus/UVL (1).txt,129635,2385,2385,19,utf-8-sig,ba4c3e185b8c63253a4c2f34d75b389f262ce13c98bdb184657a8418af1fdd36,,
erledigt/alte-texte/carl-von-kraus/uvw-1.txt,UVW,volltext,ERLEDIGT/Alte Texte/Carl von Kraus/UVW (1).txt,93640,1701,1701,19,utf-8-sig,0ac6b544fffd28b3d404b5f160174c829a3b7f1be339d419bbde8064b1244ec3,,
erledigt/alte-texte/carl-von-kraus/uwl-1.txt,UWL,volltext,ERLEDIGT/Alte Texte/Carl von Kraus/UWL (1).txt,37895,567,567,19,utf-8-sig,ebc76fe21e25f7e44992ec53dd196b838ba942ac55c8df43ee82d32126a23ec8,,
erledigt/alte-texte/carl-von-kraus/vbu-1.txt,VBU,volltext,ERLEDIGT/Alte Texte/Carl von Kraus/VBU (1).txt,4808,90,90,19,utf-8-sig,d54e18815e7efc9b05d6f128ad8cf68a5a9bbce603590ee648e38422accbd71e,,
erledigt/alte-texte/carl-von-kraus/vdk-1.txt,VDK,volltext,ERLEDIGT/Alte Texte/Carl von Kraus/VDK (1).txt,10988,217,217,19,utf-8-sig,0fb81aee16e94b9309439f684cd57595eec6178935da32638125aec3d4cb0497,,
erledigt/alte-texte/carl-von-kraus/vob-1.txt,VOB,volltext,ERLEDIGT/Alte Texte/Carl von Kraus/VOB (1).txt,9990,181,181,19,utf-8-sig,22d59c2e923c5cb6e1c3fdc6c9c4a9637000e0a4c6a4a3bf30202e962295e203,,
erledigt/alte-texte/carl-von-kraus/vsa-1.txt,VSA,volltext,ERLEDIGT/Alte Texte/Carl von Kraus/VSA (1).txt,10054,180,180,19,utf-8-sig,37ff04c4950cfb1c0fef871667a4ebd1c322609672d1b1ecbc4854404400e057,,
erledigt/alte-texte/carl-von-kraus/vsb-1.txt,VSB,volltext,ERLEDIGT/Alte Texte/Carl von Kraus/VSB (1).txt,4112,81,81,19,utf-8-sig,2b77f98e0b984bbd0858c1e3f72fae76281032c0627a8b1930a473e5e71eda60,,
erledigt/alte-texte/carl-von-kraus/vst-1.txt,VST,volltext,ERLEDIGT/Alte Texte/Carl von Kraus/VST (1).txt,3457,64,64,19,utf-8-sig,ba64413966ce063f84931436402c8bbcd05ff48fb5023eec2e9ef25324515fe3,,
erledigt/alte-texte/carl-von-kraus/vsu-1.txt,VSU,volltext,ERLEDIGT/Alte Texte/Carl von Kraus/VSU (1).txt,3570,63,63,19,utf-8-sig,3d51e65adc7607913f6ae0c63859d85d53cb5abe3f3059ff18b360f55daa15cf,,
erledigt/alte-texte/carl-von-kraus/vwi-1.txt,VWI,volltext,ERLEDIGT/Alte Texte/Carl von Kraus/VWI (1).txt,4526,77,77,19,utf-8-sig,48fbdfdcede42310506d9cdd7181aefc2a7aa5ed63e77f9452580f839131ea61,,
erledigt/alte-texte/carl-von-kraus/wme-1.txt,WME,volltext,ERLEDIGT/Alte Texte/Carl von Kraus/WME (1).txt,18246,317,317,19,utf-8-sig,aa54082c715cbf22ccae20f99ecf1e39dc6f763f8c640263e928a0b566d0b806,,
erledigt/alte-texte/carl-von-kraus/wvb-1.txt,WVB,volltext,ERLEDIGT/Alte Texte/Carl von Kraus/WVB (1).txt,7130,120,120,19,utf-8-sig,3412fa33a70b4db12138fcc9c509f7f5fc6e1c6dd0054eacd4b17785706fcca8,,
erledigt/alte-texte/carl-von-kraus/wvp-1.txt,WVP,volltext,ERLEDIGT/Alte Texte/Carl von Kraus/WVP (1).txt,14064,246,246,19,utf-8-sig,88b06ee3d3f26feea98d41e3cfa84c77399c1512719da230d5c4544a139f87e1,,
erledigt/alte-texte/crone.txt,,,ERLEDIGT/Alte Texte/Crone.txt,1443281,30077,30077,"18,19",utf-8-sig,639ee786cdcb18b4b3730d885cdd6faddc492dba0b8ad4b3c41756297849c5bd,,
erledigt/alte-texte/crone1.txt,,,ERLEDIGT/Alte Texte/crone1.txt,580461,12303,12303,19,cp1252,85c793bffdbb6ea61297941c246c22232fadeed086eabc41e4295eb7963d167a,,
erledigt/alte-texte/crone2.txt,,,ERLEDIGT/Alte Texte/Crone2.txt,860689,17775,17775,"18,19",utf-8-sig,ba3315fabdd264dcc8f86c8305ee25c15c33b0374a05676a13b391f81d2c889f,,
erledigt/alte-texte/dbw.txt,DBW,volltext,ERLEDIGT/Alte Texte/DBW.txt,7843,137,137,19,utf-8-sig,fe490faf46137d05bd441a845e7b0162d62457f0866ee348b0beee0c4bd9cc0b,,
erledigt/alte-texte/ddl.txt,DDL,volltext,ERLEDIGT/Alte Texte/DDL.txt,12308,244,244,19,utf-8-sig,e74aa4fe3fac4fafc070721b8572c9a74bae69074d735aa0ab7a6c13661a4e2e,,
erledigt/alte-texte/ddm.txt,DDM,volltext,ERLEDIGT/Alte Texte/DDM.txt,20313,404,404,19,utf-8-sig,d33948a97b58f65cda0a305f183bcfc724af46fbccd77f3583514246177c04e9,,
erledigt/alte-texte/dds.txt,DDS,volltext,ERLEDIGT/Alte Texte/DDS.txt,3253,53,52,19,cp1252,70b9e1bfeba050be4ef28dffe17b2686b52b1bedb9b5f9eb91017f0e115e67d7,,
erledigt/alte-texte/dfe.txt,DFE,volltext,ERLEDIGT/Alte Texte/DFE.txt,15039,296,296,19,utf-8-sig,58dd9efd346902f0628012ae32a57d8a5e702e1361fe2cf9477e3ae0e91d7ef6,,
erledigt/alte-texte/dfs.txt,DFS,volltext,ERLEDIGT/Alte Texte/DFS.txt,10690,189,189,19,utf-8-sig,a4bbd12f7b98b8f1b31a16c84fed8f4d363698172b70fb4c2c003721c9954fd4,,
erledigt/alte-texte/dft.txt,DFT,volltext,ERLEDIGT/Alte Texte/DFT.txt,20219,392,392,19,utf-8-sig,a3026951f14865638188871ade2ab66388865c99b724e93c97f34ddeaced6b97,,
erledigt/alte-texte/dga.txt,DGA,volltext,ERLEDIGT/Alte Texte/DGA.txt,2491,41,40,19,cp1252,d70dee36d347c28a89226b1b009670a64ad6dd22f616657f7bc3b8145947f843,,
erledigt/alte-texte/dgm.txt,DGM,volltext,ERLEDIGT/Alte Texte/DGM.txt,2406,46,46,19,utf-8-sig,37352bc4d57f09281347f9ee0a82534d7f743054597b19fad401e101bea24c25,,
erledigt/alte-texte/dgs.txt,DGS,volltext,ERLEDIGT/Alte Texte/DGS.txt,2577,50,50,19,utf-8-sig,f4b051fc097e59ff4f225e69a4d0d55fc9f043423a8f28ef31f5ea53dc1f5335,,
erledigt/alte-texte/dis.txt,DIS,volltext,ERLEDIGT/Alte Texte/DIS.txt,22235,408,408,19,utf-8-sig,fe3046297d674caf66cac5fe86b026fe77ded15a22b9ee53e7bb97bf2ced31d2,,
erledigt/alte-texte/dkn.txt,DKN,volltext,ERLEDIGT/Alte Texte/DKN.txt,3226,60,60,19,utf-8-sig,b0d85af1b451f7a89a35301f7caeb3cf4a2037c6621ff83a423f99106dd7d62c,,
erledigt/alte-texte/dl1.txt,DL1,volltext,ERLEDIGT/Alte Texte/DL1.txt,197106,2943,2943,19,cp1252,4ef2a72819d50cc8295d6a5040c78f63d28c56ae5a764bd0f4fcf31654b51a66,,
erledigt/alte-texte/dlf.txt,DLF,volltext,ERLEDIGT/Alte Texte/DLF.txt,28923,560,560,19,utf-8-sig,9d4ee03f5ca1134e8fde866882e0ed41c3b732013300b1c4d4b496f566487b97,,
erledigt/alte-texte/dmn.txt,DMN,volltext,ERLEDIGT/Alte Texte/DMN.txt,26952,545,545,19,utf-8-sig,a630a8e100d7a7be2fc9f80c3127695b5943ea606150c3bd456db0fba2f9ad78,,
erledigt/alte-texte/dnt.txt,DNT,volltext,ERLEDIGT/Alte Texte/DNT.txt,30773,603,603,19,utf-8-sig,9d2c4582dc49ce69cf23e6e1a3fe353f6b5b152d70874d5a7e906a0d7b80e21f,,
erledigt/alte-texte/dre.txt,DRE,volltext,ERLEDIGT/Alte Texte/DRE.txt,26546,516,516,19,utf-8-sig,6e2e5a54d85d0bf63282f6cdae59091ca74cd8505013f5ddefc03c2a23bbf04f,,
erledigt/alte-texte/dsu.txt,DSU,volltext,ERLEDIGT/Alte Texte/DSU.txt,4650,88,88,19,utf-8-sig,50b64e9bb1e0954272ad05317f820d0be43aa913dfc6c13e3dd3d26dffd54df0,,
erledigt/alte-texte/dsw.txt,DSW,volltext,ERLEDIGT/Alte Texte/DSW.txt,6220,120,120,19,utf-8-sig,4c2478d52945a259417dba81655d47f1d610bf8333a2f7b840f55d6c5d48ca07,,
erledigt/alte-texte/due.txt,DUE,volltext,ERLEDIGT/Alte Texte/DUE.txt,2368,41,40,19,cp1252,02aa11f3f3630facd1dc05ed0cf74d33a664394d0f5172c9eec8e6ab1ad7cccc,,
erledigt/alte-texte/dum.txt,DUM,volltext,ERLEDIGT/Alte Texte/DUM.txt,38735,763,763,19,utf-8-sig,bd371704c4a8e1e95eb81ad7ef4db99358584ddffe87fe36822a44ef98bd9a24,,
erledigt/alte-texte/dur.txt,DUR,volltext,ERLEDIGT/Alte Texte/DUR.txt,10166,175,174,19,cp1252,46c13df2eada4baf05614b9d48de63e7ebfd911b4722d65c7f3b1da688f87a87,,
erledigt/alte-texte/dwa.txt,DWA,volltext,ERLEDIGT/Alte Texte/DWA.txt,31609,646,645,19,cp1252,17199c960391ec2398739151f1efeac3fbe16b26fd27a5be8fd6e0a9fa93d3e8,,
erledigt/alte-texte/dzb.txt,DZB,volltext,ERLEDIGT/Alte Texte/DZB.txt,4289,81,81,19,utf-8-sig,692615e028dea39f5e9f676ad2a0e4d2d353348b382b970005868442357fadce,,
erledigt/alte-texte/ebw.txt,EBW,volltext,ERLEDIGT/Alte Texte/EBW.txt,5975,116,116,19,utf-8-sig,067ec9c20685765d386ce439f3d627d696a4634630ad676f0a561f3e62331aa1,,
erledigt/alte-texte/fgp.txt,FGP,volltext,ERLEDIGT/Alte Texte/FGP.txt,17122,309,309,19,utf-8-sig,0e5866f83a7626f4d3ee682f2b19366dea3f4a37e313b6905c45e80f28df6709,,
erledigt/alte-texte/fue.txt,FUE,volltext,ERLEDIGT/Alte Texte/FUE.txt,3973,74,74,19,utf-8-sig,7cb1489a66062b1a966e4444c0df05b6cc9cad08b53921e89d3d5438139d5120,,
erledigt/alte-texte/fwe.txt,FWE,volltext,ERLEDIGT/Alte Texte/FWE.txt,3777,72,72,19,utf-8-sig,22da65d5dface32f4638c673d9d38ee061d56e679e8be29ce327b971eae447e9,,
erledigt/alte-texte/geg.txt,GEG,volltext,ERLEDIGT/Alte Texte/GEG.txt,4372,77,76,19,cp1252,f335919286ca7d8397e515d810fa8e15951635f5416c5ca575e00951412cfbf5,,
erledigt/alte-texte/gsl.txt,GSL,volltext,ERLEDIGT/Alte Texte/GSL.txt,14601,293,293,19,utf-8-sig,bd5647789e4023d37eb8e3ce4e70e2be51ee12645603999708f8d2a3b4ce44f0,,
erledigt/alte-texte/gvn.txt,GVN,volltext,ERLEDIGT/Alte Texte/GVN.txt,92310,1743,1742,19,cp1252,7f33246d8a25f2db615b2a1fa82883505fccdf032b299e666681a540d1a11f28,,
erledigt/alte-texte/hei.txt,HEI,volltext,ERLEDIGT/Alte Texte/HEI.txt,93163,1903,1903,19,cp1252,a87b47867af95588e03bda175baeb3ba3699e6daeb9d6f5cd4483ba7b5c88c16,,
erledigt/alte-texte/hpf.txt,HPF,volltext,ERLEDIGT/Alte Texte/HPF.txt,3166,60,60,19,utf-8-sig,a68ec91bc135ebc005d61eadf5fa4619b6a5650b6be4e8fe29b5f5d45c46434e,,
erledigt/alte-texte/hug.txt,HUG,volltext,ERLEDIGT/Alte Texte/HUG.txt,286266,5828,5828,19,utf-8-sig,3de58fc48c074e22abbe3756981fc16c9982ac2aa15577fb5d172957b9f993fb,,
erledigt/alte-texte/hug1.txt,,,ERLEDIGT/Alte Texte/HUG1.txt,8222,180,180,19,cp1252,b8973b34c09bdf7d51c43776fdfe7c8d4d80789636c8e44715e293ed713fb537,,
erledigt/alte-texte/jud.txt,JUD,volltext,ERLEDIGT/Alte Texte/JUD.txt,93758,1821,1821,19,utf-8-sig,d2caefddf62111dafa5b9ce4711ddfdcaadc4498e5323c56bcd8fe90974ab64f,,
erledigt/alte-texte/kvm.txt,KVM,volltext,ERLEDIGT/Alte Texte/KVM.txt,128154,1773,1773,19,cp1252,34f5c99dab1a66eb7ee18bfbde3ae530f108a941af634cef548791506a1c0360,,
erledigt/alte-texte/kvm2.txt,KVM,volltext,ERLEDIGT/Alte Texte/KVM2.txt,2168,36,36,19,cp1252,d892e46d8f0a7e1375b79d319b2ddc0f7b1b3f9a444cdb30960bf700c66f462f,,
erledigt/alte-texte/kolner-fechtbuch-1.txt,,,ERLEDIGT/Alte Texte/Kölner fechtbuch[1].txt,25500,338,338,19,utf-8-sig,63188447eca824870d868ed2a3d946a7eb5a0f853afa3b5e876b259ca43deb87,,
erledigt/alte-texte/mlb.txt,MLB,volltext,ERLEDIGT/Alte Texte/MLB.txt,17968,347,347,19,utf-8-sig,331b6980cdc054473d97104a118cea9f474c7aa0f62d9d1cbb001eca86f9ed33,,
erledigt/alte-texte/osw1-doc.txt,,,ERLEDIGT/Alte Texte/OSW1.doc.txt,189948,3564,3564,19,utf-8-sig,8c9b64aa1a64a99888f9ada56b6c4305c50cf6def0c5c7289585c05acb292fea,,
erledigt/alte-texte/ovg.txt,OVG,volltext,ERLEDIGT/Alte Texte/OVG.txt,4558795,98691,98691,19,cp1252,9c0357750a262c67a5eea33bdec2b2c1ea686491f31fc1d9e6d282aaa277463e,,
erledigt/alte-texte/ovg8-insert.txt,OVG,volltext,ERLEDIGT/Alte Texte/OVG8 insert.txt,4440,97,96,19,cp1252,315bfd791b26e2440624318ba5d39047257e2875c13d1c268cbf6cd33ac8d6c9,,
erledigt/alte-texte/pik.txt,PIK,volltext,ERLEDIGT/Alte Texte/PIK.txt,5539,106,106,19,utf-8-sig,19cce4d44c65ecffe292dbebc5e4e8d6adfc3cc3341608604f8e286a3ae4692e,,
erledigt/alte-texte/pms.txt,PMS,volltext,ERLEDIGT/Alte Texte/PMS.txt,10235,192,192,19,utf-8-sig,c3b595d3c3b213ff4c3986a6795966a5ebb61869298cbe3da277290c52636f18,,
erledigt/alte-texte/put.txt,PUT,volltext,ERLEDIGT/Alte Texte/PUT.txt,23956,490,490,19,cp1252,62956782b8c62e6458a0803311f3fe907a2d773450697961e485a31784571d1e,,
erledigt/alte-texte/rbe.txt,RBE,volltext,ERLEDIGT/Alte Texte/RBE.txt,20812,417,417,19,utf-8-sig,0ad578c41be9bd70f55a22dbd6db7f9447be18422889c8a6b6dfa510526cf07c,,
erledigt/alte-texte/rdl.txt,RDL,volltext,ERLEDIGT/Alte Texte/RDL.txt,26603,527,527,19,utf-8-sig,b9e3a2323f0f78a43834d88bfd7fd199edc42072e4b0635731d2bfa7a09ccc12,,
erledigt/alte-texte/ruz.txt,RUZ,volltext,ERLEDIGT/Alte Texte/RUZ.txt,20207,397,397,19,utf-8-sig,353bd965fd7873dc22507c4b43d2b12cf8acea002f68eda4048a44bce0b310ea,,
erledigt/alte-texte/sbv.txt,SBV,volltext,ERLEDIGT/Alte Texte/SBV.txt,3736,72,72,19,utf-8-sig,4c8568cb966dfeaf1ddb16183e5ec443617a4eca50c3ea149b1b2c5fce78b200,,
erledigt/alte-texte/sfl.txt,SFL,volltext,ERLEDIGT/Alte Texte/SFL.txt,249850,5070,5070,19,cp1252,f524c89a41eb4531960dd1d16aebcd228bdf990b769acb3103756f035e424ea8,,
erledigt/alte-texte/sfl1.txt,,,ERLEDIGT/Alte Texte/SFL1.txt,247148,5025,5024,19,cp1252,ed9844fe54a3b49ae597da5e3fbdb2d352ae8b41d638ccf53e31c9df8437ccfa,,
erledigt/alte-texte/svp.txt,SVP,volltext,ERLEDIGT/Alte Texte/SVP.txt,34290,706,706,19,cp1252,aeef32aa429f6c584b549cf374734a1b69b6a4156f483f4bbd605ffefacfb118,,
erledigt/alte-texte/vor.txt,VOR,volltext,ERLEDIGT/Alte Texte/VOR.txt,941,19,19,19,utf-8-sig,46f16f09b850ca12323b12d13acaf457504140c534c179a0a468b15365abf61f,,
erledigt/alte-texte/waf.txt,WAF,volltext,ERLEDIGT/Alte Texte/WAF.txt,5229,100,100,19,utf-8-sig,969e8c0ed1a3a9fb343dbdd38d5df36750544482f019de2deadd519c3c4ad79f,,
erledigt/alte-texte/zwb.txt,ZWB,volltext,ERLEDIGT/Alte Texte/ZWB.txt,4884,92,92,19,utf-8-sig,d9ccd27ebbffaedf5ad76bac6e2ed9bccdf23754d2a478d2dd0624225821e92a,,
erledigt/alte-texte/zwr.txt,ZWR,volltext,ERLEDIGT/Alte Texte/ZWR.txt,1249,24,24,19,utf-8-sig,f9f48e3556ff39257181d630a8c2ce24aed51692da0f25dc7d91a5a2cd9825ac,,
erledigt/cvk_kld_codiert/brh.txt,BRH,volltext,ERLEDIGT/CvK_KLD_codiert/BRH.txt,6028,116,116,"18,19",utf-8-sig,ab46c91c7a6e41817f096d09ea6161d546f2f6411ef3b5e14090fc68e037ddfe,,
erledigt/cvk_kld_codiert/buh.txt,BUH,volltext,ERLEDIGT/CvK_KLD_codiert/BUH.txt,37202,705,705,"19,20",utf-8-sig,0b9688e3f96dde07c1a6a7154751a6a45de120c5a925d991d78734d5826f96a1,,
erledigt/cvk_kld_codiert/bvl.txt,BVL,volltext,ERLEDIGT/CvK_KLD_codiert/BVL.txt,4484,82,82,19,utf-8-sig,9372997eb1444766e052f6a46e149583b1208d164d300736fab05c25c73882af,,
erledigt/cvk_kld_codiert/bvo.txt,BVO,volltext,ERLEDIGT/CvK_KLD_codiert/BVO.txt,6073,118,118,19,utf-8-sig,7a7d1e02ff3a6af8d14f222ccbb2531d82f8f90ef7308c3299db7f716bfce150,ERLEDIGT/Alte Texte/Carl von Kraus/BVO (1).txt,
erledigt/cvk_kld_codiert/cki.txt,CKI,volltext,ERLEDIGT/CvK_KLD_codiert/CKI.txt,12197,232,232,19,utf-8-sig,ccccdf09138b243764599af71ecbd399ab4f7db28f3b953334684d80abb7ecbe,ERLEDIGT/Alte Texte/Carl von Kraus/CKI (1).txt,
erledigt/cvk_kld_codiert/dds.txt,DDS,volltext,ERLEDIGT/CvK_KLD_codiert/DDS.txt,3354,53,53,19,utf-8-sig,ce3eeac873744a1ec9e0bb795397707398f5853866268d281e8fd0e005b78533,ERLEDIGT/Alte Texte/Carl von Kraus/DDS (1).txt,
erledigt/cvk_kld_codiert/dga.txt,DGA,volltext,ERLEDIGT/CvK_KLD_codiert/DGA.txt,2576,41,41,19,utf-8-sig,caaee3688fa4162b87d9e0d329477306715d6d27d9e673e0760518deeed758f8,ERLEDIGT/Alte Texte/Carl von Kraus/DGA (1).txt,
erledigt/cvk_kld_codiert/due.txt,DUE,volltext,ERLEDIGT/CvK_KLD_codiert/DUE.txt,2468,41,41,19,utf-8-sig,ce65f5dfbdf0f5be8f02ef9f72488a8c10dbb84fae9f4214dbf3cf18009d1d4f,ERLEDIGT/Alte Texte/Carl von Kraus/DUE (1).txt,
erledigt/cvk_kld_codiert/dur.txt,DUR,volltext,ERLEDIGT/CvK_KLD_codiert/DUR.txt,10501,175,175,19,utf-8-sig,9c6361ab72f004c773e4177cd54c25134a794823a69a923570813bd72af718c6,ERLEDIGT/Alte Texte/Carl von Kraus/DUR (1).txt,
erledigt/cvk_kld_codiert/dwa.txt,DWA,volltext,ERLEDIGT/CvK_KLD_codiert/DWA.txt,32380,646,646,19,utf-8-sig,20b0f0fefa41029036c09ab2ec404ab2ff02a75a13ae4253d1772c4bccb466e4,,
erledigt/cvk_kld_codiert/fvl.txt,FVL,volltext,ERLEDIGT/CvK_KLD_codiert/FVL.txt,2871,56,56,19,utf-8-sig,bf22486bc8a38e58bd207005b38bbb032c86c57d5dc50bf7142dd8444152f3bf,ERLEDIGT/Alte Texte/Carl von Kraus/FVL (1).txt,
erledigt/cvk_kld_codiert/geg.txt,GEG,volltext,ERLEDIGT/CvK_KLD_codiert/GEG.txt,4520,77,77,19,utf-8-sig,6b2f480cee74758833441c8d08e9bd97b22714987d12dba612c1f9db84e5b0a9,ERLEDIGT/Alte Texte/Carl von Kraus/GEG (1).txt,
erledigt/cvk_kld_codiert/gve.txt,GVE,volltext,ERLEDIGT/CvK_KLD_codiert/GVE.txt,3630,67,67,19,utf-8-sig,95a51e5c340c0827a574267421d91d06cec87b2540412da868ff8899796e0eea,ERLEDIGT/Alte Texte/Carl von Kraus/GVE (1).txt,
erledigt/cvk_kld_codiert/gvn.txt,GVN,volltext,ERLEDIGT/CvK_KLD_codiert/GVN.txt,94901,1743,1743,"18,19,20",utf-8-sig,f0390c34f51897dc41746083412b423f45bb32e20e28ad856cca36db40958a47,,
erledigt/cvk_kld_codiert/gvs.txt,GVS,volltext,ERLEDIGT/CvK_KLD_codiert/GVS.txt,4796,85,85,19,utf-8-sig,6d201c35e072d25e7349e86d49b11c632c11c7865dcd36820dfd1cf06e937970,,
erledigt/cvk_kld_codiert/gvv.txt,GVV,volltext,ERLEDIGT/CvK_KLD_codiert/GVV.txt,17534,339,339,19,utf-8-sig,1a9c8c802e97716022e5eafd8a9561044ba25e62a38ed226839820f47349b7fb,,
erledigt/cvk_kld_codiert/haw.txt,HAW,volltext,ERLEDIGT/CvK_KLD_codiert/HAW.txt,8874,151,151,19,utf-8-sig,7495a4df8d3c50b16709d081c7eb83c65918f4e18b8d5df584ead0bc9cee554d,,
erledigt/cvk_kld_codiert/hdm.txt,HDM,volltext,ERLEDIGT/CvK_KLD_codiert/HDM.txt,4176,69,69,19,utf-8-sig,2676da812f0df5302abd8aa4a2227c89bab6df969b93ea360ad4fbc3bee08e80,,
erledigt/cvk_kld_codiert/hhp.txt,HHP,volltext,ERLEDIGT/CvK_KLD_codiert/HHP.txt,4338,77,77,19,utf-8-sig,6ff1392239b71d531b25df668c811eb50a4183fccceb8ad363068a1f4c34d5d1,,
erledigt/cvk_kld_codiert/hhw.txt,HHW,volltext,ERLEDIGT/CvK_KLD_codiert/HHW.txt,9227,145,145,19,utf-8-sig,6aa96e9a13ce3605d2cd3bce715fa4f862f3ade898d329a0797917d4b919f4a0,,
erledigt/cvk_kld_codiert/hmu.txt,HMU,volltext,ERLEDIGT/CvK_KLD_codiert/HMU.txt,755,13,13,19,utf-8-sig,8379977561b22a21f687faaba0a687c8153685136a1eb3e1bf5a243f33b8d707,,
erledigt/cvk_kld_codiert/hst.txt,HST,volltext,ERLEDIGT/CvK_KLD_codiert/HST.txt,2599,46,46,19,utf-8-sig,76bda4afbf2149f453ff1d67f5ea49f1299482623a35bc28e502c5f8f7db9293,,
erledigt/cvk_kld_codiert/hvs.txt,HVS,volltext,ERLEDIGT/CvK_KLD_codiert/HVS.txt,21322,372,372,19,utf-8-sig,b7442716d90d359076a81ef942d5b7aef2f5ce26f9e41fd941e9b5a950809a1f,,
erledigt/cvk_kld_codiert/hvw.txt,HVW,volltext,ERLEDIGT/CvK_KLD_codiert/HVW.txt,6843,120,120,19,utf-8-sig,d3131de465edeaf4184d47edc6786a0371abd6ee0e48356f02e715e145f5ae14,,
erledigt/cvk_kld_codiert/hwi.txt,HWI,volltext,ERLEDIGT/CvK_KLD_codiert/HWI.txt,3814,70,70,19,utf-8-sig,388dd65133c357a93ebb600a3ccbd7f48c8fe2b349f489435ea3aeaa9572fe4a,,
erledigt/cvk_kld_codiert/kan.txt,KAN,volltext,ERLEDIGT/CvK_KLD_codiert/KAN.txt,66139,1288,1288,19,utf-8-sig,9b82ef85d62661ea1f24a18ece5d5ebc620e16a6fed4c1d92fc5abf882b79220,,
erledigt/cvk_kld_codiert/kcj.txt,KCJ,volltext,ERLEDIGT/CvK_KLD_codiert/KCJ.txt,2157,36,36,19,utf-8-sig,ab800cf9bea07da6dfc10b1c3d9753efe9c68dd8a75e971a56b52ffa7bf2a3bf,,
erledigt/cvk_kld_codiert/kol.txt,KOL,volltext,ERLEDIGT/CvK_KLD_codiert/KOL.txt,2274,33,33,19,utf-8-sig,1d0057928c299649a47c5a516a2bd0b2f3f9de82b96eb1c81852ded78d025cb5,,
erledigt/cvk_kld_codiert/kvh.txt,KVH,volltext,ERLEDIGT/CvK_KLD_codiert/KVH.txt,9726,173,173,19,utf-8-sig,b7707af30107e4cc7eede3e265d1b89310a7965e5f31bb6dd563eb71e0a76b93,,
erledigt/cvk_kld_codiert/kvl.txt,KVL,volltext,ERLEDIGT/CvK_KLD_codiert/KVL.txt,9322,167,167,19,utf-8-sig,60522a0876abdf56fb1d23c12eb9f2a1ecb04d365c83b251a5a74caa786b349f,,
erledigt/cvk_kld_codiert/lvs.txt,LVS,volltext,ERLEDIGT/CvK_KLD_codiert/LVS.txt,9187,155,155,19,utf-8-sig,36a16997dd1f0c14de6c44341ab26de4f6b28b87ba78ea0e652d432c75ba9956,,
erledigt/cvk_kld_codiert/mhm.txt,MHM,volltext,ERLEDIGT/CvK_KLD_codiert/MHM.txt,7409,133,133,19,utf-8-sig,52aa75e7ee66226d82abf0eb4af90857f4d71d3854be03bbdb1fbc70e3c2609b,,
erledigt/cvk_kld_codiert/mun.txt,MUN,volltext,ERLEDIGT/CvK_KLD_codiert/MUN.txt,4128,73,73,19,utf-8-sig,4a719bd3f33b23fc207f3133cbdab2f972a92fc19b3e3ead01d2ec39a47a27d7,,
erledigt/cvk_kld_codiert/mvh.txt,MVH,volltext,ERLEDIGT/CvK_KLD_codiert/MVH.txt,7616,137,137,19,utf-8-sig,f3be08139248d5764ec1171653d21155ecefb915b7a6d96074a58951dc992429,,
erledigt/cvk_kld_codiert/niu.txt,NIU,volltext,ERLEDIGT/CvK_KLD_codiert/NIU.txt,2835,48,48,19,utf-8-sig,ba7708807745e12577c0667099090947ba7dc00be2c9caa8511de11e59da2ce3,,
erledigt/cvk_kld_codiert/nml.txt,NML,volltext,ERLEDIGT/CvK_KLD_codiert/NML.txt,75088,1459,1459,"18,19",utf-8-sig,e1764726d2f702db0919afb1e4777a99415d15637cbbd4a34470bb29f16335d2,,
erledigt/cvk_kld_codiert/obp.txt,OBP,volltext,ERLEDIGT/CvK_KLD_codiert/OBP.txt,6975,125,125,19,utf-8-sig,46fd8f1e9906978a9fbc1bdbb56f87bf8d17412d4e93a77d40af00475ab167f8,,
erledigt/cvk_kld_codiert/ovb.txt,OVB,volltext,ERLEDIGT/CvK_KLD_codiert/OVB.txt,18306,303,303,19,utf-8-sig,401d0bffcaf2f6b68908b9105bd90785d715a26925c68651d7d17722fe270c00,,
erledigt/cvk_kld_codiert/pul.txt,PUL,volltext,ERLEDIGT/CvK_KLD_codiert/PUL.txt,7023,126,126,19,utf-8-sig,d9444aa5b7ba6250d52ba655f400797454cc12cc20728eb282825d25b9123645,,
erledigt/cvk_kld_codiert/rdj.txt,RDJ,volltext,ERLEDIGT/CvK_KLD_codiert/RDJ.txt,788,13,13,19,utf-8-sig,f25cc75fdd1694c8ab7c07a2efa6ca73cad31dc440c31d01666ecc4ed1d7240a,,
erledigt/cvk_kld_codiert/rds.txt,RDS,volltext,ERLEDIGT/CvK_KLD_codiert/RDS.txt,6012,103,103,19,utf-8-sig,d39da571af7b8861304d913f97166d76cdac0a868b93b6db6647f6a65e38884b,,
erledigt/cvk_kld_codiert/rdv.txt,RDV,volltext,ERLEDIGT/CvK_KLD_codiert/RDV.txt,5807,85,85,19,utf-8-sig,f4ca33896b88af59d46fa1965ae63faf2614aae74f82b7e9d8bcebadf49f5692,,
erledigt/cvk_kld_codiert/rub.txt,RUB,volltext,ERLEDIGT/CvK_KLD_codiert/RUB.txt,38897,685,685,19,utf-8-sig,18f045382b362add1d559413277799dae581e87f81b24d9b33529b51a8737044,,
erledigt/cvk_kld_codiert/rur.txt,RUR,volltext,ERLEDIGT/CvK_KLD_codiert/RUR.txt,566,11,11,17,utf-8-sig,350b4a516add32e82a23d2fd39780be292ed7549053fcd3090eb02493e4a9bf4,,
erledigt/cvk_kld_codiert/rvb.txt,RVB,volltext,ERLEDIGT/CvK_KLD_codiert/RVB.txt,18157,275,275,"18,19,20",utf-8-sig,bd023865ae8874b47d5748e4583209feaa47c38f6ff2ee83db2cda246cdcb506,,
erledigt/cvk_kld_codiert/rvr.txt,RVR,volltext,ERLEDIGT/CvK_KLD_codiert/RVR.txt,63785,1105,1105,19,utf-8-sig,8e696de4d7e5e4f073c3aa7c2d02803dfeb66cc9f556bbb28f443a025325a364,,
erledigt/cvk_kld_codiert/sjt.txt,SJT,volltext,ERLEDIGT/CvK_KLD_codiert/SJT.txt,9543,158,158,19,utf-8-sig,ff8e259aa1d4991b0391812a42f645cc1d287699db1f7cd0a9bf1a0b80f40bff,,
erledigt/cvk_kld_codiert/sta.txt,STA,volltext,ERLEDIGT/CvK_KLD_codiert/STA.txt,5795,111,111,19,utf-8-sig,d1b0f09764b9cc162d1a38011dc9646c0be83d9e339cd822fb15d1b489f158ae,,
erledigt/cvk_kld_codiert/sve.txt,SVE,volltext,ERLEDIGT/CvK_KLD_codiert/SVE.txt,12216,205,205,19,utf-8-sig,d1507e72eb1d8c768a3efc69d9cf571a84a5910794d3e30615beee7fa2183e8b,,
erledigt/cvk_kld_codiert/svl.txt,SVL,volltext,ERLEDIGT/CvK_KLD_codiert/SVL.txt,11370,218,218,19,utf-8-sig,a50809e74646c8ae80738a56903c27660fb0bbca48fc3bb8bfb8ec8bb2998124,,
erledigt/cvk_kld_codiert/tus.txt,TUS,volltext,ERLEDIGT/CvK_KLD_codiert/TUS.txt,18344,327,327,19,utf-8-sig,68408f8c25fa8ab5eddac0f58ca1a890a0df09825b2b051c738f1a13bf7e7e11,,
erledigt/cvk_kld_codiert/uvl.txt,UVL,volltext,ERLEDIGT/CvK_KLD_codiert/UVL.txt,129711,2385,2385,19,utf-8-sig,48b21f6376b4a70cd4692bcee43b275f2c17b36f5f4e12f283add7c7becb563d,,
erledigt/cvk_kld_codiert/uvw.txt,UVW,volltext,ERLEDIGT/CvK_KLD_codiert/UVW.txt,93812,1701,1701,19,utf-8-sig,423adcd962336399d4a2f1557ffa4269d03407597e156e6060571ff031a3bf4b,,
erledigt/cvk_kld_codiert/uwl.txt,UWL,volltext,ERLEDIGT/CvK_KLD_codiert/UWL.txt,37907,567,567,19,utf-8-sig,3f75126c417f530bbeba786b3933f93de46ea7dec655c4cb12c64af9b8349bfb,,
erledigt/cvk_kld_codiert/vbu.txt,VBU,volltext,ERLEDIGT/CvK_KLD_codiert/VBU.txt,4808,90,90,19,utf-8-sig,eadad3bd2f76b34688b6f4bc7c399f5c8975ee0c7be9258e3d3e18644b925501,,
erledigt/cvk_kld_codiert/vdk.txt,VDK,volltext,ERLEDIGT/CvK_KLD_codiert/VDK.txt,10988,217,217,19,utf-8-sig,c213eb847a816219715026c147c122b168086dbdb9b9bacb230a42286ba0db3f,,
erledigt/cvk_kld_codiert/vob.txt,VOB,volltext,ERLEDIGT/CvK_KLD_codiert/VOB.txt,9990,181,181,19,utf-8-sig,f8c338d04dc090c0fd9c1a8f4d7fbf39cf6e57647267f5eca1e148bd066df275,,
erledigt/cvk_kld_codiert/vsa.txt,VSA,volltext,ERLEDIGT/CvK_KLD_codiert/VSA.txt,10054,180,180,19,utf-8-sig,8977556aef573da989206587ad66f56ac0641f5adf0c962aa73b1dd25ba0db57,,
erledigt/cvk_kld_codiert/vsb.txt,VSB,volltext,ERLEDIGT/CvK_KLD_codiert/VSB.txt,4137,81,81,19,utf-8-sig,54d5e92e63a44df448b2b14f0d50d70ec46035569ab7cc647cf478caeeb4f97a,,
erledigt/cvk_kld_codiert/vst.txt,VST,volltext,ERLEDIGT/CvK_KLD_codiert/VST.txt,3457,64,64,19,utf-8-sig,72c58c41378685f970ba6280357a947ec35c6996931e7ded02b33e60fb7c0dae,,
erledigt/cvk_kld_codiert/vsu.txt,VSU,volltext,ERLEDIGT/CvK_KLD_codiert/VSU.txt,3570,63,63,19,utf-8-sig,55ee8f7c53c3856a2edc41e1a2139402ec74781b83f37dfef8d720335a7a49b7,,
erledigt/cvk_kld_codiert/vwi.txt,VWI,volltext,ERLEDIGT/CvK_KLD_codiert/VWI.txt,4542,77,77,19,utf-8-sig,dd78235fa52d947c59cdb0a78c77e46243301119b797f0d3e74d89b5ec996fe7,,
erledigt/cvk_kld_codiert/wme.txt,WME,volltext,ERLEDIGT/CvK_KLD_codiert/WME.txt,18250,317,317,19,utf-8-sig,ec5bd14f23b9ca4a964d3c14479aab35b6e783689a9259ea7dbb67a8d05e8418,,
erledigt/cvk_kld_codiert/wvb.txt,WVB,volltext,ERLEDIGT/CvK_KLD_codiert/WVB.txt,7142,120,120,19,utf-8-sig,6a7d98efb5beb513907dbee475fe59011d76b9d5b8d2ac722c700c9d40feea41,,
erledigt/cvk_kld_codiert/wve.txt,WVE,volltext,ERLEDIGT/CvK_KLD_codiert/WVE.txt,17528,329,329,19,utf-8-sig,8d757f3a331b4376e80ca24a1821631b82184aa3d7e202907944d0467509f27e,,
erledigt/cvk_kld_codiert/wvg.txt,WVG,volltext,ERLEDIGT/CvK_KLD_codiert/WVG.txt,3073,51,51,19,utf-8-sig,451f344fdcc2d058cf47a2c35522708ec7e0c2890da95bf6aa43eae1eee6ffa5,,
erledigt/cvk_kld_codiert/wvh.txt,WVH,volltext,ERLEDIGT/CvK_KLD_codiert/WVH.txt,5158,99,99,19,utf-8-sig,1c636f6758c49201768362fa105c309bb867f5826a802ec72adc91886ad7a15e,,
erledigt/cvk_kld_codiert/wvk.txt,WVK,volltext,ERLEDIGT/CvK_KLD_codiert/WVK.txt,9611,175,175,19,utf-8-sig,58071888a33a84de3ee2b32e183651e899b84e1d43d840551ee447d5930341b6,,
erledigt/cvk_kld_codiert/wvm.txt,WVM,volltext,ERLEDIGT/CvK_KLD_codiert/WVM.txt,4995,93,93,19,utf-8-sig,e71cec8d8812e7e304d66bb509a7d0dd9c96cb8c36890e5eeac78f25b86277c1,,
erledigt/cvk_kld_codiert/wvp.txt,WVP,volltext,ERLEDIGT/CvK_KLD_codiert/WVP.txt,14072,246,246,19,utf-8-sig,1998d6db063f973f9cca07a099f4d4bc4622c81cfb0eb4846dc93cfaebbedf7b,,
erledigt/der-junge-meissner/djum.txt,DJUM,volltext,ERLEDIGT/Der junge Meißner/DJUM.txt,124350,2170,2170,19,utf-8-sig,1b725813f38ca1bb06e6af156421d07ea1ba1d0f1a0797228c605f835fafa154,,
erledigt/der-marner/mml.txt,MML,volltext,ERLEDIGT/Der Marner/MML.txt,131222,2235,2235,19,utf-8-sig,7dcfd89bd002cd79d358c0d8577615ba2d885e50919ed0955e4e30919124dfce,,
erledigt/der-marner/mrl.txt,MRL,volltext,ERLEDIGT/Der Marner/MRL.txt,26008,566,566,19,utf-8-sig,2e7f26a492f2d8d16132b128fee0f9a4a44e714c9d4f0b6cd02ea80ced8d7938,,
erledigt/der-marner/mrs.txt,MRS,volltext,ERLEDIGT/Der Marner/MRS.txt,114585,1907,1907,19,utf-8-sig,ea02247499233206fdd994cbe4ab889620467a6ddfdd4cb176dc97e8e3320d5d,,
erledigt/eb1.txt,EB1,volltext,ERLEDIGT/EB1.txt,16920,204,204,19,utf-8-sig,d7777f40e4d2380c353197e01e8e41e6aa9a3f18b5beb23506c78a9cb97b212b,,
erledigt/eb2.txt,EB2,volltext,ERLEDIGT/EB2.txt,11929,145,145,19,utf-8-sig,5dfbec41c72cce98cdbcdbb70522278984b377b8273242d37902259f411f95e2,,
erledigt/ehb.txt,EHB,volltext,ERLEDIGT/EHB.txt,274834,3246,3246,19,utf-8-sig,8063995dd20120a0fddc74c4c5480e0252a027bc454e98069eccd243712ceff6,,
erledigt/fan.txt,FAN,volltext,ERLEDIGT/FAN.txt,14888,183,183,19,utf-8-sig,272b3b79729f29f027ac35ec9b2e24d9d030a70c93fcfa3582f75b99792874dc,,
erledigt/flg.txt,FLG,volltext,ERLEDIGT/FLG.txt,133546,1602,1601,19,utf-8-sig,b2aa65a81f53caccbfd68d11fe7364264634ecb0be0d9782e425b64d85f10fe1,,
erledigt/fr2.txt,FR2,volltext,ERLEDIGT/FR2.txt,22478,416,416,19,utf-8-sig,ae7823c634b70c81329538c6317547b48619e7303b735a683dda8255bc09b886,,scripts/ingest/frauenlob/source/FR2-linecode.txt
erledigt/fr3.txt,FR3,volltext,ERLEDIGT/FR3.txt,522767,9605,9605,"18,19",utf-8-sig,f3b42def38a740c79c15da1547b65787ce5fa05db7f004205f67d8d0985b3294,,scripts/ingest/frauenlob/source/FR3-linecode.txt
erledigt/frauenlob_bd2-codiert.rtf,,,ERLEDIGT/Frauenlob_Bd2-codiert.rtf,2492607,,,,,de9e87bada5981d1a3329e7c220765a61ca41bcc01fe0d3b6720ba0c0284f77e,,
erledigt/gvv.txt,GVV,volltext,ERLEDIGT/GVV.txt,17109,339,338,19,cp1252,296feedf26e448ca18f50687ad09f0272684eaf1e792a3916a7f61059bf1b426,,
erledigt/hni.txt,HNI,volltext,ERLEDIGT/HNI.txt,10513,78,78,19,utf-8-sig,7cd238d854dd93ec0ad7c403e5aa3c7d0c4971f2cbde76bb53dada143e5502b6,,
erledigt/jenaer-meissner/djem.txt,DJEM,volltext,ERLEDIGT/Jenaer Meißner/DJEM.txt,108077,1618,1618,19,utf-8-sig,f51892081f6372313e05c785b546981955d9a28f26713fa0980c3c7791eb06b6,,
erledigt/kochrezepttextsammlungen/fertig-codiert/brix.txt,BRIX,volltext,ERLEDIGT/Kochrezepttextsammlungen/fertig codiert/BRIX.txt,30948,413,413,19,utf-8-sig,2e328aff0a1f1ee3fa081313d864db84f69f14795b4bdee3d7cdda5c5f5b19d7,,
erledigt/kochrezepttextsammlungen/fertig-codiert/des2.txt,DES2,volltext,ERLEDIGT/Kochrezepttextsammlungen/fertig codiert/DES2.txt,46135,848,848,19,utf-8-sig,dfcd68916a6fc4ea4c16f4b5c610d70b7dcb7d583959294fb7dea8e551f93e6c,,
erledigt/kochrezepttextsammlungen/fertig-codiert/fwwb.txt,FWWB,volltext,ERLEDIGT/Kochrezepttextsammlungen/fertig codiert/FWWB.txt,1274,17,17,19,utf-8-sig,b44447eac1a79a81b3282fc53d7ee3757b276f70255891f5b2c392e7620e91a4,,
erledigt/kochrezepttextsammlungen/fertig-codiert/hub1.txt,HUB1,volltext,ERLEDIGT/Kochrezepttextsammlungen/fertig codiert/HUB1.txt,32768,450,450,19,utf-8-sig,3553148dfa9aab456cc332ca5cb4c0caff026b2d48f35df38ad737499b101f59,,
erledigt/kochrezepttextsammlungen/fertig-codiert/hub2.txt,HUB2,volltext,ERLEDIGT/Kochrezepttextsammlungen/fertig codiert/HUB2.txt,21992,303,303,19,utf-8-sig,6e0dc3a8674555de0ac1a4a332b52b38f61513e5108b0e9688552eb3dc7a31f3,,
erledigt/kochrezepttextsammlungen/fertig-codiert/hub3.txt,HUB3,volltext,ERLEDIGT/Kochrezepttextsammlungen/fertig codiert/HUB3.txt,41490,573,573,19,utf-8-sig,413ac1b4475664dbcb57284cb9c6153a50fbea7413da838304396513af0593ca,,
erledigt/kochrezepttextsammlungen/fertig-codiert/kbl3.txt,KBL3,volltext,ERLEDIGT/Kochrezepttextsammlungen/fertig codiert/KBL3.txt,20827,314,314,19,utf-8-sig,f519bfc3422126bc63e334f60ea717a5a4032151149deff27b4cc4ebda88007d,,
erledigt/kochrezepttextsammlungen/fertig-codiert/kbl4.txt,KBL4,volltext,ERLEDIGT/Kochrezepttextsammlungen/fertig codiert/KBL4.txt,44928,628,628,19,utf-8-sig,2baefdeb7809fa855bbf9b2c2b8f0370ad64b9339ef56d9f3c7ba7c406540649,,
erledigt/kochrezepttextsammlungen/fertig-codiert/kbl5.txt,KBL4,volltext,ERLEDIGT/Kochrezepttextsammlungen/fertig codiert/KBL5.txt,44930,629,628,19,utf-8-sig,ae268c1cb8965e68edd9be9597f94149182bd322c94e97309566ff2dca463122,,
erledigt/kochrezepttextsammlungen/fertig-codiert/ksa1.txt,KSA1,volltext,ERLEDIGT/Kochrezepttextsammlungen/fertig codiert/KSA1.txt,24170,313,313,19,utf-8-sig,2d0819e7e643799ab9c8672210bd52f8a85237aaaca119d3711ebd2cbd53ce6f,,
erledigt/kochrezepttextsammlungen/fertig-codiert/mbs1.txt,MBS1,volltext,ERLEDIGT/Kochrezepttextsammlungen/fertig codiert/MBS1.txt,1960,27,27,19,utf-8-sig,cc65d9fc02a2d5154b23be2dbd7b3696c01d480d5f3f322eb4a89da05b6d17e6,,
erledigt/kochrezepttextsammlungen/fertig-codiert/mbs2.txt,MBS2,volltext,ERLEDIGT/Kochrezepttextsammlungen/fertig codiert/MBS2.txt,23750,319,319,19,utf-8-sig,08ea749bd49943b2a6cc6a8db6bbe0749eb47d354d70314ce9fa6884e7645afa,,
erledigt/kochrezepttextsammlungen/fertig-codiert/mbs5.txt,MBS5,volltext,ERLEDIGT/Kochrezepttextsammlungen/fertig codiert/MBS5.txt,11532,162,162,"18,19",utf-8-sig,52ca2808a84e3ee7146a8fe8077e4927721667ecb4715ef2d8d3027664d86e76,,
erledigt/kochrezepttextsammlungen/fertig-codiert/mbs7.txt,MBS7,volltext,ERLEDIGT/Kochrezepttextsammlungen/fertig codiert/MBS7.txt,1898,26,26,19,utf-8-sig,76b476744fe66a5761d7c51bf4cb579a2b8935c99e94a300d743b46e77800ec6,,
erledigt/kochrezepttextsammlungen/fertig-codiert/msb1.txt,MSB1,volltext,ERLEDIGT/Kochrezepttextsammlungen/fertig codiert/MSB1.txt,5962,76,76,19,utf-8-sig,61b34dcf48eacaef8b8a1858f30bc6ba2a35eaebffa12cc76a082820a493aa72,,
erledigt/konig-vom-odenwald/kvo.txt,KVO,volltext,ERLEDIGT/König vom Odenwald/KVO.txt,92601,1871,1871,19,utf-8-sig,737b254cfe36cfa44787e611a74d037ad31df572a8948095c48df8104c246503,,
erledigt/luu.txt,LUU,volltext,ERLEDIGT/LUU.txt,127517,1563,1562,19,utf-8-sig,0952488d24e9301014f7093b192ddac7c87f49cd2bae67543376d76ef7b1d28b,,
erledigt/mhm.txt,MHM,volltext,ERLEDIGT/MHM.txt,7186,133,132,19,cp1252,d8802faebfa479b78df1c845aafc3bd21dcd2f09f4dcccfc81a9c4261abba711,,
erledigt/mr1.txt,MR1,volltext,ERLEDIGT/MR1.txt,492984,9552,9552,19,utf-8-sig,110cd4f7c83b556a43e4a9cbb98ced81718b2f3549a4a459b2686ebc6435a002,,
erledigt/mr2.txt,MR2,volltext,ERLEDIGT/MR2.txt,475707,9076,9076,19,utf-8-sig,f828bdce6e693612049003e05af770df00bc7c274b9e4e6a55c4d5e88ea3c9ca,,
erledigt/msp.txt,MSP,volltext,ERLEDIGT/MSP.txt,33753,403,403,19,utf-8-sig,682291c70d7ec2c05f46b3899a99af1746640b0359a7bd3955f353b5a43eccfc,,
erledigt/nar.txt,NAR,volltext,ERLEDIGT/NAR.txt,405679,7273,7273,19,utf-8-sig,ceaaca6b74c65bbbfe4fb59fec46cf825c8d94032df085783b0593681511df5e,,
erledigt/neidhart-c/neic.txt,NEIC,volltext,ERLEDIGT/Neidhart-c/NEIC.txt,519235,10981,10981,13,utf-8-sig,7b3a0e28be97bbeb8217ac90224a788f8330dfc18a3661ad269edccde0158ca5,,
erledigt/neidhart-c/neic_exportiert.txt,NEIC,volltext,ERLEDIGT/Neidhart-c/NEIC_exportiert.txt,508046,10981,10981,13,utf-8-sig,89f06d7ab40d178b81b803b58b5a64d0ecdb3a6e25566d8dddd5202a05e2cf7b,,
erledigt/neidhart-c/neic_quelle-cod.txt,NEIC,volltext,ERLEDIGT/Neidhart-c/NEIC_Quelle-cod.txt,519666,10982,10982,13,utf-8-sig,9ab807f0767d9ecb1730e694d576e29307a26267bb641e17c9c1465e6f9b066a,,
erledigt/neidhart-c/neic_quelle-cod_1010.txt,NEIC,volltext,ERLEDIGT/Neidhart-c/NEIC_Quelle-cod_1010.txt,519784,10999,10999,13,utf-8-sig,e1887674829f34b2e6af6f59adb86a80cf623b15cfbfa02834e60873dc6aa90f,,
erledigt/nst.txt,NST,volltext,ERLEDIGT/NST.txt,4093,49,49,19,utf-8-sig,ee9b5ddad8c73ffae15889658411311710aaf9aae22da983d0f192122d7d6756,,
erledigt/puc_korr_12_3_2013.txt,PUC,volltext,ERLEDIGT/PUC_korr_12_3_2013.txt,615521,7987,7987,19,utf-8-sig,efa46d0ff4d36eaed1e9ddabdfe80395fe7ca0d1e27c6e156bcf9eb5feb21389,,
erledigt/reg.txt,REG,volltext,ERLEDIGT/REG.txt,1178,14,14,19,utf-8-sig,717ddf569c2b550ec336dc0b3573966de76eb09f043b614ecb52e6e3a48f8557,,
erledigt/rumelant-von-sachsen/rls.txt,RLS,volltext,ERLEDIGT/Rumelant von Sachsen/RLS.txt,105785,1844,1844,19,utf-8-sig,c0489e27daf08de5c885919f9cd47dbd7c5680b069734a4c8bbed67ff4c90a83,,
erledigt/rvbr.txt,RVBR,volltext,ERLEDIGT/RVBR.txt,1357233,27624,27624,19,utf-8-sig,3fa0bf0c88085e7eb86dfbb067244563f7e7a34f2439a7e259e42dcb7e994ef2,,
erledigt/sbf.txt,SBF,volltext,ERLEDIGT/SBF.txt,2598,46,46,19,utf-8-sig,c573d34963cc31ceea6088467b65076a32fc8c5f8d7f506641b1c3807925bbfe,,
erledigt/schweizerminnesaengercod/sa.txt,SA,volltext,ERLEDIGT/SchweizerMinnesaengerCod/SA.txt,4921,98,98,19,utf-8-sig,ff4776be3046f9ac35eaedbc5720e5450405325b42b0d49df20c0facaf53cb5d,,
erledigt/schweizerminnesaengercod/sdg.txt,SDG,volltext,ERLEDIGT/SchweizerMinnesaengerCod/SDG.txt,26876,541,541,19,utf-8-sig,4356ec4a3295d579b4364ea554d0a066774f181cebe0f2caada07e1d4a7f47a3,,
erledigt/schweizerminnesaengercod/sdt.txt,SDT,volltext,ERLEDIGT/SchweizerMinnesaengerCod/SDT.txt,9080,174,174,19,utf-8-sig,62dc5bd3f2767f79330d4b7d722424670d6cfa9231487fdf24ee6c5d2d8def47,,
erledigt/schweizerminnesaengercod/ses.txt,SES,volltext,ERLEDIGT/SchweizerMinnesaengerCod/SES.txt,12823,253,253,19,utf-8-sig,576e9cefcab4dc986d61ff15f9a264ecc19e14e12d66348b051a9ecbc68b136b,,
erledigt/schweizerminnesaengercod/sg.txt,SG,volltext,ERLEDIGT/SchweizerMinnesaengerCod/SG.txt,3238,43,43,19,utf-8-sig,d507aa7cf45aba1bcec0cc548a679631c097e764d052c2b11c563ee3b711a9af,,
erledigt/schweizerminnesaengercod/sgo.txt,SGO,volltext,ERLEDIGT/SchweizerMinnesaengerCod/SGO.txt,16495,342,342,13,utf-8-sig,879092e4a8c2c05227b53888f71d41eeca5102e3ab0249acd69a28cf69d89797,,
erledigt/schweizerminnesaengercod/shf.txt,SHF,volltext,ERLEDIGT/SchweizerMinnesaengerCod/SHF.txt,6874,137,137,19,utf-8-sig,dc4b0bbd21d048f1d0f956010c0052c2dc6cb357c2feaccdb81baf299c20abab,,
erledigt/schweizerminnesaengercod/shr.txt,SHR,volltext,ERLEDIGT/SchweizerMinnesaengerCod/SHR.txt,2470,50,50,19,utf-8-sig,8fed8009dd3c320cdda21384f97093d8418cacad64c0e959222a60d0e46d2cb6,,
erledigt/schweizerminnesaengercod/shs.txt,SHS,volltext,ERLEDIGT/SchweizerMinnesaengerCod/SHS.txt,17078,322,322,19,utf-8-sig,58dc373339564219cc5f65faa9955c79a06653550d3770f7d641ec368abc0297,,
erledigt/schweizerminnesaengercod/sht.txt,SHT,volltext,ERLEDIGT/SchweizerMinnesaengerCod/SHT.txt,3072,59,59,19,utf-8-sig,f84a8f3f25e654231f193a4994294b26b3694b80f556859a799b86ae7874a5a4,,
erledigt/schweizerminnesaengercod/sjh.txt,SJH,volltext,ERLEDIGT/SchweizerMinnesaengerCod/SJH.txt,120771,2242,2242,19,utf-8-sig,7a4ad74b94b82407315212b6a74ed046b3118e574926f78f4100d0ebc93f808e,,
erledigt/schweizerminnesaengercod/sjr.txt,SJR,volltext,ERLEDIGT/SchweizerMinnesaengerCod/SJR.txt,14872,222,222,19,utf-8-sig,89d88c606cb2116c1a1046a1a268fb2eb1fa8963d5a6607ff89d7f1b5d754e19,,
erledigt/schweizerminnesaengercod/sjw.txt,SJW,volltext,ERLEDIGT/SchweizerMinnesaengerCod/SJW.txt,12780,236,236,19,utf-8-sig,9cb8090c756cbae55bdf2a8784946ce1091cd2f6f7a01ae9e88d18e95335c626,,
erledigt/schweizerminnesaengercod/skl.txt,SKL,volltext,ERLEDIGT/SchweizerMinnesaengerCod/SKL.txt,58111,1175,1175,19,utf-8-sig,52972746e54132e16f37db3661449c2146768b2d60b5de752816ad8707732da3,,
erledigt/schweizerminnesaengercod/sko.txt,SKO,volltext,ERLEDIGT/SchweizerMinnesaengerCod/SKO.txt,5269,109,109,19,utf-8-sig,194d17e11c64f84c12452fccab224ca84d7a4caae3cfe6b011dfbeba278b24a7,,
erledigt/schweizerminnesaengercod/skt.txt,SKT,volltext,ERLEDIGT/SchweizerMinnesaengerCod/SKT.txt,13041,253,253,19,utf-8-sig,2567b1811eda9966be55fbeb771249166afe4fc662481789b827f8eb6f025e2e,,
erledigt/schweizerminnesaengercod/smt.txt,SMT,volltext,ERLEDIGT/SchweizerMinnesaengerCod/SMT.txt,24867,411,411,19,utf-8-sig,ecc9b71da3c1c9f6b7e38323bfe2e077a16d5afa20d1d32a317b52d464b9a6b2,,
erledigt/schweizerminnesaengercod/sot.txt,SOT,volltext,ERLEDIGT/SchweizerMinnesaengerCod/SOT.txt,13763,263,263,19,utf-8-sig,8e02a45600c7233a337e42fff7cc2e6e782202b6620bcdf395d183a075d76901,,
erledigt/schweizerminnesaengercod/sp.txt,SP,volltext,ERLEDIGT/SchweizerMinnesaengerCod/SP.txt,2393,52,52,19,utf-8-sig,efdc210fc98510c50dc1491f22393e4968e9afd240d060262bec9db446c57f32,,
erledigt/schweizerminnesaengercod/sst.txt,SST,volltext,ERLEDIGT/SchweizerMinnesaengerCod/SST.txt,5046,106,106,19,utf-8-sig,1f6373f7d2d2ec29a496a8a6d25df24404782b0a2dd0715ef1464fc51002faeb,,
erledigt/schweizerminnesaengercod/st.txt,ST,volltext,ERLEDIGT/SchweizerMinnesaengerCod/ST.txt,8572,141,141,19,utf-8-sig,f5885ed9663e8a6c44daf24564da2e0c2b953d41a7035e4f44962078a473a736,,
erledigt/schweizerminnesaengercod/ste.txt,STE,volltext,ERLEDIGT/SchweizerMinnesaengerCod/STE.txt,25995,508,508,19,utf-8-sig,9e71e4f9d9bfb41614a94941c26aa4d7c48eb132123766849dc13b1e90a577e4,,
erledigt/schweizerminnesaengercod/sub.txt,SUB,volltext,ERLEDIGT/SchweizerMinnesaengerCod/SUB.txt,13947,253,253,19,utf-8-sig,856faf0ccd70515f823989dea47ddb543c75f4fd923b7442bde5c62a2858dd37,,
erledigt/schweizerminnesaengercod/sus.txt,SUS,volltext,ERLEDIGT/SchweizerMinnesaengerCod/SUS.txt,74716,1224,1224,19,utf-8-sig,0e5fe1eb599298403a142f1eb487b0c7ff8af33a53f971967603c4e7f6e3e160,,
erledigt/schweizerminnesaengercod/svw.txt,SVW,volltext,ERLEDIGT/SchweizerMinnesaengerCod/SVW.txt,8896,142,142,19,utf-8-sig,648d5aaaae309c99bed2d5073f18f8b456baf85a75ab75543bb49aa0e0639885,,
erledigt/schweizerminnesaengercod/swh.txt,SWH,volltext,ERLEDIGT/SchweizerMinnesaengerCod/SWH.txt,8509,155,155,19,utf-8-sig,69cf826bef5813b143bf67ddfa5936a49ed06eeabecf52eff5c53f5dcade2659,,
erledigt/schweizerminnesaengercod/swi.txt,SWI,volltext,ERLEDIGT/SchweizerMinnesaengerCod/SWI.txt,18366,352,352,19,utf-8-sig,9b48992e793d1250e991531c32f063ada102bb0c0afb5d6f300a53cd222634c5,,
erledigt/schweizerminnesaengercod/swk.txt,SWK,volltext,ERLEDIGT/SchweizerMinnesaengerCod/SWK.txt,12706,239,239,19,utf-8-sig,2d6e2b8c200b180d9b7e62ef808b827df49e16ef07d9efe61d6185ce4746f477,,
erledigt/schweizerminnesaengercod/swt.txt,SWT,volltext,ERLEDIGT/SchweizerMinnesaengerCod/SWT.txt,8126,159,159,19,utf-8-sig,d2a46edab1fa43fffde513196386737c281f54841287959b1ffe800801366cb9,,
erledigt/tann.txt,,,ERLEDIGT/TANN.txt,22796,774,774,19,utf-8-sig,acb601a4c9dd3aefc7b20d696e5d64036497d99abf98d24bbcd00d10d03699c7,,
erledigt/tannhauser/rohtext_fertig/tannh_i.txt,,,ERLEDIGT/Tannhäuser/Rohtext_fertig/Tannh_I.txt,6592,123,123,19,cp1252,ed088a82aa985be9addda4e6505073850ec9eb939d64c19ab052fa71cef07d58,,
erledigt/tannhauser/rohtext_fertig/tannh_ii.txt,,,ERLEDIGT/Tannhäuser/Rohtext_fertig/Tannh_II.txt,5193,104,104,19,cp1252,f5a85286ef54c300c93c629d0c70cf91c908358ebac75fa5538623c3157bb1b2,,
erledigt/tannhauser/rohtext_fertig/tannh_iii.txt,,,ERLEDIGT/Tannhäuser/Rohtext_fertig/Tannh_III.txt,6488,129,129,19,cp1252,52fe7b1633e7592433f38d31313200e4c77bf90be26ebb1616ef5bcb9724a241,,
erledigt/tannhauser/rohtext_fertig/tannh_iv.txt,,,ERLEDIGT/Tannhäuser/Rohtext_fertig/Tannh_IV.txt,8165,172,172,19,cp1252,63ebe40a3d91623979952056c2bc160657373de2d6cbdd38035fb214325055a6,,
erledigt/tannhauser/rohtext_fertig/tannh_ix.txt,,,ERLEDIGT/Tannhäuser/Rohtext_fertig/Tannh_IX.txt,2786,57,57,19,cp1252,657c8945e461e34230732f766c0f1ec40305f8c507eeb3714b72a603f1a787c7,,
erledigt/tannhauser/rohtext_fertig/tannh_v.txt,,,ERLEDIGT/Tannhäuser/Rohtext_fertig/Tannh_V.txt,7444,141,141,19,cp1252,40a2fe448768e7952753b123c2da2d8e33d44f8514206adb3eaffed70c026111,,
erledigt/tannhauser/rohtext_fertig/tannh_vi.txt,,,ERLEDIGT/Tannhäuser/Rohtext_fertig/Tannh_VI.txt,7311,150,150,19,cp1252,1fde148cad769e2354420a90154b5b2934498b7ce1e8195157e9c3dc5df42df8,,
erledigt/tannhauser/rohtext_fertig/tannh_vii.txt,,,ERLEDIGT/Tannhäuser/Rohtext_fertig/Tannh_VII.txt,2025,42,42,19,cp1252,a5aaad09ada0202500b0be2a52520c36d344bbe385c0cd32dc9636ce674771e7,,
erledigt/tannhauser/rohtext_fertig/tannh_viii.txt,,,ERLEDIGT/Tannhäuser/Rohtext_fertig/Tannh_VIII.txt,1385,30,30,19,cp1252,993cf73427c5119da7f8ab0869591256e3531f2d3bf6db33accdce503666fc78,,
erledigt/tannhauser/rohtext_fertig/tannh_x.txt,,,ERLEDIGT/Tannhäuser/Rohtext_fertig/Tannh_X.txt,2214,44,44,19,cp1252,843d92a6f1423e5512c0aff01e6285fe8656032677b0551c94942073fc512d2c,,
erledigt/tannhauser/rohtext_fertig/tannh_xi.txt,,,ERLEDIGT/Tannhäuser/Rohtext_fertig/Tannh_XI.txt,3199,60,60,19,cp1252,c76d4b26f81d49762e5f07a95455fc5287ffb279bb10ed5fb85a36f87d0a695c,,
erledigt/tannhauser/rohtext_fertig/tannh_xii.txt,,,ERLEDIGT/Tannhäuser/Rohtext_fertig/Tannh_XII.txt,3671,50,50,19,cp1252,ca5954af83723566edbd312ecdf5a34afae5901c180bc7f9647062ed27b4203e,,
erledigt/tannhauser/rohtext_fertig/tannh_xiii.txt,,,ERLEDIGT/Tannhäuser/Rohtext_fertig/Tannh_XIII.txt,4400,80,80,19,cp1252,e5cc9de10d0fa7f789eb54d4af2de742cca2ed39906277893f72c67557ec186b,,
erledigt/tannhauser/rohtext_fertig/tannh_xiv.txt,,,ERLEDIGT/Tannhäuser/Rohtext_fertig/Tannh_XIV.txt,4157,54,54,19,cp1252,d6a56fa917b4aff28fed834fa0af1e1c097a08340e481ad965963ff3a2ae8788,,
erledigt/tannhauser/rohtext_fertig/tannh_xv.txt,,,ERLEDIGT/Tannhäuser/Rohtext_fertig/Tannh_XV.txt,2126,51,51,19,cp1252,f93b614bb36647f4592e151191b19971aa6aa373bdf89a82184407b64708c5da,,
erledigt/tannhauser/rohtext_fertig/tannh_xvi.txt,,,ERLEDIGT/Tannhäuser/Rohtext_fertig/Tannh_XVI.txt,904,12,12,19,cp1252,ddd8ee6e0e022a1f405173ad865625ec9b16abe40a9c88dcfab06a9b05073e47,,
erledigt/tannhauser/ta_komplett.txt,TA,volltext,ERLEDIGT/Tannhäuser/TA_komplett.txt,69938,1299,1299,19,utf-8-sig,2616c46576f378ddd6bfd9a05aec7e7e951f423927345e9640e915c1d971b574,,
erledigt/tannhauser/ta_komplett-bak.txt,TA,volltext,ERLEDIGT/Tannhäuser/TA_komplett.txt.bak,69940,1299,1299,19,utf-8-sig,0ebc8580f692f3771cd3dd83f8ad77386cff4d7bc4358308042f70ff953fe89b,,
erledigt/tun.txt,TUN,volltext,ERLEDIGT/TUN.txt,97367,1341,1341,19,utf-8-sig,31b7f4e243e00ffd6a1170b67755d059afbc2e7d220911e4dd8de599258510ea,,
erledigt/vita_caroli_dt_gesamt_linecode_mit_tags.txt,VTC,volltext,ERLEDIGT/Vita_Caroli_dt_gesamt_linecode_mit_tags.txt,123749,1879,1879,19,utf-8-sig,f7e6223ff2ad2317a5024e559dec23160070a4dd693fb34343d22642420d2dce,,
erledigt/vita_caroli_dt_gesamt_linecode_test.txt,VTC,volltext,ERLEDIGT/Vita_Caroli_dt_gesamt_linecode_TEST.txt,123750,1879,1879,19,utf-8-sig,9123475b4132b293e36d224da6b3cd32c820e7cc9ea006b582664568ef5297ca,,
erledigt/vtc_neu.txt,VTC,volltext,ERLEDIGT/VTC_neu.txt,123171,1879,1879,19,utf-8-sig,9463c6dc0224d019e22f3ff22c97eab96a0b2ef803c04e3b9cedf974542d5897,,
erledigt/vua.txt,VUA,volltext,ERLEDIGT/VUA.txt,60938,766,765,19,utf-8-sig,c2694ca5aa6660c0dd09e5daea11c183603d75de332727c0f50b914a09843b8f,,
erledigt/waltherhaupttext.txt,,,ERLEDIGT/WaltherHaupttext.txt,259259,4744,4640,"18,19",cp1252,05ae994a44542ccc6e77bdd1915f915df71739b56b19c26237ab4ec4934b89a4,,ingest/wvv/WaltherHaupttext.txt
erledigt/waltherhaupttext1.txt,,,ERLEDIGT/WaltherHaupttext1.txt,259186,4744,4636,"18,19",cp1252,e240b3d4ff108f4a6b79373ec698ad2ce3573e322d758d0dd6371898e832b134,,ingest/wvv/WaltherHaupttext1.txt
erledigt/waltherhaupttext2.txt,,,ERLEDIGT/WaltherHaupttext2.txt,258513,4744,4640,"18,19",cp1252,36442ccd1427af68e4907fcd43a13174692d4555e172ba6337b96396a1cd3fc6,,ingest/wvv/WaltherHaupttext2.txt
erledigt/waltherhaupttext3.txt,,,ERLEDIGT/WaltherHaupttext3.txt,258417,4664,4664,19,cp1252,ed11781d286dd6cc8c0bdbb938734e0644c97ee8292d3701438c47a217804ada,,ingest/wvv/WaltherHaupttext3.txt
erledigt/waltherhaupttext_cn.txt,,,ERLEDIGT/WaltherHaupttext_cn.txt,14034,246,235,19,cp1252,9b272da2fda9c3ee1f0390f809e4bec664d1884d65a450950ac22d0d7c7d35ea,,ingest/wvv/WaltherHaupttext_cn.txt
erledigt/waltherleich.txt,,,ERLEDIGT/WaltherLeich.txt,9043,189,189,19,cp1252,d4c72700133fcf6d37a0c4246be25142b0ed140677bb01c49373e67863be2f90,,ingest/wvv/WaltherLeich.txt
neue-texte-klaus/clv.txt,CLV,volltext,Neue Texte Klaus/CLV.txt,71528,818,818,19,utf-8-sig,1c474b1c5c61677530c460dc8aa05cf3049be2e7cab305105abe06d818ccd9f1,,
neue-texte-klaus/efb.txt,CEFB,volltext,Neue Texte Klaus/EFB.txt,135893,1913,1913,19,utf-8-sig,6a2153da1b7e4ce68abbd71eaa20fa6f703d089e63687ae6290558e66321f73b,,
neue-texte-klaus/gtk2.txt,GWTK,volltext,Neue Texte Klaus/GTK2.txt,1265535,25581,25581,19,utf-8-sig,6167b5a4a668e4d96f9ca56ca0af3b37d4f698f694441b708b6a8244729c545b,,
neue-texte-klaus/normal.txt,VTC,namenregister,Neue Texte Klaus/Normal.txt,14040,468,468,19,utf-8-sig,7627b53fa9796d4859fd10f9002e5e24049edc8cce5381c4fea89e6416798eb4,,
