file;xml_id;form;normalisiert;action;review_grund;neu_lemmaRef;neu_pos;regel;regel_text;konfidenz;beleg;ziel_lemma_form;lemma_kandidaten;lemma_pos_alle;vers;umfeld
WZB.tei.xml;WZB_119rb_6_1;lŏblich;loeblich;REVIEW;konfidenz-mittel;;;R1;"Vorschlag ADJ nach R1; dagegen: ADV, wenn 'geheiligt lŏblich' als Art des Heiligens gelesen wird statt als Praedikat zu den Fruechten";mittel;geheiligt lŏblich, laudabilis als Praedikat;lobelich;lemma_3829;ADJ ADV GRA NOM;Aber in dem vierden iare alle ire fruchte sullen werden geheiligt **lŏblich** vnserm herren;fruchte sullen werden geheiligt **lŏblich** vnserm herren Aber in
WZB.tei.xml;WZB_11rb_21_2;grŏsen;groesen;REVIEW;ziel-lemma-passt-nicht/Z1;;;Z1;'wil grŏsen deinen namen' ist das Verb. Das Ziel-Lemma grôz (lemma_2534) fuehrt ADJ ADV GRA NOM und kein VRB. Das Verblemma gibt es: lemma_2535 grôzen VRB, morphologisch auf lemma_2534 zurueckgefuehrt, 13 Belege in 11 Texten. Der Matcher hat es trotzdem nicht finden koennen, und der Grund ist eine Luecke im Variantenbestand: lemma_2535 fuehrt in variants.xml genau neun Formen (grozte grozet grozten grossen grôzte grôzet grôssen grozzet grosset), und keine davon normalisiert auf 'groesen'. Genau darauf normalisiert aber das Token 'grŏsen', und 'groesen' ist unter lemma_2534 belegt (Form 'grösen', type_289948). Fuer diesen Schluessel stand das Verblemma also gar nicht zur Wahl. Die Zuordnung ist dabei duenn: die Normalform 'groesen' hat im ganzen Korpus 2 Tokens, eines davon ist dieses hier, der Eintrag steht also auf einem einzigen Beleg. Die dreistufige Aufloesung des Frontends ist nicht betroffen: fuer die Eingabe 'grôzen' trifft schon Stufe 1 auf lemma_2535, Stufe 2 kommt gar nicht dran. Das ist genau Kategorie C der #259-Messung, 'eigenes Lemma, variants zeigt anderswohin'. KZW entscheidet, ob das Token unter lemma_2535 gehoert: die 13 Belege sind ueberwiegend intransitiv ('min herze grôzet', 'der jamer grozzet'), die WZB-Stelle ist transitiv (magnificabo nomen tuum).;;;grôz;lemma_2534;ADJ ADV GRA NOM;vnd ich wil machen dich in ein gros geslechte vnd wil **grŏsen** deinen namen vnd wirst gesegent;gros geslechte vnd wil **grŏsen** deinen namen vnd wirst
WZB.tei.xml;WZB_183ra_36_2;pŏse;poese;REVIEW;konfidenz-mittel;;;R1;"Vorschlag ADJ nach R1; dagegen: NOM, wenn 'vnd pŏse' als eigenes 'und Boeses' gelesen wird statt als Nachtrag zu 'wunder'";mittel;grose wunder vnd pŏse, nachgestellt zu wunder;bœse;lemma_788;ADJ ADV GRA NOM;V Und tat czeichen vnd grose wunder vnd **pŏse** zu NOMIUS gegen vnd allem seinem house in vnser angesicht;vnd grose wunder vnd **pŏse** zu NOMIUS gegen vnd
WZB.tei.xml;WZB_202rb_8_2;grŏsers;groesers;REVIEW;konfidenz-mittel;;;R2;"Vorschlag NOM nach R2; dagegen: ADJ, wenn 'ein grŏsers' als Ellipse zu 'gewichte' im selben Satz gilt und nicht als Substantivierung";mittel;ein grŏsers vnd ein minners, Kopf getilgt;grôz;lemma_2534;ADJ ADV GRA NOM;Nicht soltu haben in dem sacke mancherlei gewichte ein **grŏsers** vnd ein minners;sacke mancherlei gewichte ein **grŏsers** vnd ein minners Noch
WZB.tei.xml;WZB_213ra_5_0;hŏrde;hoerde;REVIEW;ziel-lemma-passt-nicht/Z2;;;Z2;'die vorporgin hŏrde des sandes' (thesauros absconditos harenarum) ist der Hort, nicht das Hoeren. lemma_2908 hort NOM waere richtig. Die Zeile hoerde -> lemma_2885 in variants.xml ist fuer sich richtig (Praeteritum von hoeren) und nur fuer dieses Token falsch.;;;hœren;lemma_2885;INJ NOM VRB;Die volk werden sie rufen zu dem perge vnd aldo werden sie opfern opfer DEUTRO tir der gerechticheit die den vbergus des meres als milch werden sougen vnd die vorporgin **hŏrde** des sandes;sougen vnd die vorporgin **hŏrde** des sandes Und zu
WZB.tei.xml;WZB_26vb_34_5;tŏch;toech;REVIEW;ziel-lemma-passt-nicht/Z3;;;Z3;'von den tŏch XXVIII GENE tern deines ŏhems': das Token ist kein Wort, sondern die erste Haelfte von tŏchtern, zerrissen durch einen eingeschobenen Blattmarker. lemma_6135 tohter NOM waere das Ziel, aber vorher gehoert das Token zusammengesetzt. Dieselbe Bauart wie Punkt 1 des Tickets.;;;ziehen;lemma_7861;NOM VRB;sunder gee vnd czeuch in das lant in die stat zu in das hous deiner muter vater Und nym dir ein housvrow von den **tŏch** XXVIII GENE tern deines ŏhems;ein housvrow von den **tŏch** XXVIII GENE tern deines
WZB.tei.xml;WZB_28rb_34_12;gewŏnlichen;gewoenlichen;REVIEW;konfidenz-mittel;;;R3;"Vorschlag ADV nach R3; dagegen: ADJ, wenn 'als gewŏnlichen ist' als Praedikatsnomen gelesen wird statt als Adverb";mittel;als gewŏnlichen ist, adverbiale -en-Form;gewonlich;lemma_2355;ADJ ADV;vnd gab der ein mait die hies mit namen Und do bei der geslafen het als **gewŏnlichen** ist Und do es morgen wart do sach er das es was GENE;der geslafen het als **gewŏnlichen** ist Und do es
WZB.tei.xml;WZB_54vb_23_3;tŏch;toech;REVIEW;ziel-lemma-passt-nicht/Z3;;;Z3;'von siben tŏch EXO ter die quamen wasser schĕpfen': erste Haelfte von tŏchter, zerrissen durch den Blattmarker EXO. Siehe oben.;;;ziehen;lemma_7861;NOM VRB;Nu hatt der priester von siben **tŏch** EXO ter die quamen wasser schĕpfen vnd fulten die gerinne vnd begerten die schaf zu trenken ires vaters;der priester von siben **tŏch** EXO ter die quamen
WZB.tei.xml;WZB_98vb_8_5;vŏr;voer;REVIEW;konfidenz-mittel;;;R8;"Vorschlag ADV nach R8; dagegen: PRP, wenn 'vŏr' die Praeposition zu 'in dem ein gange' ist; das gemessene Kriterium traegt hier nur 158 zu 105";mittel;czihende vŏr in dem ein gange, Partikel;vor;lemma_7194;ADV GRA PRP;Ouch richte her ouf das groze geczelt in dem vmringe dicz geczeldis vnd des alters czihende **vŏr** in dem ein gange einen vorhang Aber do alle dink volkomen wurden;vnd des alters czihende **vŏr** in dem ein gange
