form_schluessel;lemma;tokens;grund;beispiele
geczeldis;lemma_2361;115;kein Typ fuer dieses Paar im Korpus belegt;WZB_79va_16_1 geczeldis | WZB_81rb_7_3 geczeldis | WZB_81rb_20_2 geczeldis
dorumbe;lemma_30703;99;kein Typ fuer dieses Paar im Korpus belegt;WZB_2rb_23_2 dorumbe | WZB_3va_23_2 dorumbe | WZB_3vb_13_2 dorumbe
geperte;lemma_1964;98;kein Typ fuer dieses Paar im Korpus belegt;WZB_6ra_10_1 geperte | WZB_6ra_11_0 geperte | WZB_6ra_12_0 geperte
wustenunge;lemma_59071;92;kein Typ fuer dieses Paar im Korpus belegt;WZB_18vb_23_4 wustenunge | WZB_36vb_21_4 wustenunge | WZB_38ra_14_7 wustenunge
besiczunge;lemma_44139;78;kein Typ fuer dieses Paar im Korpus belegt;WZB_14va_26_2 besiczunge | WZB_20rb_15_5 besiczunge | WZB_20va_19_2 besiczunge
scot;lemma_78668;69;kein Typ fuer dieses Paar im Korpus belegt;WZB_20va_3_2 scot | WZB_21va_8_3 scot | WZB_21va_10_1 scot
housvrowen;lemma_2938;68;kein Typ fuer dieses Paar im Korpus belegt;WZB_16vb_22_0 housvrowen | WZB_18ra_30_1 housvrowen | WZB_21ra_32_6 housvrowen
geczeuknusse;lemma_2367;56;kein Typ fuer dieses Paar im Korpus belegt;WZB_80ra_7_6 geczeuknusse | WZB_82ra_6_1 geczeuknusse | WZB_82vb_31_2 geczeuknusse
geczelde;lemma_2361;50;kein Typ fuer dieses Paar im Korpus belegt;WZB_81va_12_3 geczelde | WZB_82vb_28_3 geczelde | WZB_87vb_10_3 geczelde
czigen;lemma_26851;49;kein Typ fuer dieses Paar im Korpus belegt;WZB_13va_24_6 czigen | WZB_29vb_8_3 czigen | WZB_29vb_12_15 czigen
ousseczikeit;lemma_36171;46;kein Typ fuer dieses Paar im Korpus belegt;WZB_110va_24_5 ousseczikeit | WZB_110va_28_4 ousseczikeit | WZB_110va_31_3 ousseczikeit
toho;lemma_78628;45;kein Typ fuer dieses Paar im Korpus belegt;WZB_4rb_23_1 toho | WZB_5rb_21_0 toho | WZB_5rb_21_2 toho
tir;lemma_6080;45;kein Typ fuer dieses Paar im Korpus belegt;WZB_8ra_9_5 tir | WZB_8rb_2_8 tir | WZB_8rb_3_4 tir
opfertir;lemma_6080;41;kein Typ fuer dieses Paar im Korpus belegt;WZB_88vb_14_2 opfertir | WZB_99ra_8_0 opfertir | WZB_99ra_11_0 opfertir
menedis;lemma_3909;40;kein Typ fuer dieses Paar im Korpus belegt;WZB_7vb_32_2 menedis | WZB_8rb_33_2 menedis | WZB_8va_3_2 menedis
semil;lemma_5393;39;kein Typ fuer dieses Paar im Korpus belegt;WZB_71rb_13_5 semil | WZB_86rb_11_2 semil | WZB_99vb_37_5 semil
mageschaft;lemma_22720;38;kein Typ fuer dieses Paar im Korpus belegt;WZB_11rb_16_4 mageschaft | WZB_53va_20_1 mageschaft | WZB_119vb_26_2 mageschaft
housvrowe;lemma_2938;38;kein Typ fuer dieses Paar im Korpus belegt;WZB_11rb_31_3 housvrowe | WZB_18ra_25_4 housvrowe | WZB_18rb_15_3 housvrowe
alters;lemma_156;38;kein Typ fuer dieses Paar im Korpus belegt;WZB_12ra_24_1 alters | WZB_82ra_34_3 alters | WZB_82rb_10_0 alters
geheissen;lemma_18885;36;kein Typ fuer dieses Paar im Korpus belegt;WZB_4rb_6_6 geheissen | WZB_10va_36_1 geheissen | WZB_14va_9_2 geheissen
ouff;lemma_6330;35;kein Typ fuer dieses Paar im Korpus belegt;WZB_22va_17_7 ouff | WZB_39rb_33_5 ouff | WZB_48va_24_4 ouff
guldeine;lemma_2567;35;kein Typ fuer dieses Paar im Korpus belegt;WZB_22va_25_1 guldeine | WZB_56rb_16_4 guldeine | WZB_64ra_27_2 guldeine
czihet;lemma_7861;35;kein Typ fuer dieses Paar im Korpus belegt;WZB_32vb_13_2 Czihet | WZB_43va_3_2 Czihet | WZB_43vb_29_1 czihet
gepite;lemma_1971;35;kein Typ fuer dieses Paar im Korpus belegt;WZB_141va_9_3 gepite | WZB_157va_34_5 gepite | WZB_158rb_22_0 gepite
ŏl;lemma_4455;34;kein Typ fuer dieses Paar im Korpus belegt;WZB_35vb_4_2 ŏl | WZB_82vb_25_4 ŏl | WZB_82vb_26_0 ŏl
housvrow;lemma_2938;32;kein Typ fuer dieses Paar im Korpus belegt;WZB_16vb_16_4 housvrow | WZB_17rb_5_2 housvrow | WZB_18rb_4_3 housvrow
geczeuknusses;lemma_2367;32;kein Typ fuer dieses Paar im Korpus belegt;WZB_80ra_13_0 geczeuknusses | WZB_82vb_28_5 geczeuknusses | WZB_85ra_19_5 geczeuknusses
gemeiligt;lemma_18886;31;kein Typ fuer dieses Paar im Korpus belegt;WZB_38rb_15_0 gemeiligt | WZB_51va_20_1 gemeiligt | WZB_75rb_10_2 gemeiligt
ycliche;lemma_3006;31;kein Typ fuer dieses Paar im Korpus belegt;WZB_64ra_25_3 ycliche | WZB_70vb_8_4 ycliche | WZB_81rb_22_0 ycliche
pergis;lemma_521;31;kein Typ fuer dieses Paar im Korpus belegt;WZB_71vb_19_1 pergis | WZB_74ra_17_0 pergis | WZB_74ra_35_4 pergis
tŏchter;lemma_6135;30;kein Typ fuer dieses Paar im Korpus belegt;WZB_6va_22_5 tŏchter | WZB_10vb_16_2 tŏchter | WZB_11ra_4_5 tŏchter
vortilgen;lemma_6992;30;kein Typ fuer dieses Paar im Korpus belegt;WZB_7ra_32_7 vortilgen | WZB_7vb_7_2 vortilgen | WZB_9va_8_1 vortilgen
veisticheit;lemma_36292;30;kein Typ fuer dieses Paar im Korpus belegt;WZB_26rb_3_6 veisticheit | WZB_26va_25_7 veisticheit | WZB_77vb_34_5 veisticheit
heiligtumes;lemma_2710;30;kein Typ fuer dieses Paar im Korpus belegt;WZB_87rb_19_6 heiligtumes | WZB_96va_8_5 heiligtumes | WZB_96va_15_0 heiligtumes
dorvmbe;lemma_30703;29;kein Typ fuer dieses Paar im Korpus belegt;WZB_1ra_17_6 Dorvmbe | WZB_1va_20_5 Dorvmbe | WZB_4va_18_7 dorvmbe
thoho;lemma_78628;29;kein Typ fuer dieses Paar im Korpus belegt;WZB_56va_1_0 thoho | WZB_56va_1_4 thoho | WZB_57rb_38_4 thoho
weirouch;lemma_7528;28;kein Typ fuer dieses Paar im Korpus belegt;WZB_85rb_11_0 weirouch | WZB_85rb_27_4 weirouch | WZB_98ra_10_0 weirouch
silbereine;lemma_75669;26;kein Typ fuer dieses Paar im Korpus belegt;WZB_18rb_8_0 silbereine | WZB_22va_24_1 silbereine | WZB_38rb_21_1 silbereine
hŏe;lemma_2881;26;kein Typ fuer dieses Paar im Korpus belegt;WZB_27rb_9_0 hŏe | WZB_31vb_17_3 hŏe | WZB_54va_2_3 hŏe
hochczeit;lemma_2875;26;kein Typ fuer dieses Paar im Korpus belegt;WZB_28rb_31_0 hochczeit | WZB_28va_21_0 hochczeit | WZB_63rb_17_7 hochczeit
manden;lemma_3909;26;kein Typ fuer dieses Paar im Korpus belegt;WZB_66va_24_4 manden | WZB_66va_35_2 manden | WZB_73rb_18_3 manden
few̆er;lemma_7108;25;kein Typ fuer dieses Paar im Korpus belegt;WZB_10va_10_4 few̆er | WZB_17ra_36_1 few̆er | WZB_64vb_16_4 few̆er
enczunten;lemma_1511;25;kein Typ fuer dieses Paar im Korpus belegt;WZB_19va_7_0 enczunten | WZB_19va_10_1 enczunten | WZB_85va_35_2 enczunten
heiligtum;lemma_2710;25;kein Typ fuer dieses Paar im Korpus belegt;WZB_69rb_27_0 heiligtum | WZB_79va_13_4 heiligtum | WZB_82ra_2_2 heiligtum
ierige;lemma_27278;24;kein Typ fuer dieses Paar im Korpus belegt;WZB_13va_23_8 ierige | WZB_13va_24_5 ierige | WZB_123rb_35_1 ierige
ŏle;lemma_4455;24;kein Typ fuer dieses Paar im Korpus belegt;WZB_27va_21_6 ŏle | WZB_79va_7_3 ŏle | WZB_84vb_6_2 ŏle
dreissik;lemma_1222;24;kein Typ fuer dieses Paar im Korpus belegt;WZB_58vb_31_0 dreissik | WZB_59ra_11_0 dreissik | WZB_129ra_9_6 dreissik
gŏten;lemma_2465;24;kein Typ fuer dieses Paar im Korpus belegt;WZB_65ra_2_2 gŏten | WZB_75rb_35_0 gŏten | WZB_77ra_12_1 gŏten
geperunge;lemma_44214;23;kein Typ fuer dieses Paar im Korpus belegt;WZB_7rb_5_0 geperunge | WZB_7va_32_2 geperunge | WZB_8ra_11_1 geperunge
gŏte;lemma_2465;23;kein Typ fuer dieses Paar im Korpus belegt;WZB_31ra_30_4 gŏte | WZB_31rb_2_0 gŏte | WZB_31rb_7_0 gŏte
vorhank;lemma_30875;23;kein Typ fuer dieses Paar im Korpus belegt;WZB_82va_37_1 vorhank | WZB_92rb_7_2 vorhank | WZB_92vb_5_0 vorhank
reinigunge;lemma_28890;23;kein Typ fuer dieses Paar im Korpus belegt;WZB_86ra_20_1 reinigunge | WZB_99ra_20_4 reinigunge | WZB_110rb_1_5 reinigunge
ganczenczuntem;lemma_1511;23;kein Typ fuer dieses Paar im Korpus belegt;WZB_115rb_15_3 ganczenczuntem | WZB_115va_15_1 ganczenczuntem | WZB_123rb_1_3 ganczenczuntem
pzde;lemma_78628;22;kein Typ fuer dieses Paar im Korpus belegt;WZB_5rb_21_1 pzde | WZB_5rb_22_1 pzde | WZB_5rb_23_1 pzde
vortilget;lemma_6992;22;kein Typ fuer dieses Paar im Korpus belegt;WZB_8ra_36_4 vortilget | WZB_8rb_11_3 vortilget | WZB_14vb_14_6 vortilget
steigen;lemma_5763;22;kein Typ fuer dieses Paar im Korpus belegt;WZB_27rb_10_5 steigen | WZB_30va_19_0 steigen | WZB_30va_27_0 steigen
busovnen;lemma_961;22;kein Typ fuer dieses Paar im Korpus belegt;WZB_74ra_10_1 busovnen | WZB_74ra_23_4 busovnen | WZB_74vb_14_1 busovnen
hŏre;lemma_2885;20;kein Typ fuer dieses Paar im Korpus belegt;WZB_18va_19_3 hŏre | WZB_20ra_30_0 Hŏre | WZB_20rb_37_3 hŏre
ieriges;lemma_27278;20;kein Typ fuer dieses Paar im Korpus belegt;WZB_64vb_3_0 ieriges | WZB_99va_4_5 ieriges | WZB_107ra_10_5 ieriges
doum;lemma_1243;20;kein Typ fuer dieses Paar im Korpus belegt;WZB_82va_21_1 doum | WZB_82va_26_2 doum | WZB_82va_28_0 doum
friedsamen;lemma_15793;20;kein Typ fuer dieses Paar im Korpus belegt;WZB_107va_19_5 friedsamen | WZB_107vb_2_3 friedsamen | WZB_136vb_21_1 friedsamen
czihende;lemma_7861;19;kein Typ fuer dieses Paar im Korpus belegt;WZB_11va_20_1 czihende | WZB_48va_18_4 czihende | WZB_53rb_7_1 czihende
enczuntes;lemma_1511;19;kein Typ fuer dieses Paar im Korpus belegt;WZB_63vb_29_2 enczuntes | WZB_72vb_15_3 enczuntes | WZB_75ra_19_1 enczuntes
bzde;lemma_78628;19;kein Typ fuer dieses Paar im Korpus belegt;WZB_71vb_22_2 bzde | WZB_74vb_25_0 bzde | WZB_81vb_24_4 bzde
hout;lemma_2939;19;kein Typ fuer dieses Paar im Korpus belegt;WZB_85rb_12_4 hout | WZB_99rb_7_6 hout | WZB_101rb_16_4 hout
erstlinge;lemma_2;19;kein Typ fuer dieses Paar im Korpus belegt;WZB_85vb_16_4 erstlinge | WZB_92va_16_6 erstlinge | WZB_100ra_26_1 erstlinge
geperungen;lemma_44214;18;kein Typ fuer dieses Paar im Korpus belegt;WZB_7rb_7_2 geperungen | WZB_10rb_5_5 geperungen | WZB_14va_31_4 geperungen
camelen;lemma_13480;18;kein Typ fuer dieses Paar im Korpus belegt;WZB_11vb_15_5 camelen | WZB_21rb_21_3 camelen | WZB_21va_6_1 camelen
barmherczicheit;lemma_36009;18;kein Typ fuer dieses Paar im Korpus belegt;WZB_17ra_14_0 barmherczicheit | WZB_18ra_33_1 barmherczicheit | WZB_18vb_34_3 barmherczicheit
veiern;lemma_7058;18;kein Typ fuer dieses Paar im Korpus belegt;WZB_65ra_13_1 veiern | WZB_65ra_24_3 veiern | WZB_66va_34_0 veiern
ichtesicht;lemma_3022;18;kein Typ fuer dieses Paar im Korpus belegt;WZB_76vb_25_0 ichtesicht | WZB_102rb_9_2 ichtesicht | WZB_104va_21_0 ichtesicht
iacincten;lemma_3088;18;kein Typ fuer dieses Paar im Korpus belegt;WZB_79rb_34_6 iacincten | WZB_80vb_3_0 iacincten | WZB_81vb_6_2 iacincten
leuchter;lemma_27678;18;kein Typ fuer dieses Paar im Korpus belegt;WZB_80rb_27_1 leuchter | WZB_80va_9_2 leuchter | WZB_80va_21_1 leuchter
eingange;lemma_3034;18;kein Typ fuer dieses Paar im Korpus belegt;WZB_82va_35_1 eingange | WZB_94va_22_2 eingange | WZB_97vb_10_3 eingange
czorne;lemma_7897;17;kein Typ fuer dieses Paar im Korpus belegt;WZB_31va_3_2 czorne | WZB_69ra_17_4 czorne | WZB_77ra_22_3 czorne
vmringe;lemma_6433;17;kein Typ fuer dieses Paar im Korpus belegt;WZB_70va_12_1 vmringe | WZB_94vb_7_2 vmringe | WZB_98vb_7_2 vmringe
silberein;lemma_75669;17;kein Typ fuer dieses Paar im Korpus belegt;WZB_82va_16_3 silberein | WZB_95vb_30_2 silberein | WZB_96ra_4_5 silberein
vnreinikeit;lemma_36137;17;kein Typ fuer dieses Paar im Korpus belegt;WZB_91rb_9_1 vnreinikeit | WZB_102rb_7_0 vnreinikeit | WZB_102rb_10_2 vnreinikeit
vorlasenheit;lemma_45677;17;kein Typ fuer dieses Paar im Korpus belegt;WZB_102va_4_1 vorlasenheit | WZB_103va_34_1 vorlasenheit | WZB_104rb_15_3 vorlasenheit
et;lemma_78608;16;kein Typ fuer dieses Paar im Korpus belegt;WZB_2rb_32_2 et | WZB_2rb_32_4 et | WZB_55rb_23_10 et
ew̆er;lemma_56117;16;kein Typ fuer dieses Paar im Korpus belegt;WZB_9ra_25_1 ew̆er | WZB_9ra_25_4 ew̆er | WZB_15rb_23_5 ew̆er
wenn̆;lemma_7385;16;kein Typ fuer dieses Paar im Korpus belegt;WZB_12va_12_6 wenn̆ | WZB_14vb_15_5 wenn̆ | WZB_17va_17_6 wenn̆
heissen;lemma_18885;16;kein Typ fuer dieses Paar im Korpus belegt;WZB_14rb_9_3 heissen | WZB_14vb_19_0 heissen | WZB_15ra_13_1 heissen
vmhenge;lemma_9487;16;kein Typ fuer dieses Paar im Korpus belegt;WZB_80vb_12_3 vmhenge | WZB_80vb_13_4 vmhenge | WZB_81ra_11_1 vmhenge
behutest;lemma_467;16;kein Typ fuer dieses Paar im Korpus belegt;WZB_182va_19_3 behutest | WZB_183vb_29_8 behutest | WZB_187rb_4_4 behutest
is;lemma_1764;15;kein Typ fuer dieses Paar im Korpus belegt;WZB_4ra_14_1 is | WZB_25vb_22_5 is | WZB_26rb_17_1 is
czihe;lemma_7861;15;kein Typ fuer dieses Paar im Korpus belegt;WZB_12rb_13_4 czihe | WZB_22va_33_4 czihe | WZB_22vb_2_5 czihe
groses;lemma_2534;15;kein Typ fuer dieses Paar im Korpus belegt;WZB_15vb_11_0 groses | WZB_18vb_14_8 groses | WZB_42ra_36_0 groses
dorouf;lemma_1089;15;kein Typ fuer dieses Paar im Korpus belegt;WZB_19va_15_1 dorouf | WZB_27va_21_7 dorouf | WZB_31rb_14_5 dorouf
racional;lemma_45292;15;kein Typ fuer dieses Paar im Korpus belegt;WZB_79va_12_4 racional | WZB_83va_12_6 racional | WZB_83vb_8_3 racional
veldungen;lemma_6797;15;kein Typ fuer dieses Paar im Korpus belegt;WZB_80rb_5_0 veldungen | WZB_163ra_36_2 veldungen | WZB_167vb_4_2 veldungen
ganczenczunten;lemma_1511;15;kein Typ fuer dieses Paar im Korpus belegt;WZB_98va_25_3 ganczenczunten | WZB_99va_22_2 ganczenczunten | WZB_101rb_2_1 ganczenczunten
ganczenczunte;lemma_1511;15;kein Typ fuer dieses Paar im Korpus belegt;WZB_112vb_19_0 ganczenczunte | WZB_164rb_5_3 ganczenczunte | WZB_164va_32_0 ganczenczunte
creissen;lemma_3453;15;kein Typ fuer dieses Paar im Korpus belegt;WZB_127rb_12_5 creissen | WZB_172rb_3_4 creissen | WZB_178va_34_1 creissen
streitenden;lemma_5818;15;kein Typ fuer dieses Paar im Korpus belegt;WZB_131vb_26_1 streitenden | WZB_131vb_33_0 streitenden | WZB_132ra_5_1 streitenden
gegenwortigen;lemma_36573;15;kein Typ fuer dieses Paar im Korpus belegt;WZB_180ra_3_7 gegenwortigen | WZB_180vb_17_2 gegenwortigen | WZB_187ra_15_3 gegenwortigen
vorslossen;lemma_6956;14;kein Typ fuer dieses Paar im Korpus belegt;WZB_8rb_22_2 vorslossen | WZB_18rb_17_5 vorslossen | WZB_28ra_8_1 vorslossen
ruch;lemma_31613;14;kein Typ fuer dieses Paar im Korpus belegt;WZB_9ra_8_3 ruch | WZB_26ra_18_2 ruch | WZB_26ra_20_1 ruch
egiptischen;lemma_18910;14;kein Typ fuer dieses Paar im Korpus belegt;WZB_13vb_26_8 egiptischen | WZB_43rb_21_0 egiptischen | WZB_48ra_21_1 egiptischen
vorkouft;lemma_6879;14;kein Typ fuer dieses Paar im Korpus belegt;WZB_30vb_7_6 vorkouft | WZB_47rb_22_5 vorkouft | WZB_47va_4_7 vorkouft
gebrouchen;lemma_1984;14;kein Typ fuer dieses Paar im Korpus belegt;WZB_35rb_8_6 gebrouchen | WZB_83ra_6_0 gebrouchen | WZB_83rb_5_0 gebrouchen
tŏten;lemma_6133;14;kein Typ fuer dieses Paar im Korpus belegt;WZB_38rb_11_1 tŏten | WZB_54vb_13_3 tŏten | WZB_57rb_23_1 tŏten
czeuhest;lemma_7861;14;kein Typ fuer dieses Paar im Korpus belegt;WZB_78rb_24_2 czeuhest | WZB_176ra_22_6 czeuhest | WZB_185rb_21_3 czeuhest
sethimischem;lemma_16163;14;kein Typ fuer dieses Paar im Korpus belegt;WZB_81rb_21_0 sethimischem | WZB_81va_25_1 sethimischem | WZB_82ra_22_3 sethimischem
nŏrden;lemma_4424;13;kein Typ fuer dieses Paar im Korpus belegt;WZB_12rb_35_8 nŏrden | WZB_27rb_21_5 nŏrden | WZB_221rb_36_5 nŏrden
samens;lemma_5039;13;kein Typ fuer dieses Paar im Korpus belegt;WZB_14va_22_0 samens | WZB_114rb_10_1 samens | WZB_114va_20_1 samens
czweier;lemma_7929;13;kein Typ fuer dieses Paar im Korpus belegt;WZB_16vb_22_3 czweier | WZB_33va_8_0 czweier | WZB_80ra_11_1 czweier
heutigen;lemma_54849;13;kein Typ fuer dieses Paar im Korpus belegt;WZB_17vb_3_3 heutigen | WZB_25rb_20_0 heutigen | WZB_35vb_24_10 heutigen
achsil;lemma_92;13;kein Typ fuer dieses Paar im Korpus belegt;WZB_18va_27_6 achsil | WZB_21ra_35_2 achsil | WZB_21rb_12_0 achsil
getŏtet;lemma_6133;13;kein Typ fuer dieses Paar im Korpus belegt;WZB_38rb_31_5 getŏtet | WZB_54vb_14_2 getŏtet | WZB_100rb_24_6 getŏtet
erstgepornen;lemma_34610;13;kein Typ fuer dieses Paar im Korpus belegt;WZB_64rb_5_0 erstgepornen | WZB_133sra_22_1 erstgepornen | WZB_133srb_7_3 erstgepornen
humeral;lemma_2;13;kein Typ fuer dieses Paar im Korpus belegt;WZB_79va_12_0 humeral | WZB_83ra_19_1 humeral | WZB_83rb_8_7 humeral
vassen;lemma_6774;13;kein Typ fuer dieses Paar im Korpus belegt;WZB_80va_28_2 vassen | WZB_87rb_29_2 vassen | WZB_88ra_13_0 vassen
uorvluchet;lemma_7007;13;kein Typ fuer dieses Paar im Korpus belegt;WZB_204ra_2_3 Uorvluchet | WZB_204ra_5_5 Uorvluchet | WZB_204ra_8_7 Uorvluchet
vorterbte;lemma_6835;12;kein Typ fuer dieses Paar im Korpus belegt;WZB_5va_23_1 vorterbte | WZB_68va_21_2 vorterbte | WZB_88vb_32_6 vorterbte
vorgossen;lemma_6857;12;kein Typ fuer dieses Paar im Korpus belegt;WZB_9rb_8_1 vorgossen | WZB_113ra_8_0 vorgossen | WZB_113rb_17_2 vorgossen
guldeinen;lemma_68928;12;kein Typ fuer dieses Paar im Korpus belegt;WZB_21va_35_2 guldeinen | WZB_80rb_2_3 guldeinen | WZB_80rb_12_2 guldeinen
werkis;lemma_7487;12;kein Typ fuer dieses Paar im Korpus belegt;WZB_40rb_7_6 werkis | WZB_55vb_2_3 werkis | WZB_57vb_32_4 werkis
vorbrante;lemma_6824;12;kein Typ fuer dieses Paar im Korpus belegt;WZB_55rb_35_0 vorbrante | WZB_89rb_18_2 vorbrante | WZB_106ra_9_0 vorbrante
entvn;lemma_8268;12;kein Typ fuer dieses Paar im Korpus belegt;WZB_74va_22_1 entvn | WZB_123vb_3_3 entvn | WZB_124ra_9_5 entvn
weihunge;lemma_44080;12;kein Typ fuer dieses Paar im Korpus belegt;WZB_85va_22_1 weihunge | WZB_85vb_29_6 weihunge | WZB_105rb_23_2 weihunge
veistikeit;lemma_36292;12;kein Typ fuer dieses Paar im Korpus belegt;WZB_100rb_31_5 veistikeit | WZB_102ra_22_5 veistikeit | WZB_105ra_31_6 veistikeit
morserl;lemma_26724;12;kein Typ fuer dieses Paar im Korpus belegt;WZB_138ra_36_1 morserl | WZB_138rb_21_0 morserl | WZB_138va_5_0 morserl
schŏne;lemma_5280;11;kein Typ fuer dieses Paar im Korpus belegt;WZB_3vb_23_2 schŏne | WZB_4va_20_5 schŏne | WZB_7ra_9_5 schŏne
yeclicher;lemma_3006;11;kein Typ fuer dieses Paar im Korpus belegt;WZB_5vb_13_5 yeclicher | WZB_5vb_17_5 yeclicher | WZB_14vb_9_2 yeclicher
ereine;lemma_1285;11;kein Typ fuer dieses Paar im Korpus belegt;WZB_6ra_25_3 ereine | WZB_81ra_34_2 ereine | WZB_82rb_2_0 ereine
dreissick;lemma_1222;11;kein Typ fuer dieses Paar im Korpus belegt;WZB_6va_21_15 dreissick | WZB_7rb_28_4 dreissick | WZB_11ra_5_2 dreissick
czweihundert;lemma_7931;11;kein Typ fuer dieses Paar im Korpus belegt;WZB_11ra_8_3 czweihundert | WZB_11ra_12_7 czweihundert | WZB_11rb_12_6 czweihundert
eslinne;lemma_27421;11;kein Typ fuer dieses Paar im Korpus belegt;WZB_11vb_15_3 eslinne | WZB_48ra_35_0 eslinne | WZB_51vb_14_7 eslinne
ŏsten;lemma_4449;11;kein Typ fuer dieses Paar im Korpus belegt;WZB_12va_2_5 ŏsten | WZB_27rb_21_1 ŏsten | WZB_27vb_3_4 ŏsten
knechtils;lemma_3377;11;kein Typ fuer dieses Paar im Korpus belegt;WZB_34va_33_1 knechtils | WZB_54ra_21_0 knechtils | WZB_91vb_10_1 knechtils
hŏren;lemma_2885;11;kein Typ fuer dieses Paar im Korpus belegt;WZB_42ra_27_0 hŏren | WZB_56ra_27_1 hŏren | WZB_56rb_25_0 hŏren
besiczest;lemma_582;11;kein Typ fuer dieses Paar im Korpus belegt;WZB_47va_31_4 besiczest | WZB_47vb_3_2 besiczest | WZB_78rb_33_0 besiczest
czouberer;lemma_7903;11;kein Typ fuer dieses Paar im Korpus belegt;WZB_59vb_6_1 czouberer | WZB_60ra_21_2 czouberer | WZB_60vb_26_4 czouberer
wonungen;lemma_7697;11;kein Typ fuer dieses Paar im Korpus belegt;WZB_65rb_12_1 wonungen | WZB_71va_9_1 wonungen | WZB_92va_11_3 wonungen
vbirdecke;lemma_46787;11;kein Typ fuer dieses Paar im Korpus belegt;WZB_81ra_16_2 vbirdecke | WZB_81ra_24_0 vbirdecke | WZB_81ra_27_2 vbirdecke
ereinen;lemma_1285;11;kein Typ fuer dieses Paar im Korpus belegt;WZB_82rb_14_4 ereinen | WZB_82va_8_3 ereinen | WZB_82va_15_3 ereinen
opfertires;lemma_6080;11;kein Typ fuer dieses Paar im Korpus belegt;WZB_85rb_29_5 opfertires | WZB_99ra_18_3 opfertires | WZB_101rb_13_1 opfertires
meiligt;lemma_18886;11;kein Typ fuer dieses Paar im Korpus belegt;WZB_88rb_3_0 meiligt | WZB_104vb_16_1 meiligt | WZB_110ra_12_5 meiligt
ganczenczuntes;lemma_1511;11;kein Typ fuer dieses Paar im Korpus belegt;WZB_99ra_11_6 ganczenczuntes | WZB_103va_7_2 ganczenczuntes | WZB_123vb_13_1 ganczenczuntes
svndet;lemma_5867;11;kein Typ fuer dieses Paar im Korpus belegt;WZB_100vb_30_5 svndet | WZB_100vb_36_0 svndet | WZB_101va_34_4 svndet
opfernde;lemma_4489;11;kein Typ fuer dieses Paar im Korpus belegt;WZB_102vb_27_0 opfernde | WZB_105ra_28_5 opfernde | WZB_107ra_18_4 opfernde
numeri;lemma_2;11;kein Typ fuer dieses Paar im Korpus belegt;WZB_130ra_32_1 Numeri | WZB_135ra_2_0 Numeri | WZB_136ra_2_0 Numeri
flute;lemma_7152;10;kein Typ fuer dieses Paar im Korpus belegt;WZB_7rb_37_1 flute | WZB_7vb_13_1 flute | WZB_7vb_18_3 flute
vortilgte;lemma_6992;10;kein Typ fuer dieses Paar im Korpus belegt;WZB_8rb_7_5 vortilgte | WZB_88vb_33_6 vortilgte | WZB_161ra_9_0 vortilgte
czeucht;lemma_7861;10;kein Typ fuer dieses Paar im Korpus belegt;WZB_10rb_28_0 czeucht | WZB_12rb_21_0 czeucht | WZB_23va_18_0 czeucht
wustnunge;lemma_59071;10;kein Typ fuer dieses Paar im Korpus belegt;WZB_14ra_31_1 wustnunge | WZB_115vb_25_5 wustnunge | WZB_147vb_13_5 wustnunge
uorwar;lemma_8989;10;kein Typ fuer dieses Paar im Korpus belegt;WZB_14rb_20_3 Uorwar | WZB_30va_9_0 Uorwar | WZB_56vb_21_3 Uorwar
wŏlle;lemma_7473;10;kein Typ fuer dieses Paar im Korpus belegt;WZB_16rb_27_2 wŏlle | WZB_16va_22_0 wŏlle | WZB_25va_32_10 wŏlle
vŏrchte;lemma_7298;10;kein Typ fuer dieses Paar im Korpus belegt;WZB_18vb_10_10 vŏrchte | WZB_24vb_31_1 vŏrchte | WZB_25va_31_6 vŏrchte
hŏret;lemma_2885;10;kein Typ fuer dieses Paar im Korpus belegt;WZB_20rb_8_5 hŏret | WZB_51va_11_0 hŏret | WZB_51va_11_5 hŏret
eldisten;lemma_155;10;kein Typ fuer dieses Paar im Korpus belegt;WZB_20va_35_0 eldisten | WZB_127va_13_0 eldisten | WZB_197vb_2_6 eldisten
besasen;lemma_582;10;kein Typ fuer dieses Paar im Korpus belegt;WZB_61vb_13_6 besasen | WZB_156va_7_5 besasen | WZB_156vb_9_3 besasen
czehende;lemma_7780;10;kein Typ fuer dieses Paar im Korpus belegt;WZB_71va_3_2 czehende | WZB_102vb_1_1 czehende | WZB_103vb_10_3 czehende
ochsens;lemma_4480;10;kein Typ fuer dieses Paar im Korpus belegt;WZB_74vb_9_4 ochsens | WZB_76ra_17_1 ochsens | WZB_76rb_15_1 ochsens
stengil;lemma_15183;10;kein Typ fuer dieses Paar im Korpus belegt;WZB_80rb_31_6 stengil | WZB_80rb_33_5 stengil | WZB_80rb_37_1 stengil
vngemeiligte;lemma_18886;10;kein Typ fuer dieses Paar im Korpus belegt;WZB_84vb_3_0 vngemeiligte | WZB_101vb_27_3 vngemeiligte | WZB_112vb_3_0 vngemeiligte
nirlein;lemma_26768;10;kein Typ fuer dieses Paar im Korpus belegt;WZB_85rb_9_0 nirlein | WZB_100va_32_5 nirlein | WZB_100vb_14_1 nirlein
opfertiren;lemma_6080;10;kein Typ fuer dieses Paar im Korpus belegt;WZB_85vb_18_0 opfertiren | WZB_101vb_18_2 opfertiren | WZB_102ra_5_3 opfertiren
gerete;lemma_2149;10;kein Typ fuer dieses Paar im Korpus belegt;WZB_87rb_30_2 gerete | WZB_87rb_34_2 gerete | WZB_95va_37_3 gerete
gesvndet;lemma_5867;10;kein Typ fuer dieses Paar im Korpus belegt;WZB_89vb_4_6 gesvndet | WZB_89vb_11_5 gesvndet | WZB_102rb_8_2 gesvndet
bedakte;lemma_433;10;kein Typ fuer dieses Paar im Korpus belegt;WZB_92rb_15_8 bedakte | WZB_94va_9_3 bedakte | WZB_94va_28_3 bedakte
vngemeiligtes;lemma_18886;10;kein Typ fuer dieses Paar im Korpus belegt;WZB_99ra_13_4 vngemeiligtes | WZB_100rb_20_6 vngemeiligtes | WZB_101ra_2_1 vngemeiligtes
geczelden;lemma_2361;10;kein Typ fuer dieses Paar im Korpus belegt;WZB_124rb_19_2 geczelden | WZB_124rb_21_4 geczelden | WZB_150rb_9_2 geczelden
hebreer;lemma_2;9;kein Typ fuer dieses Paar im Korpus belegt;WZB_13ra_7_3 hebreer | WZB_53vb_27_1 hebreer | WZB_54vb_6_6 hebreer
geczeugnusse;lemma_2367;9;kein Typ fuer dieses Paar im Korpus belegt;WZB_19ra_22_1 geczeugnusse | WZB_31vb_10_4 geczeugnusse | WZB_31vb_13_6 geczeugnusse
pilgereimen;lemma_706;9;kein Typ fuer dieses Paar im Korpus belegt;WZB_49va_22_0 pilgereimen | WZB_117rb_8_2 pilgereimen | WZB_117rb_8_6 pilgereimen
keuchel;lemma_2;9;kein Typ fuer dieses Paar im Korpus belegt;WZB_51vb_13_2 keuchel | WZB_102va_12_3 keuchel | WZB_102va_36_2 keuchel
vorgiengen;lemma_6851;9;kein Typ fuer dieses Paar im Korpus belegt;WZB_52va_14_0 vorgiengen | WZB_150va_18_1 vorgiengen | WZB_151rb_5_9 vorgiengen
lose;lemma_3818;9;kein Typ fuer dieses Paar im Korpus belegt;WZB_66vb_36_4 lose | WZB_67ra_15_0 lose | WZB_91vb_15_2 lose
vorporgen;lemma_6814;9;kein Typ fuer dieses Paar im Korpus belegt;WZB_76va_27_0 vorporgen | WZB_135va_5_1 vorporgen | WZB_208ra_13_0 vorporgen
steineine;lemma_5746;9;kein Typ fuer dieses Paar im Korpus belegt;WZB_79ra_18_1 steineine | WZB_88rb_23_1 steineine | WZB_179vb_2_3 steineine
ringel;lemma_4917;9;kein Typ fuer dieses Paar im Korpus belegt;WZB_80rb_30_1 ringel | WZB_80rb_37_3 ringel | WZB_80va_5_0 ringel
vndergank;lemma_33210;9;kein Typ fuer dieses Paar im Korpus belegt;WZB_81va_29_3 vndergank | WZB_132rb_7_1 vndergank | WZB_188vb_4_4 vndergank
ouserhalb;lemma_6346;9;kein Typ fuer dieses Paar im Korpus belegt;WZB_82ra_8_1 ouserhalb | WZB_98va_6_2 ouserhalb | WZB_101rb_22_0 ouserhalb
horner;lemma_2904;9;kein Typ fuer dieses Paar im Korpus belegt;WZB_82ra_33_5 horner | WZB_85rb_3_2 horner | WZB_101va_14_1 horner
gebleichter;lemma_744;9;kein Typ fuer dieses Paar im Korpus belegt;WZB_83rb_25_4 gebleichter | WZB_93vb_9_3 gebleichter | WZB_94va_25_2 gebleichter
stvnd;lemma_5710;9;kein Typ fuer dieses Paar im Korpus belegt;WZB_90rb_11_7 stvnd | WZB_90rb_23_2 stvnd | WZB_157vb_2_0 stvnd
neczil;lemma_4339;9;kein Typ fuer dieses Paar im Korpus belegt;WZB_100rb_37_0 neczil | WZB_100va_31_5 neczil | WZB_101rb_9_0 neczil
weirouches;lemma_31613;9;kein Typ fuer dieses Paar im Korpus belegt;WZB_101ra_17_3 weirouches | WZB_102vb_4_0 weirouches | WZB_134ra_13_3 weirouches
giesse;lemma_2392;9;kein Typ fuer dieses Paar im Korpus belegt;WZB_101va_17_4 giesse | WZB_101vb_15_1 giesse | WZB_101vb_36_5 giesse
gehere;lemma_2034;9;kein Typ fuer dieses Paar im Korpus belegt;WZB_111va_8_2 gehere | WZB_111va_15_4 gehere | WZB_111va_20_4 gehere
vorlasen;lemma_6881;9;kein Typ fuer dieses Paar im Korpus belegt;WZB_128vb_3_3 vorlasen | WZB_135rb_11_3 vorlasen | WZB_142ra_7_1 vorlasen
kvnigs;lemma_3507;9;kein Typ fuer dieses Paar im Korpus belegt;WZB_144vb_15_3 kvnigs | WZB_159rb_30_3 kvnigs | WZB_170rb_16_5 kvnigs
vorsteten;lemma_44091;9;kein Typ fuer dieses Paar im Korpus belegt;WZB_173ra_11_2 vorsteten | WZB_235rb_23_2 vorsteten | WZB_235rb_28_3 vorsteten
schepfte;lemma_5212;8;kein Typ fuer dieses Paar im Korpus belegt;WZB_2vb_2_2 schepfte | WZB_3ra_37_4 schepfte | WZB_3rb_31_8 schepfte
erczurnet;lemma_1718;8;kein Typ fuer dieses Paar im Korpus belegt;WZB_5va_8_1 erczurnet | WZB_40vb_5_5 erczurnet | WZB_108va_20_1 erczurnet
dreihundert;lemma_1220;8;kein Typ fuer dieses Paar im Korpus belegt;WZB_6vb_6_0 dreihundert | WZB_9vb_17_2 dreihundert | WZB_10vb_15_6 dreihundert
czigel;lemma_11848;8;kein Typ fuer dieses Paar im Korpus belegt;WZB_10va_9_4 czigel | WZB_10va_11_2 czigel | WZB_53vb_23_4 czigel
czwisschen;lemma_13093;8;kein Typ fuer dieses Paar im Korpus belegt;WZB_12ra_22_4 czwisschen | WZB_13vb_22_4 czwisschen | WZB_30ra_17_3 czwisschen
bŏze;lemma_788;8;kein Typ fuer dieses Paar im Korpus belegt;WZB_12rb_30_1 bŏze | WZB_16va_10_4 bŏze | WZB_40ra_35_0 bŏze
geheisse;lemma_2024;8;kein Typ fuer dieses Paar im Korpus belegt;WZB_25va_13_3 geheisse | WZB_52va_13_3 geheisse | WZB_98va_3_1 geheisse
vorsmehet;lemma_6961;8;kein Typ fuer dieses Paar im Korpus belegt;WZB_28va_36_5 vorsmehet | WZB_75va_13_0 vorsmehet | WZB_127va_32_0 vorsmehet
wechsilnde;lemma_7442;8;kein Typ fuer dieses Paar im Korpus belegt;WZB_34va_35_3 wechsilnde | WZB_44rb_21_2 wechsilnde | WZB_45rb_12_4 wechsilnde
eckern;lemma_51;8;kein Typ fuer dieses Paar im Korpus belegt;WZB_35ra_13_4 eckern | WZB_40ra_14_1 eckern | WZB_60vb_7_5 eckern
reisse;lemma_4893;8;kein Typ fuer dieses Paar im Korpus belegt;WZB_38rb_25_2 reisse | WZB_38va_6_5 reisse | WZB_84rb_7_5 reisse
weintrouben;lemma_26945;8;kein Typ fuer dieses Paar im Korpus belegt;WZB_41ra_18_4 weintrouben | WZB_51vb_17_1 weintrouben | WZB_136rb_10_3 weintrouben
trouben;lemma_15282;8;kein Typ fuer dieses Paar im Korpus belegt;WZB_41ra_22_1 trouben | WZB_118vb_11_1 trouben | WZB_125rb_32_0 trouben
streitende;lemma_5818;8;kein Typ fuer dieses Paar im Korpus belegt;WZB_51va_20_10 streitende | WZB_157rb_31_5 streitende | WZB_169vb_27_5 streitende
dorvber;lemma_1091;8;kein Typ fuer dieses Paar im Korpus belegt;WZB_55ra_16_3 dorvber | WZB_76ra_20_4 dorvber | WZB_98rb_19_5 dorvber
geusse;lemma_2392;8;kein Typ fuer dieses Paar im Korpus belegt;WZB_56vb_7_0 geusse | WZB_81rb_33_1 geusse | WZB_85ra_4_3 geusse
ŏpfil;lemma_261;8;kein Typ fuer dieses Paar im Korpus belegt;WZB_63va_18_6 ŏpfil | WZB_97rb_26_1 ŏpfil | WZB_97rb_32_0 ŏpfil
endlisten;lemma_22669;8;kein Typ fuer dieses Paar im Korpus belegt;WZB_84rb_5_4 endlisten | WZB_154vb_17_1 endlisten | WZB_205vb_29_1 endlisten
geczeuknus;lemma_2367;8;kein Typ fuer dieses Paar im Korpus belegt;WZB_85vb_35_3 geczeuknus | WZB_86rb_25_3 geczeuknus | WZB_96vb_6_3 geczeuknus
bleiblinge;lemma_504;8;kein Typ fuer dieses Paar im Korpus belegt;WZB_86ra_10_5 bleiblinge | WZB_160va_7_4 bleiblinge | WZB_225ra_22_4 bleiblinge
thimiamischen;lemma_11856;8;kein Typ fuer dieses Paar im Korpus belegt;WZB_87rb_31_2 thimiamischen | WZB_88ra_13_5 thimiamischen | WZB_92vb_12_2 thimiamischen
wanderst;lemma_15174;8;kein Typ fuer dieses Paar im Korpus belegt;WZB_90va_36_4 wanderst | WZB_184vb_2_6 wanderst | WZB_187ra_33_4 wanderst
vberige;lemma_6375;8;kein Typ fuer dieses Paar im Korpus belegt;WZB_102ra_20_5 vberige | WZB_102vb_11_7 vberige | WZB_105vb_19_6 vberige
anruret;lemma_20574;8;kein Typ fuer dieses Paar im Korpus belegt;WZB_104vb_19_1 anruret | WZB_109va_14_1 anruret | WZB_109va_18_2 anruret
derlei;lemma_3685;8;kein Typ fuer dieses Paar im Korpus belegt;WZB_109va_6_6 derlei | WZB_109va_32_4 derlei | WZB_114va_37_2 derlei
enczuntem;lemma_1511;8;kein Typ fuer dieses Paar im Korpus belegt;WZB_110rb_16_1 enczuntem | WZB_113ra_30_2 enczuntem | WZB_115vb_7_3 enczuntem
volken;lemma_7166;8;kein Typ fuer dieses Paar im Korpus belegt;WZB_120va_18_3 volken | WZB_179rb_30_0 volken | WZB_183va_17_3 volken
czigenpock;lemma_784;8;kein Typ fuer dieses Paar im Korpus belegt;WZB_137vb_17_3 czigenpock | WZB_138vb_10_3 czigenpock | WZB_138vb_30_3 czigenpock
ieriger;lemma_27278;8;kein Typ fuer dieses Paar im Korpus belegt;WZB_164ra_29_0 ieriger | WZB_165vb_28_3 ieriger | WZB_166ra_4_5 ieriger
vngemeiligter;lemma_18886;8;kein Typ fuer dieses Paar im Korpus belegt;WZB_165vb_10_0 vngemeiligter | WZB_165vb_28_4 vngemeiligter | WZB_166ra_5_0 vngemeiligter
besiczvnge;lemma_44139;8;kein Typ fuer dieses Paar im Korpus belegt;WZB_194vb_26_4 besiczvnge | WZB_226vb_2_5 besiczvnge | WZB_228va_32_3 besiczvnge
krichenden;lemma_3464;7;kein Typ fuer dieses Paar im Korpus belegt;WZB_3rb_30_2 krichenden | WZB_7ra_36_8 krichenden | WZB_7va_17_2 krichenden
vorterbten;lemma_6835;7;kein Typ fuer dieses Paar im Korpus belegt;WZB_5vb_21_3 vorterbten | WZB_167va_19_2 vorterbten | WZB_177vb_18_1 vorterbten
knechtel;lemma_3377;7;kein Typ fuer dieses Paar im Korpus belegt;WZB_7vb_24_3 knechtel | WZB_14va_36_3 knechtel | WZB_14vb_6_1 knechtel
ber;lemma_2;7;kein Typ fuer dieses Paar im Korpus belegt;WZB_11ra_2_0 ber | WZB_89rb_2_0 ber | WZB_161rb_24_0 ber
vnfruchtber;lemma_22850;7;kein Typ fuer dieses Paar im Korpus belegt;WZB_11rb_4_0 vnfruchtber | WZB_23va_27_2 vnfruchtber | WZB_28va_27_1 vnfruchtber
czeige;lemma_7784;7;kein Typ fuer dieses Paar im Korpus belegt;WZB_11rb_19_3 czeige | WZB_62ra_21_4 czeige | WZB_73ra_2_7 czeige
bleibende;lemma_504;7;kein Typ fuer dieses Paar im Korpus belegt;WZB_12rb_27_1 bleibende | WZB_28va_26_3 bleibende | WZB_112ra_17_2 bleibende
vrteilen;lemma_55908;7;kein Typ fuer dieses Paar im Korpus belegt;WZB_13vb_10_0 vrteilen | WZB_75vb_31_1 vrteilen | WZB_111ra_10_4 vrteilen
few̆ers;lemma_7108;7;kein Typ fuer dieses Paar im Korpus belegt;WZB_13vb_22_2 few̆ers | WZB_67rb_19_0 few̆ers | WZB_95vb_4_2 few̆ers
hinderteil;lemma_24741;7;kein Typ fuer dieses Paar im Korpus belegt;WZB_14rb_21_2 hinderteil | WZB_81rb_7_1 hinderteil | WZB_83vb_24_1 hinderteil
wirft;lemma_7489;7;kein Typ fuer dieses Paar im Korpus belegt;WZB_14va_10_1 wirft | WZB_114va_12_4 wirft | WZB_127va_18_0 wirft
grŏsten;lemma_2534;7;kein Typ fuer dieses Paar im Korpus belegt;WZB_16va_32_1 grŏsten | WZB_34vb_35_4 grŏsten | WZB_49vb_25_4 grŏsten
verrens;lemma_6913;7;kein Typ fuer dieses Paar im Korpus belegt;WZB_19rb_24_4 verrens | WZB_37vb_35_3 verrens | WZB_75ra_7_5 verrens
pilgereime;lemma_706;7;kein Typ fuer dieses Paar im Korpus belegt;WZB_24rb_3_9 pilgereime | WZB_77va_27_0 pilgereime | WZB_125rb_4_2 pilgereime
czeigte;lemma_7784;7;kein Typ fuer dieses Paar im Korpus belegt;WZB_40va_7_0 czeigte | WZB_69vb_9_0 czeigte | WZB_140va_4_4 czeigte
besiczungen;lemma_44139;7;kein Typ fuer dieses Paar im Korpus belegt;WZB_50vb_10_4 besiczungen | WZB_61va_33_2 besiczungen | WZB_61va_34_4 besiczungen
czale;lemma_7755;7;kein Typ fuer dieses Paar im Korpus belegt;WZB_64va_12_8 czale | WZB_78rb_14_4 czale | WZB_96va_9_4 czale
gesneite;lemma_5594;7;kein Typ fuer dieses Paar im Korpus belegt;WZB_64vb_23_3 gesneite | WZB_85rb_7_4 gesneite | WZB_85rb_23_3 gesneite
mittagis;lemma_20031;7;kein Typ fuer dieses Paar im Korpus belegt;WZB_81rb_31_3 mittagis | WZB_82ra_10_2 mittagis | WZB_82va_2_1 mittagis
erein;lemma_1285;7;kein Typ fuer dieses Paar im Korpus belegt;WZB_82ra_27_0 erein | WZB_94va_29_5 erein | WZB_95vb_6_3 erein
geceldis;lemma_2361;7;kein Typ fuer dieses Paar im Korpus belegt;WZB_82va_24_4 geceldis | WZB_88ra_10_6 geceldis | WZB_90rb_13_5 geceldis
dovmen;lemma_1243;7;kein Typ fuer dieses Paar im Korpus belegt;WZB_85va_2_3 dovmen | WZB_106rb_3_1 dovmen | WZB_106rb_8_3 dovmen
fuzes;lemma_7320;7;kein Typ fuer dieses Paar im Korpus belegt;WZB_85va_3_3 fuzes | WZB_106rb_4_4 fuzes | WZB_112vb_31_6 fuzes
czagil;lemma_7750;7;kein Typ fuer dieses Paar im Korpus belegt;WZB_85va_14_0 czagil | WZB_100va_25_3 czagil | WZB_104ra_36_4 czagil
purpir;lemma_4763;7;kein Typ fuer dieses Paar im Korpus belegt;WZB_93ra_10_4 purpir | WZB_93ra_20_2 purpir | WZB_94va_12_3 purpir
rouchvas;lemma_11699;7;kein Typ fuer dieses Paar im Korpus belegt;WZB_95rb_2_0 rouchvas | WZB_149va_23_1 rouchvas | WZB_150ra_21_4 rouchvas
tvnke;lemma_59702;7;kein Typ fuer dieses Paar im Korpus belegt;WZB_101vb_10_0 tvnke | WZB_112va_17_5 tvnke | WZB_112vb_34_0 tvnke
lemmern;lemma_3589;7;kein Typ fuer dieses Paar im Korpus belegt;WZB_102ra_11_0 lemmern | WZB_148rb_30_3 lemmern | WZB_164rb_11_2 lemmern
czelen;lemma_7793;7;kein Typ fuer dieses Paar im Korpus belegt;WZB_123rb_18_0 czelen | WZB_125va_10_0 czelen | WZB_130rb_15_4 czelen
iarczal;lemma_9803;7;kein Typ fuer dieses Paar im Korpus belegt;WZB_130rb_9_3 iarczal | WZB_131va_7_1 iarczal | WZB_131vb_25_3 iarczal
czigenpocke;lemma_784;7;kein Typ fuer dieses Paar im Korpus belegt;WZB_138rb_29_4 czigenpocke | WZB_138vb_14_0 czigenpocke | WZB_139rb_20_6 czigenpocke
mowern;lemma_4220;7;kein Typ fuer dieses Paar im Korpus belegt;WZB_146ra_8_2 mowern | WZB_157vb_17_0 mowern | WZB_172vb_19_1 mowern
gereiczet;lemma_4862;7;kein Typ fuer dieses Paar im Korpus belegt;WZB_163rb_25_4 gereiczet | WZB_185va_28_1 gereiczet | WZB_185va_33_9 gereiczet
honikseim;lemma_16515;7;kein Typ fuer dieses Paar im Korpus belegt;WZB_182va_32_0 honikseim | WZB_188ra_13_0 honikseim | WZB_202vb_12_0 honikseim
newkomen;lemma_8598;7;kein Typ fuer dieses Paar im Korpus belegt;WZB_201rb_17_3 newkomen | WZB_201rb_31_1 newkomen | WZB_201va_4_5 newkomen
ostnischen;lemma_2;7;kein Typ fuer dieses Paar im Korpus belegt;WZB_219va_33_2 ostnischen | WZB_227vb_17_3 ostnischen | WZB_228va_10_0 ostnischen
vorheusern;lemma_33704;7;kein Typ fuer dieses Paar im Korpus belegt;WZB_235va_5_2 vorheusern | WZB_235va_10_6 vorheusern | WZB_235va_13_1 vorheusern
nevnhundert;lemma_13645;6;kein Typ fuer dieses Paar im Korpus belegt;WZB_6va_3_2 nevnhundert | WZB_6va_10_3 nevnhundert | WZB_6va_17_2 nevnhundert
vormeiligt;lemma_18886;6;kein Typ fuer dieses Paar im Korpus belegt;WZB_7rb_9_9 vormeiligt | WZB_122va_16_0 vormeiligt | WZB_135va_12_0 vormeiligt
gereicht;lemma_4842;6;kein Typ fuer dieses Paar im Korpus belegt;WZB_13rb_19_2 gereicht | WZB_24va_23_4 gereicht | WZB_30rb_17_5 gereicht
geperen;lemma_1964;6;kein Typ fuer dieses Paar im Korpus belegt;WZB_14rb_8_3 geperen | WZB_15ra_11_11 geperen | WZB_15ra_20_2 geperen
wachsende;lemma_7360;6;kein Typ fuer dieses Paar im Korpus belegt;WZB_14va_13_3 wachsende | WZB_24va_25_1 wachsende | WZB_24vb_25_1 wachsende
seuche;lemma_11369;6;kein Typ fuer dieses Paar im Korpus belegt;WZB_15va_21_0 seuche | WZB_62ra_18_4 seuche | WZB_110rb_9_1 seuche
mynnern;lemma_4134;6;kein Typ fuer dieses Paar im Korpus belegt;WZB_17rb_26_3 mynnern | WZB_17va_7_2 mynnern | WZB_23vb_11_1 mynnern
erstgebornen;lemma_34610;6;kein Typ fuer dieses Paar im Korpus belegt;WZB_19rb_10_0 erstgebornen | WZB_38vb_17_2 erstgebornen | WZB_57rb_19_1 erstgebornen
czeigen;lemma_7784;6;kein Typ fuer dieses Paar im Korpus belegt;WZB_19rb_15_1 czeigen | WZB_56vb_36_3 czeigen | WZB_67rb_11_1 czeigen
vorchtest;lemma_7298;6;kein Typ fuer dieses Paar im Korpus belegt;WZB_19va_30_1 vorchtest | WZB_182va_18_1 vorchtest | WZB_184ra_35_0 vorchtest
gegenworticheit;lemma_36056;6;kein Typ fuer dieses Paar im Korpus belegt;WZB_20rb_26_3 gegenworticheit | WZB_47ra_32_6 gegenworticheit | WZB_59vb_22_4 gegenworticheit
ŏrringe;lemma_4448;6;kein Typ fuer dieses Paar im Korpus belegt;WZB_21va_7_4 ŏrringe | WZB_21va_35_3 ŏrringe | WZB_22rb_16_3 ŏrringe
alraunen;lemma_31502;6;kein Typ fuer dieses Paar im Korpus belegt;WZB_29ra_18_5 alraunen | WZB_29ra_21_5 alraunen | WZB_29ra_25_6 alraunen
dorous;lemma_1090;6;kein Typ fuer dieses Paar im Korpus belegt;WZB_41rb_17_2 dorous | WZB_71vb_4_1 dorous | WZB_89va_2_8 dorous
vorkoufe;lemma_6879;6;kein Typ fuer dieses Paar im Korpus belegt;WZB_43va_2_3 vorkoufe | WZB_125vb_16_2 vorkoufe | WZB_129vb_10_1 vorkoufe
weicz;lemma_11998;6;kein Typ fuer dieses Paar im Korpus belegt;WZB_43va_2_4 weicz | WZB_46ra_16_8 weicz | WZB_48rb_2_0 weicz
gevenknusse;lemma_6754;6;kein Typ fuer dieses Paar im Korpus belegt;WZB_43vb_33_4 gevenknusse | WZB_44va_9_8 gevenknusse | WZB_58va_27_1 gevenknusse
esiln;lemma_1723;6;kein Typ fuer dieses Paar im Korpus belegt;WZB_45va_13_3 esiln | WZB_46ra_21_2 esiln | WZB_168va_2_5 esiln
brustil;lemma_909;6;kein Typ fuer dieses Paar im Korpus belegt;WZB_52ra_28_7 brustil | WZB_105ra_27_3 brustil | WZB_105ra_33_1 brustil
gerufet;lemma_5028;6;kein Typ fuer dieses Paar im Korpus belegt;WZB_56ra_30_0 gerufet | WZB_87vb_25_2 gerufet | WZB_92ra_33_1 gerufet
be;lemma_2;6;kein Typ fuer dieses Paar im Korpus belegt;WZB_57va_11_5 be | WZB_65ra_30_7 be | WZB_66rb_28_1 be
nichtenicht;lemma_2;6;kein Typ fuer dieses Paar im Korpus belegt;WZB_57vb_11_7 nichtenicht | WZB_62va_20_0 nichtenicht | WZB_146va_9_6 nichtenicht
clouben;lemma_3371;6;kein Typ fuer dieses Paar im Korpus belegt;WZB_57vb_14_3 clouben | WZB_57vb_35_1 clouben | WZB_123va_27_2 clouben
gepflaget;lemma_46781;6;kein Typ fuer dieses Paar im Korpus belegt;WZB_58rb_23_0 gepflaget | WZB_58rb_28_1 gepflaget | WZB_59vb_33_4 gepflaget
leuitischen;lemma_2;6;kein Typ fuer dieses Paar im Korpus belegt;WZB_59ra_22_2 leuitischen | WZB_194rb_5_5 leuitischen | WZB_194vb_4_1 leuitischen
knechtels;lemma_3377;6;kein Typ fuer dieses Paar im Korpus belegt;WZB_67ra_13_1 knechtels | WZB_130vb_2_1 knechtels | WZB_133va_2_10 knechtels
reitenden;lemma_4885;6;kein Typ fuer dieses Paar im Korpus belegt;WZB_68rb_5_3 reitenden | WZB_68va_32_4 reitenden | WZB_68vb_7_0 reitenden
vorczert;lemma_7817;6;kein Typ fuer dieses Paar im Korpus belegt;WZB_73ra_6_3 vorczert | WZB_103vb_25_5 vorczert | WZB_169va_23_4 vorczert
czan;lemma_7764;6;kein Typ fuer dieses Paar im Korpus belegt;WZB_75vb_34_4 czan | WZB_75vb_34_6 czan | WZB_76ra_8_0 czan
gegenwortig;lemma_36573;6;kein Typ fuer dieses Paar im Korpus belegt;WZB_76vb_28_1 gegenwortig | WZB_76vb_30_7 gegenwortig | WZB_158va_2_7 gegenwortig
vorczihen;lemma_7036;6;kein Typ fuer dieses Paar im Korpus belegt;WZB_78ra_6_3 vorczihen | WZB_90vb_23_6 vorczihen | WZB_155ra_23_2 vorczihen
oniknien;lemma_4446;6;kein Typ fuer dieses Paar im Korpus belegt;WZB_79va_11_0 oniknien | WZB_83rb_27_1 oniknien | WZB_87va_19_1 oniknien
nvs;lemma_4441;6;kein Typ fuer dieses Paar im Korpus belegt;WZB_80rb_36_3 nvs | WZB_80va_4_1 nvs | WZB_80va_11_1 nvs
centner;lemma_12261;6;kein Typ fuer dieses Paar im Korpus belegt;WZB_80va_29_1 centner | WZB_95rb_35_5 centner | WZB_96va_6_3 centner
geverbten;lemma_7018;6;kein Typ fuer dieses Paar im Korpus belegt;WZB_81rb_18_2 geverbten | WZB_94ra_23_1 geverbten | WZB_97va_36_0 geverbten
behaldende;lemma_453;6;kein Typ fuer dieses Paar im Korpus belegt;WZB_82va_33_1 behaldende | WZB_137vb_7_3 behaldende | WZB_138va_21_1 behaldende
leineine;lemma_3736;6;kein Typ fuer dieses Paar im Korpus belegt;WZB_84va_10_7 leineine | WZB_84va_19_1 leineine | WZB_97va_4_4 leineine
endliste;lemma_22669;6;kein Typ fuer dieses Paar im Korpus belegt;WZB_85rb_36_1 endliste | WZB_106rb_1_2 endliste | WZB_106rb_7_1 endliste
tires;lemma_6080;6;kein Typ fuer dieses Paar im Korpus belegt;WZB_92ra_7_1 tires | WZB_100rb_24_0 tires | WZB_100va_16_1 tires
giessende;lemma_2392;6;kein Typ fuer dieses Paar im Korpus belegt;WZB_94va_5_2 giessende | WZB_94va_19_3 giessende | WZB_94vb_7_3 giessende
tousenten;lemma_6267;6;kein Typ fuer dieses Paar im Korpus belegt;WZB_96va_20_2 tousenten | WZB_96va_21_2 tousenten | WZB_96va_32_1 tousenten
vorbruen;lemma_6824;6;kein Typ fuer dieses Paar im Korpus belegt;WZB_101va_31_3 vorbruen | WZB_112ra_21_1 vorbruen | WZB_112ra_32_3 vorbruen
vorbindet;lemma_6820;6;kein Typ fuer dieses Paar im Korpus belegt;WZB_102rb_20_1 vorbindet | WZB_166vb_5_0 vorbindet | WZB_166vb_10_5 vorbindet
abscheidunge;lemma_2;6;kein Typ fuer dieses Paar im Korpus belegt;WZB_105rb_5_2 abscheidunge | WZB_110ra_33_0 abscheidunge | WZB_115ra_13_1 abscheidunge
schupen;lemma_2;6;kein Typ fuer dieses Paar im Korpus belegt;WZB_109ra_6_0 schupen | WZB_109ra_9_1 schupen | WZB_109ra_15_1 schupen
meilige;lemma_17858;6;kein Typ fuer dieses Paar im Korpus belegt;WZB_118ra_29_2 meilige | WZB_118ra_31_4 meilige | WZB_118ra_37_5 meilige
vnmenschlichkeit;lemma_21755;6;kein Typ fuer dieses Paar im Korpus belegt;WZB_118ra_35_6 vnmenschlichkeit | WZB_190vb_7_4 vnmenschlichkeit | WZB_193vb_35_6 vnmenschlichkeit
funfczehenden;lemma_7291;6;kein Typ fuer dieses Paar im Korpus belegt;WZB_122vb_27_1 funfczehenden | WZB_124ra_3_2 funfczehenden | WZB_124ra_31_0 funfczehenden
veierlich;lemma_32980;6;kein Typ fuer dieses Paar im Korpus belegt;WZB_122vb_32_2 veierlich | WZB_123va_16_3 veierlich | WZB_124ra_7_2 veierlich
povme;lemma_820;6;kein Typ fuer dieses Paar im Korpus belegt;WZB_127vb_24_4 povme | WZB_146ra_10_4 povme | WZB_193vb_11_0 povme
stakten;lemma_2;6;kein Typ fuer dieses Paar im Korpus belegt;WZB_142ra_19_1 stakten | WZB_155vb_34_2 stakten | WZB_170vb_34_4 stakten
vorstete;lemma_44091;6;kein Typ fuer dieses Paar im Korpus belegt;WZB_172vb_14_5 vorstete | WZB_228vb_26_0 vorstete | WZB_235ra_10_6 vorstete
vluchtigen;lemma_7142;6;kein Typ fuer dieses Paar im Korpus belegt;WZB_173ra_26_1 vluchtigen | WZB_173ra_36_1 vluchtigen | WZB_173vb_15_4 vluchtigen
vleissiclich;lemma_7126;6;kein Typ fuer dieses Paar im Korpus belegt;WZB_182vb_28_1 vleissiclich | WZB_193vb_34_1 vleissiclich | WZB_195va_35_1 vleissiclich
strase;lemma_5798;5;kein Typ fuer dieses Paar im Korpus belegt;WZB_1vb_21_4 strase | WZB_155ra_7_2 strase | WZB_155ra_17_0 strase
"geslechte;";lemma_2233;5;kein Typ fuer dieses Paar im Korpus belegt;"WZB_3rb_15_3 geslechte; | WZB_109rb_4_0 geslechte; | WZB_109rb_8_0 geslechte;"
hiesse;lemma_18885;5;kein Typ fuer dieses Paar im Korpus belegt;WZB_4ra_25_4 hiesse | WZB_14ra_2_4 hiesse | WZB_28rb_10_6 hiesse
vorpoten;lemma_6819;5;kein Typ fuer dieses Paar im Korpus belegt;WZB_8rb_25_6 vorpoten | WZB_101vb_25_2 vorpoten | WZB_102vb_31_2 vorpoten
meneden;lemma_3910;5;kein Typ fuer dieses Paar im Korpus belegt;WZB_8rb_37_1 meneden | WZB_39va_24_6 meneden | WZB_64va_7_1 meneden
rackte;lemma_4825;5;kein Typ fuer dieses Paar im Korpus belegt;WZB_8va_17_6 rackte | WZB_19va_19_3 rackte | WZB_39vb_10_3 rackte
nen;lemma_2;5;kein Typ fuer dieses Paar im Korpus belegt;WZB_8vb_3_0 nen | WZB_26vb_2_0 nen | WZB_57rb_2_0 nen
virczehenden;lemma_7072;5;kein Typ fuer dieses Paar im Korpus belegt;WZB_12vb_3_0 virczehenden | WZB_65ra_34_2 virczehenden | WZB_122vb_24_2 virczehenden
benvmet;lemma_516;5;kein Typ fuer dieses Paar im Korpus belegt;WZB_13va_14_0 benvmet | WZB_54va_26_5 benvmet | WZB_82va_29_2 benvmet
besneiden;lemma_586;5;kein Typ fuer dieses Paar im Korpus belegt;WZB_14va_37_0 besneiden | WZB_34vb_3_1 besneiden | WZB_34vb_25_0 besneiden
alders;lemma_156;5;kein Typ fuer dieses Paar im Korpus belegt;WZB_15va_19_4 alders | WZB_141ra_19_4 alders | WZB_227va_15_0 alders
vortragen;lemma_19874;5;kein Typ fuer dieses Paar im Korpus belegt;WZB_16ra_3_1 vortragen | WZB_19va_31_0 vortragen | WZB_19vb_12_2 vortragen
vortilge;lemma_6992;5;kein Typ fuer dieses Paar im Korpus belegt;WZB_16rb_9_7 vortilge | WZB_88vb_23_0 vortilge | WZB_190vb_11_3 vortilge
wŏllet;lemma_7473;5;kein Typ fuer dieses Paar im Korpus belegt;WZB_16va_14_2 wŏllet | WZB_22va_7_2 wŏllet | WZB_34va_31_0 wŏllet
enczvnten;lemma_1511;5;kein Typ fuer dieses Paar im Korpus belegt;WZB_19rb_13_3 enczvnten | WZB_19rb_19_5 enczvnten | WZB_19rb_31_2 enczvnten
ner;lemma_2;5;kein Typ fuer dieses Paar im Korpus belegt;WZB_20ra_2_0 ner | WZB_46va_24_0 ner | WZB_62rb_2_0 ner
czwiualdigen;lemma_7952;5;kein Typ fuer dieses Paar im Korpus belegt;WZB_20va_24_2 czwiualdigen | WZB_23rb_21_2 czwiualdigen | WZB_52rb_10_3 czwiualdigen
camel;lemma_13480;5;kein Typ fuer dieses Paar im Korpus belegt;WZB_20vb_37_4 camel | WZB_21ra_5_3 camel | WZB_22vb_37_1 camel
gekochte;lemma_3391;5;kein Typ fuer dieses Paar im Korpus belegt;WZB_23vb_35_6 gekochte | WZB_26rb_14_5 gekochte | WZB_99vb_32_0 gekochte
erstgeborne;lemma_34610;5;kein Typ fuer dieses Paar im Korpus belegt;WZB_26rb_21_7 erstgeborne | WZB_38vb_19_7 erstgeborne | WZB_48va_35_4 erstgeborne
gesegenst;lemma_5364;5;kein Typ fuer dieses Paar im Korpus belegt;WZB_26va_22_2 gesegenst | WZB_33rb_10_1 gesegenst | WZB_157rb_8_2 gesegenst
fleckecht;lemma_68428;5;kein Typ fuer dieses Paar im Korpus belegt;WZB_29vb_6_4 fleckecht | WZB_29vb_13_5 fleckecht | WZB_29vb_20_2 fleckecht
knechtlein;lemma_3377;5;kein Typ fuer dieses Paar im Korpus belegt;WZB_30va_26_2 knechtlein | WZB_77vb_30_0 knechtlein | WZB_104ra_16_0 knechtlein
housrat;lemma_9890;5;kein Typ fuer dieses Paar im Korpus belegt;WZB_31va_7_0 housrat | WZB_48ra_20_0 housrat | WZB_153vb_25_5 housrat
weiden;lemma_7449;5;kein Typ fuer dieses Paar im Korpus belegt;WZB_37vb_13_0 weiden | WZB_37vb_27_3 weiden | WZB_124rb_6_5 weiden
vorkoufen;lemma_6879;5;kein Typ fuer dieses Paar im Korpus belegt;WZB_38rb_12_8 vorkoufen | WZB_50rb_4_1 vorkoufen | WZB_75va_11_1 vorkoufen
gelobist;lemma_3830;5;kein Typ fuer dieses Paar im Korpus belegt;WZB_39rb_25_4 gelobist | WZB_189va_22_5 gelobist | WZB_189vb_30_3 gelobist
seideinen;lemma_5429;5;kein Typ fuer dieses Paar im Korpus belegt;WZB_42vb_22_0 seideinen | WZB_80vb_2_4 seideinen | WZB_81vb_6_1 seideinen
haldende;lemma_2629;5;kein Typ fuer dieses Paar im Korpus belegt;WZB_45va_20_2 haldende | WZB_60vb_19_3 haldende | WZB_64vb_31_1 haldende
dei;lemma_2;5;kein Typ fuer dieses Paar im Korpus belegt;WZB_46va_23_5 dei | WZB_51va_34_5 dei | WZB_90ra_32_1 dei
vorkoufunge;lemma_44905;5;kein Typ fuer dieses Paar im Korpus belegt;WZB_49vb_28_4 vorkoufunge | WZB_126rb_2_4 vorkoufunge | WZB_126rb_10_5 vorkoufunge
vorwandilt;lemma_7012;5;kein Typ fuer dieses Paar im Korpus belegt;WZB_59vb_4_1 vorwandilt | WZB_110va_30_3 vorwandilt | WZB_111rb_23_6 vorwandilt
croten;lemma_3485;5;kein Typ fuer dieses Paar im Korpus belegt;WZB_60va_6_3 croten | WZB_60va_9_0 croten | WZB_60va_21_0 croten
wanczen;lemma_2;5;kein Typ fuer dieses Paar im Korpus belegt;WZB_60vb_18_0 wanczen | WZB_60vb_21_8 wanczen | WZB_60vb_24_3 wanczen
sowerteig;lemma_2;5;kein Typ fuer dieses Paar im Korpus belegt;WZB_65ra_17_2 sowerteig | WZB_100ra_21_1 sowerteig | WZB_103va_25_2 sowerteig
ouslendiger;lemma_45128;5;kein Typ fuer dieses Paar im Korpus belegt;WZB_66rb_12_0 ouslendiger | WZB_121vb_36_1 ouslendiger | WZB_122ra_19_4 ouslendiger
pilgereimet;lemma_2;5;kein Typ fuer dieses Paar im Korpus belegt;WZB_66rb_35_0 pilgereimet | WZB_117rb_18_4 pilgereimet | WZB_117rb_33_4 pilgereimet
volgende;lemma_74368;5;kein Typ fuer dieses Paar im Korpus belegt;WZB_68va_11_2 volgende | WZB_68vb_8_4 volgende | WZB_205vb_5_1 volgende
gepitunge;lemma_2;5;kein Typ fuer dieses Paar im Korpus belegt;WZB_73ra_35_3 gepitunge | WZB_186rb_26_4 gepitunge | WZB_203ra_20_4 gepitunge
czorniger;lemma_7898;5;kein Typ fuer dieses Paar im Korpus belegt;WZB_74va_3_4 czorniger | WZB_180rb_3_4 czorniger | WZB_181va_18_6 czorniger
czwiualdig;lemma_7952;5;kein Typ fuer dieses Paar im Korpus belegt;WZB_76va_6_3 czwiualdig | WZB_76va_25_6 czwiualdig | WZB_76vb_3_7 czwiualdig
gefuren;lemma_7283;5;kein Typ fuer dieses Paar im Korpus belegt;WZB_76va_37_0 gefuren | WZB_147ra_27_4 gefuren | WZB_163vb_12_3 gefuren
besee;lemma_61071;5;kein Typ fuer dieses Paar im Korpus belegt;WZB_77va_30_7 besee | WZB_119ra_15_1 besee | WZB_125rb_21_5 besee
sethimischen;lemma_16163;5;kein Typ fuer dieses Paar im Korpus belegt;WZB_80rb_17_0 sethimischen | WZB_81vb_13_3 sethimischen | WZB_82ra_29_0 sethimischen
vmbhenge;lemma_9487;5;kein Typ fuer dieses Paar im Korpus belegt;WZB_80vb_21_5 vmbhenge | WZB_82va_12_5 vmbhenge | WZB_82va_20_4 vmbhenge
vbirdecken;lemma_2;5;kein Typ fuer dieses Paar im Korpus belegt;WZB_81rb_3_2 vbirdecken | WZB_81rb_12_1 vbirdecken | WZB_94ra_12_0 vbirdecken
furhank;lemma_30875;5;kein Typ fuer dieses Paar im Korpus belegt;WZB_81vb_5_6 furhank | WZB_81vb_18_3 furhank | WZB_81vb_20_0 furhank
henge;lemma_2;5;kein Typ fuer dieses Paar im Korpus belegt;WZB_81vb_12_4 henge | WZB_83vb_13_0 henge | WZB_98ra_3_4 henge
thimiamisch;lemma_11856;5;kein Typ fuer dieses Paar im Korpus belegt;WZB_86va_9_1 thimiamisch | WZB_86vb_8_1 thimiamisch | WZB_87vb_4_0 thimiamisch
hŏrner;lemma_2904;5;kein Typ fuer dieses Paar im Korpus belegt;WZB_86va_14_6 hŏrner | WZB_95va_8_1 hŏrner | WZB_95va_34_0 hŏrner
vorhange;lemma_30875;5;kein Typ fuer dieses Paar im Korpus belegt;WZB_86va_28_1 vorhange | WZB_98va_19_2 vorhange | WZB_101ra_14_2 vorhange
gegossens;lemma_2;5;kein Typ fuer dieses Paar im Korpus belegt;WZB_88va_12_1 gegossens | WZB_88vb_12_1 gegossens | WZB_185vb_28_0 gegossens
vorsaczes;lemma_2;5;kein Typ fuer dieses Paar im Korpus belegt;WZB_92vb_7_7 vorsaczes | WZB_97vb_5_0 vorsaczes | WZB_121ra_9_7 vorsaczes
mittages;lemma_20031;5;kein Typ fuer dieses Paar im Korpus belegt;WZB_94ra_36_4 mittages | WZB_98va_13_4 mittages | WZB_145vb_30_6 mittages
gewurmeltem;lemma_2;5;kein Typ fuer dieses Paar im Korpus belegt;WZB_94va_13_2 gewurmeltem | WZB_94va_24_2 gewurmeltem | WZB_96rb_7_1 gewurmeltem
scoten;lemma_78668;5;kein Typ fuer dieses Paar im Korpus belegt;WZB_96va_34_0 scoten | WZB_137vb_13_2 scoten | WZB_138ra_8_1 scoten
ousvart;lemma_9775;5;kein Typ fuer dieses Paar im Korpus belegt;WZB_98vb_32_2 ousvart | WZB_130rb_7_4 ousvart | WZB_171rb_21_2 ousvart
czige;lemma_26851;5;kein Typ fuer dieses Paar im Korpus belegt;WZB_100va_37_4 czige | WZB_101vb_27_4 czige | WZB_122va_20_1 czige
vogiln;lemma_7154;5;kein Typ fuer dieses Paar im Korpus belegt;WZB_105ra_15_1 vogiln | WZB_109ra_17_2 vogiln | WZB_109rb_10_0 vogiln
tŏtte;lemma_6133;5;kein Typ fuer dieses Paar im Korpus belegt;WZB_105vb_13_4 tŏtte | WZB_106ra_16_6 tŏtte | WZB_107rb_1_4 tŏtte
vlossen;lemma_2;5;kein Typ fuer dieses Paar im Korpus belegt;WZB_109ra_5_4 vlossen | WZB_109ra_8_7 vlossen | WZB_109ra_14_6 vlossen
totis;lemma_6118;5;kein Typ fuer dieses Paar im Korpus belegt;WZB_109ra_13_4 totis | WZB_109va_3_4 totis | WZB_109va_32_5 totis
levitici;lemma_2;5;kein Typ fuer dieses Paar im Korpus belegt;WZB_110ra_2_0 levitici | WZB_116vb_37_0 levitici | WZB_120vb_40_0 levitici
cedrein;lemma_31075;5;kein Typ fuer dieses Paar im Korpus belegt;WZB_112va_10_3 cedrein | WZB_112va_16_0 cedrein | WZB_114ra_10_2 cedrein
sechster;lemma_5369;5;kein Typ fuer dieses Paar im Korpus belegt;WZB_112vb_14_0 sechster | WZB_112vb_32_3 sechster | WZB_113ra_26_1 sechster
speisen;lemma_5669;5;kein Typ fuer dieses Paar im Korpus belegt;WZB_113va_8_0 speisen | WZB_123va_4_4 speisen | WZB_165va_4_1 speisen
vorgebunge;lemma_2;5;kein Typ fuer dieses Paar im Korpus belegt;WZB_116vb_4_3 vorgebunge | WZB_125va_21_0 vorgebunge | WZB_125va_23_1 vorgebunge
nevkomen;lemma_8598;5;kein Typ fuer dieses Paar im Korpus belegt;WZB_119vb_3_3 nevkomen | WZB_126ra_24_0 nevkomen | WZB_126va_12_3 nevkomen
funfczigste;lemma_37908;5;kein Typ fuer dieses Paar im Korpus belegt;WZB_125va_19_2 funfczigste | WZB_125va_29_3 funfczigste | WZB_141ra_20_0 funfczigste
abtgote;lemma_39;5;kein Typ fuer dieses Paar im Korpus belegt;WZB_127ra_26_2 abtgote | WZB_160vb_6_0 abtgote | WZB_171va_31_3 abtgote
achtunge;lemma_24378;5;kein Typ fuer dieses Paar im Korpus belegt;WZB_129ra_22_0 achtunge | WZB_129rb_10_1 achtunge | WZB_129va_9_2 achtunge
czalte;lemma_7793;5;kein Typ fuer dieses Paar im Korpus belegt;WZB_133rb_11_2 czalte | WZB_133sra_13_7 czalte | WZB_134va_20_1 czalte
funfczigsten;lemma_37908;5;kein Typ fuer dieses Paar im Korpus belegt;WZB_133srb_23_0 funfczigsten | WZB_134va_25_5 funfczigsten | WZB_134vb_5_3 funfczigsten
iacincteinen;lemma_2;5;kein Typ fuer dieses Paar im Korpus belegt;WZB_133sva_6_0 iacincteinen | WZB_133sva_9_2 iacincteinen | WZB_133sva_21_3 iacincteinen
vorvluchten;lemma_2;5;kein Typ fuer dieses Paar im Korpus belegt;WZB_135vb_23_7 vorvluchten | WZB_135vb_29_5 vorvluchten | WZB_219va_23_5 vorvluchten
silbereines;lemma_2;5;kein Typ fuer dieses Paar im Korpus belegt;WZB_138va_20_5 silbereines | WZB_138vb_20_5 silbereines | WZB_139ra_6_6 silbereines
widersagunge;lemma_64708;5;kein Typ fuer dieses Paar im Korpus belegt;WZB_154va_33_3 widersagunge | WZB_155rb_10_1 widersagunge | WZB_163va_34_2 widersagunge
gepowet;lemma_2;5;kein Typ fuer dieses Paar im Korpus belegt;WZB_156va_24_4 gepowet | WZB_170rb_29_6 gepowet | WZB_182vb_23_0 gepowet
richticlichen;lemma_2;5;kein Typ fuer dieses Paar im Korpus belegt;WZB_166ra_9_1 richticlichen | WZB_166ra_21_0 richticlichen | WZB_166rb_13_2 richticlichen
gemowerten;lemma_2;5;kein Typ fuer dieses Paar im Korpus belegt;WZB_169vb_8_1 gemowerten | WZB_169vb_15_3 gemowerten | WZB_170rb_23_1 gemowerten
poslich;lemma_2;5;kein Typ fuer dieses Paar im Korpus belegt;WZB_185va_15_3 poslich | WZB_193vb_25_3 poslich | WZB_210rb_28_0 poslich
westnischen;lemma_2;5;kein Typ fuer dieses Paar im Korpus belegt;WZB_188va_12_9 westnischen | WZB_221rb_15_2 westnischen | WZB_221rb_34_2 westnischen
nordnischen;lemma_2;5;kein Typ fuer dieses Paar im Korpus belegt;WZB_221rb_27_4 nordnischen | WZB_232va_18_1 nordnischen | WZB_232vb_7_9 nordnischen
mageschefte;lemma_2;5;kein Typ fuer dieses Paar im Korpus belegt;WZB_233rb_24_2 mageschefte | WZB_233rb_27_2 mageschefte | WZB_233va_7_2 mageschefte
enpfant;lemma_1436;4;kein Typ fuer dieses Paar im Korpus belegt;WZB_2ra_23_6 enpfant | WZB_17va_3_0 enpfant | WZB_26ra_17_6 enpfant
bŏses;lemma_788;4;kein Typ fuer dieses Paar im Korpus belegt;WZB_5ra_31_2 bŏses | WZB_32ra_24_1 bŏses | WZB_38va_4_6 bŏses
yeclichem;lemma_3006;4;kein Typ fuer dieses Paar im Korpus belegt;WZB_7va_19_2 yeclichem | WZB_46ra_13_2 yeclichem | WZB_49vb_22_4 yeclichem
hŏrest;lemma_2885;4;kein Typ fuer dieses Paar im Korpus belegt;WZB_20rb_33_1 hŏrest | WZB_45rb_23_0 hŏrest | WZB_69vb_14_7 hŏrest
wŏllen;lemma_7473;4;kein Typ fuer dieses Paar im Korpus belegt;WZB_33va_23_4 wŏllen | WZB_34vb_16_3 wŏllen | WZB_74ra_34_4 wŏllen
wŏlt;lemma_7473;4;kein Typ fuer dieses Paar im Korpus belegt;WZB_34vb_3_0 wŏlt | WZB_45ra_14_7 wŏlt | WZB_46va_15_0 wŏlt
schŏner;lemma_5280;4;kein Typ fuer dieses Paar im Korpus belegt;WZB_41vb_6_1 schŏner | WZB_42ra_34_5 schŏner | WZB_42rb_16_3 schŏner
yeclichen;lemma_3006;4;kein Typ fuer dieses Paar im Korpus belegt;WZB_44rb_5_5 yeclichen | WZB_52rb_5_6 yeclichen | WZB_104rb_30_2 yeclichen
grŏser;lemma_2534;4;kein Typ fuer dieses Paar im Korpus belegt;WZB_51rb_24_3 grŏser | WZB_51va_15_1 grŏser | WZB_74ra_25_0 grŏser
tŏtet;lemma_6133;4;kein Typ fuer dieses Paar im Korpus belegt;WZB_53vb_33_6 tŏtet | WZB_76rb_23_5 tŏtet | WZB_104ra_30_0 tŏtet
dŏner;lemma_1198;4;kein Typ fuer dieses Paar im Korpus belegt;WZB_62va_17_6 dŏner | WZB_62va_25_3 dŏner | WZB_62vb_7_6 dŏner
weisen;lemma_78688;4;kein Typ fuer dieses Paar im Korpus belegt;WZB_77ra_18_1 weisen | WZB_77ra_26_0 weisen | WZB_77ra_27_1 weisen
ŏpfel;lemma_261;4;kein Typ fuer dieses Paar im Korpus belegt;WZB_84rb_10_1 ŏpfel | WZB_127vb_25_1 ŏpfel | WZB_146ra_29_4 ŏpfel
gehŏret;lemma_2885;4;kein Typ fuer dieses Paar im Korpus belegt;WZB_87rb_35_1 gehŏret | WZB_133va_19_5 gehŏret | WZB_147va_9_8 gehŏret
te;lemma_2;4;kein Typ fuer dieses Paar im Korpus belegt;WZB_138va_2_0 te | WZB_158ra_2_0 te | WZB_226rb_2_0 te
st;lemma_2;4;kein Typ fuer dieses Paar im Korpus belegt;WZB_196va_8_0 st | WZB_200va_26_0 st | WZB_201va_17_0 st
gevŏgel;lemma_2317;3;kein Typ fuer dieses Paar im Korpus belegt;WZB_4ra_23_2 gevŏgel | WZB_4ra_29_2 gevŏgel | WZB_9ra_27_3 gevŏgel
hŏhe;lemma_2881;3;kein Typ fuer dieses Paar im Korpus belegt;WZB_7rb_32_0 hŏhe | WZB_8ra_25_5 hŏhe | WZB_10va_15_0 hŏhe
hŏchsten;lemma_2866;3;kein Typ fuer dieses Paar im Korpus belegt;WZB_13rb_12_1 hŏchsten | WZB_159ra_6_2 hŏchsten | WZB_172ra_37_1 hŏchsten
vorkoufte;lemma_6879;3;kein Typ fuer dieses Paar im Korpus belegt;WZB_24ra_8_5 vorkoufte | WZB_43rb_34_0 vorkoufte | WZB_43va_18_1 vorkoufte
uii;lemma_2;3;kein Typ fuer dieses Paar im Korpus belegt;WZB_25rb_26_9 UII | WZB_104rb_32_3 UII | WZB_137rb_7_3 UII
ŏhems;lemma_4472;3;kein Typ fuer dieses Paar im Korpus belegt;WZB_27ra_2_3 ŏhems | WZB_28ra_6_2 ŏhems | WZB_120rb_29_3 ŏhems
pŏcke;lemma_784;3;kein Typ fuer dieses Paar im Korpus belegt;WZB_29vb_18_5 pŏcke | WZB_115vb_6_0 pŏcke | WZB_115vb_11_3 pŏcke
gehŏren;lemma_2885;3;kein Typ fuer dieses Paar im Korpus belegt;WZB_33va_24_2 gehŏren | WZB_108va_14_2 gehŏren | WZB_207ra_12_2 gehŏren
grŏse;lemma_2534;3;kein Typ fuer dieses Paar im Korpus belegt;WZB_42va_13_2 grŏse | WZB_50ra_27_3 grŏse | WZB_69rb_18_0 grŏse
grŏste;lemma_2534;3;kein Typ fuer dieses Paar im Korpus belegt;WZB_46ra_4_4 grŏste | WZB_73ra_29_7 grŏste | WZB_121ra_19_1 grŏste
lŏsen;lemma_3837;3;kein Typ fuer dieses Paar im Korpus belegt;WZB_66vb_34_0 lŏsen | WZB_130ra_7_2 lŏsen | WZB_152va_12_2 lŏsen
xui;lemma_13826;3;kein Typ fuer dieses Paar im Korpus belegt;WZB_80va_33_4 XUI | WZB_115rb_32_5 XUI | WZB_149rb_12_4 XUI
gevŏgiltem;lemma_2317;3;kein Typ fuer dieses Paar im Korpus belegt;WZB_84va_9_2 gevŏgiltem | WZB_94va_16_0 gevŏgiltem | WZB_96rb_5_2 gevŏgiltem
gerŏst;lemma_13271;3;kein Typ fuer dieses Paar im Korpus belegt;WZB_84vb_8_2 gerŏst | WZB_85va_25_3 gerŏst | WZB_103vb_17_2 gerŏst
hŏer;lemma_2866;3;kein Typ fuer dieses Paar im Korpus belegt;WZB_96rb_34_1 hŏer | WZB_203rb_21_4 hŏer | WZB_205va_33_4 hŏer
wŭstenunge;lemma_59071;3;kein Typ fuer dieses Paar im Korpus belegt;WZB_116rb_17_4 wŭstenunge | WZB_149vb_18_2 wŭstenunge | WZB_188va_10_2 wŭstenunge
veigen;lemma_7052;3;kein Typ fuer dieses Paar im Korpus belegt;WZB_146ra_30_2 veigen | WZB_154rb_5_5 veigen | WZB_184vb_11_0 veigen
pŏsen;lemma_788;3;kein Typ fuer dieses Paar im Korpus belegt;WZB_195ra_36_1 pŏsen | WZB_199ra_21_4 pŏsen | WZB_200ra_26_0 pŏsen
gevŏgeln;lemma_2317;2;kein Typ fuer dieses Paar im Korpus belegt;WZB_3rb_27_6 gevŏgeln | WZB_7va_37_3 gevŏgeln
hŏrt;lemma_2885;2;kein Typ fuer dieses Paar im Korpus belegt;WZB_6ra_29_0 Hŏrt | WZB_64rb_26_0 Hŏrt
gevŏgil;lemma_2317;2;kein Typ fuer dieses Paar im Korpus belegt;WZB_8ra_13_6 gevŏgil | WZB_13va_33_1 gevŏgil
herte;lemma_78648;2;kein Typ fuer dieses Paar im Korpus belegt;WZB_19ra_16_3 herte | WZB_28ra_9_1 herte
vorkouften;lemma_6879;2;kein Typ fuer dieses Paar im Korpus belegt;WZB_38rb_19_6 vorkouften | WZB_38va_16_4 vorkouften
kŏrbe;lemma_3412;2;kein Typ fuer dieses Paar im Korpus belegt;WZB_41rb_12_4 kŏrbe | WZB_41rb_20_0 kŏrbe
kochen;lemma_3391;2;kein Typ fuer dieses Paar im Korpus belegt;WZB_70vb_34_2 kochen | WZB_123rb_32_2 kochen
ŏre;lemma_4447;2;kein Typ fuer dieses Paar im Korpus belegt;WZB_75rb_37_4 ŏre | WZB_192va_9_5 ŏre
kŏpfe;lemma_3405;2;kein Typ fuer dieses Paar im Korpus belegt;WZB_80rb_29_5 kŏpfe | WZB_80va_10_1 kŏpfe
tŏpfe;lemma_6144;2;kein Typ fuer dieses Paar im Korpus belegt;WZB_82rb_2_1 tŏpfe | WZB_95vb_2_6 tŏpfe
tŏchtern;lemma_6135;2;kein Typ fuer dieses Paar im Korpus belegt;WZB_91va_17_3 tŏchtern | WZB_200rb_22_2 tŏchtern
xuii;lemma_13826;2;kein Typ fuer dieses Paar im Korpus belegt;WZB_116vb_27_4 XUII | WZB_151rb_10_3 XUII
frŭchte;lemma_7273;2;kein Typ fuer dieses Paar im Korpus belegt;WZB_124ra_34_0 frŭchte | WZB_126ra_7_0 frŭchte
lŏset;lemma_3837;2;kein Typ fuer dieses Paar im Korpus belegt;WZB_126vb_35_6 lŏset | WZB_215rb_17_4 lŏset
vinsternŭsse;lemma_7089;2;kein Typ fuer dieses Paar im Korpus belegt;WZB_179va_28_2 vinsternŭsse | WZB_182ra_8_2 vinsternŭsse
pŏse;lemma_788;2;kein Typ fuer dieses Paar im Korpus belegt;WZB_194ra_15_1 pŏse | WZB_196rb_35_3 pŏse
yecliches;lemma_3006;1;kein Typ fuer dieses Paar im Korpus belegt;WZB_3ra_9_4 yecliches
zde;lemma_78628;1;kein Typ fuer dieses Paar im Korpus belegt;WZB_4rb_23_0 zde
dŏrner;lemma_1202;1;kein Typ fuer dieses Paar im Korpus belegt;WZB_5ra_14_3 Dŏrner
yeclichs;lemma_3006;1;kein Typ fuer dieses Paar im Korpus belegt;WZB_8ra_11_5 yeclichs
vŏgeln;lemma_7154;1;kein Typ fuer dieses Paar im Korpus belegt;WZB_9rb_19_2 vŏgeln
gegrŏzet;lemma_75133;1;kein Typ fuer dieses Paar im Korpus belegt;WZB_17ra_13_5 gegrŏzet
blŏse;lemma_9823;1;kein Typ fuer dieses Paar im Korpus belegt;WZB_25vb_11_8 blŏse
ŏles;lemma_4455;1;kein Typ fuer dieses Paar im Korpus belegt;WZB_26rb_5_5 ŏles
erhŏret;lemma_1576;1;kein Typ fuer dieses Paar im Korpus belegt;WZB_28vb_33_4 erhŏret
erlŏse;lemma_1611;1;kein Typ fuer dieses Paar im Korpus belegt;WZB_32va_25_6 Erlŏse
bŏcke;lemma_784;1;kein Typ fuer dieses Paar im Korpus belegt;WZB_32vb_3_3 bŏcke
wunderschŏne;lemma_9118;1;kein Typ fuer dieses Paar im Korpus belegt;WZB_41va_35_4 wunderschŏne
ŏchsen;lemma_4480;1;kein Typ fuer dieses Paar im Korpus belegt;WZB_42rb_4_1 ŏchsen
vorkoufende;lemma_6879;1;kein Typ fuer dieses Paar im Korpus belegt;WZB_50ra_26_2 vorkoufende
fŭnf;lemma_7285;1;kein Typ fuer dieses Paar im Korpus belegt;WZB_53rb_20_4 fŭnf
ʒbohem;lemma_78628;1;kein Typ fuer dieses Paar im Korpus belegt;WZB_53vb_38_2 ʒbohem
krŏten;lemma_3485;1;kein Typ fuer dieses Paar im Korpus belegt;WZB_60rb_21_3 krŏten
ŏren;lemma_4447;1;kein Typ fuer dieses Paar im Korpus belegt;WZB_62vb_26_3 ŏren
lŏste;lemma_3837;1;kein Typ fuer dieses Paar im Korpus belegt;WZB_68vb_16_6 lŏste
rŏcke;lemma_4956;1;kein Typ fuer dieses Paar im Korpus belegt;WZB_85ra_8_6 rŏcke
gerŏte;lemma_4963;1;kein Typ fuer dieses Paar im Korpus belegt;WZB_93ra_12_5 gerŏte
gerŏten;lemma_4963;1;kein Typ fuer dieses Paar im Korpus belegt;WZB_97va_33_3 gerŏten
rŏcken;lemma_4956;1;kein Typ fuer dieses Paar im Korpus belegt;WZB_108ra_9_0 rŏcken
ŏls;lemma_4455;1;kein Typ fuer dieses Paar im Korpus belegt;WZB_113rb_7_6 ŏls
wŭnschet;lemma_7716;1;kein Typ fuer dieses Paar im Korpus belegt;WZB_116rb_10_6 wŭnschet
abgŏten;lemma_39;1;kein Typ fuer dieses Paar im Korpus belegt;WZB_118va_26_2 abgŏten
kŏrner;lemma_3409;1;kein Typ fuer dieses Paar im Korpus belegt;WZB_118vb_12_2 kŏrner
lŏcher;lemma_3834;1;kein Typ fuer dieses Paar im Korpus belegt;WZB_119rb_20_0 lŏcher
vorkoufest;lemma_6879;1;kein Typ fuer dieses Paar im Korpus belegt;WZB_125vb_3_2 vorkoufest
hŏue;lemma_2816;1;kein Typ fuer dieses Paar im Korpus belegt;WZB_126va_6_3 hŏue
ŏpfeln;lemma_261;1;kein Typ fuer dieses Paar im Korpus belegt;WZB_127rb_4_1 ŏpfeln
pŭrden;lemma_924;1;kein Typ fuer dieses Paar im Korpus belegt;WZB_137va_25_0 pŭrden
mŏrinne;lemma_4185;1;kein Typ fuer dieses Paar im Korpus belegt;WZB_145ra_16_3 mŏrinne
schŏpfet;lemma_5212;1;kein Typ fuer dieses Paar im Korpus belegt;WZB_149va_24_5 schŏpfet
lŏsunge;lemma_12150;1;kein Typ fuer dieses Paar im Korpus belegt;WZB_152va_5_5 lŏsunge
erslŭge;lemma_1648;1;kein Typ fuer dieses Paar im Korpus belegt;WZB_158ra_23_2 erslŭge
hŏrer;lemma_20910;1;kein Typ fuer dieses Paar im Korpus belegt;WZB_159vb_15_2 hŏrer
frŭnt;lemma_7246;1;kein Typ fuer dieses Paar im Korpus belegt;WZB_173ra_29_4 frŭnt
tŏte;lemma_6118;1;kein Typ fuer dieses Paar im Korpus belegt;WZB_181vb_24_1 tŏte
behŭt;lemma_467;1;kein Typ fuer dieses Paar im Korpus belegt;WZB_183vb_6_6 behŭt
schŏpfers;lemma_5211;1;kein Typ fuer dieses Paar im Korpus belegt;WZB_211ra_13_0 schŏpfers
gekŏse;lemma_18760;1;kein Typ fuer dieses Paar im Korpus belegt;WZB_212va_10_1 gekŏse
dŏrfer;lemma_1201;1;kein Typ fuer dieses Paar im Korpus belegt;WZB_234ra_29_5 dŏrfer
