sigle;xml_id;form;lemma_id;lemma;sprachen;sense_ids;kontext
AX;AX_408_2;zunge;lemma_7924;zunge;Einzelsprachen;lemma_7924_sense_12998;gotes dienste mange nôt almuosen unde betelbrôt was sîn lîpnarunge sîn ûzerweltiu **zunge** z aller zîte pflac gebetes beide wînes unde metes wênic tranc sîn
BIM;BIM_103_3;zunge;lemma_7924;zunge;Einzelsprachen;lemma_7924_sense_12998;ligen in sinem munde da bi man ouch begunde an im sine **zunge** schouwen di was so unverhouwen von aller unvlate varwe und blut si
BIM;BIM_114_4;zungen;lemma_7924;zunge;Einzelsprachen;lemma_7924_sense_12998;vulen trit daz were gar von dem gebete daz er mit der **zungen** hete unser vrouwen erboten mit vil erlichen roten und mit lobes schalle
CR;CR_1778_1;zunge;lemma_7924;zunge;Einzelsprachen;lemma_7924_sense_12998;unt hüete daz im alsame geschehe nû lâzen dise rede varn tiuschiu **zunge** diu ist arn swer dar inne wil tihten sal die rîme rihten
CRO;CRO_24700_3;zvng;lemma_7924;zunge;Einzelsprachen;lemma_7924_sense_14492;sein tag dar an sein ez ist von dem türlein heinreich des **zvng** nie weibes gantzen lop verlie der vant ditz mære wannen geborn wære
CRO;CRO_7600_3;zvngen;lemma_7924;zunge;Einzelsprachen;lemma_7924_sense_14492;argen muot so ist da pei ein sin vruot wirt er zweir **zvngen** gewar den seinen schilt peut er dar vnd hat in schier wider
DA;DA_4159_5;zungen;lemma_7924;zunge;Einzelsprachen;lemma_7924_sense_12998;niht geregen er mohte niht mê geregen wan diu ougen und die **zungen** dô er sô wart betwungen dis wart ein juncfrouwe gewar diu hâte
DA;DA_6833_3;zunge;lemma_7924;zunge;Einzelsprachen;lemma_7924_sense_12998;spehen houbethafte meisterschaft daz waere hie wider âne kraft dô sprach manic **zunge** dô die ritter junge sament ûf den hof riten ez waere allenthalp
DA;DA_9_2;zungen;lemma_7924;zunge;Einzelsprachen;lemma_7924_sense_12998;von bisenze meister albrich der brâhte ein rede an mich ûz wälscher **zungen** die hân ich des betwungen daz man sie in tiutschen vernimet swenne
DAL;DAL_590550_5;zunge;lemma_7924;zunge;Einzelsprachen;lemma_7924_sense_12998;her nach miner bet als ich ger da von er kuelte die **zunge** min sun daz mac niht sin sprach abraham als ich dir sage
DDS;DDS_1002000_7;zungen;lemma_7924;zunge;Einzelsprachen;lemma_7924_sense_12998;sich mit triuwen wil betragen der sol sich hüeten vor den valschen **zungen** die dâ die liute grüezen der mâz als der krist verriet ir
DDS;DDS_2001000_1;zunge;lemma_7924;zunge;Einzelsprachen;lemma_7924_sense_12998;ungetriuwen hüeten wil der muoz sie mesten sam diu veizten swîn diu **zunge** müeze haben undanc diu vor den liuten sprichet alsô suoze und niender
DMB;DMB_102101060_4;zunge;lemma_7924;zunge;Einzelsprachen;lemma_7924_sense_12998;mensch aller gernst der guten werche wolte phlegen so ist im diu **zunge** gelegen und fueze und hende und lit an sinem ende und ist
DWS;DWS_1960440_3;zunge;lemma_7924;zunge;Einzelsprachen;lemma_7924_sense_14492;sine tur also sol man si uz alle jagen die zweier slachte **zunge** tragen die vor dem manne wol prechent und daz hinder im ze
FB;FB_598008_1;zunge;lemma_7924;zunge;Einzelsprachen;lemma_7924_sense_12998;siht iur ougen uns ouch grüezent niht ouch erstumbent iu zestunt beidiu **zunge** und ouch der munt redt unser einer mit iu dâ ir sprechet
FB;FB_644002_4;zunge;lemma_7924;zunge;Einzelsprachen;lemma_7924_sense_12998;haben danc ir lîp müez immer saelic sîn des wünsche ir diu **zunge** mîn waz darumbe ob manic man diu wîp mit worten triegen kan
FB;FB_645032_1;zungen;lemma_7924;zunge;Einzelsprachen;lemma_7924_sense_12998;valschen sin ir herze treit swâ man von wîben wîpheit saget ir **zungen** lobes dâ sint verzaget ir lobes si gar geswîgent diu houbt in
FB;FB_654004_5;zunge;lemma_7924;zunge;Einzelsprachen;lemma_7924_sense_12998;unguot sô muoz iu immer fluochent sîn daz herze und ouch diu **zunge** mîn nu sult ir frowe mich wizzen lân waz schulde hân gên
FD;FD_12206_1;zunge;lemma_7924;zunge;Einzelsprachen;lemma_7924_sense_12998;sô zaghaft wart mîn sin daz mir erstumbet an der stunt diu **zunge** mîn und ouch der munt und mir daz houbet nider seic mîn
FD;FD_13103_3;zunge;lemma_7924;zunge;Einzelsprachen;lemma_7924_sense_12998;wol zehenstunt gein ir ze sprechen ûf den munt dô was diu **zunge** mir gelegen si wolde deheines wortes pflegen ich wil dâ von niht
FD;FD_14008_3;zunge;lemma_7924;zunge;Einzelsprachen;lemma_7924_sense_12998;doch ein wort des müez mîn munt unsaelic sin immer und diu **zunge** mîn mir waere liep und waer ich tôt sît daz ich in
FD;FD_185002_5;zunge;lemma_7924;zunge;Einzelsprachen;lemma_7924_sense_12998;mich ditz buoch sol guoter wîbe sîn in hât dar an die **zunge** mîn gesprochen vil manic süezez wort ez sol reht sîn ir lobes
FD;FD_63008_1;zunge;lemma_7924;zunge;Einzelsprachen;lemma_7924_sense_12998;mîn munt ûz ungemüete sprach dêswâr ich stiche mit iu niht mîn **zunge** von wârheit iu des giht den helm zehant ich abe bant in
FWE;FWE_430_2;zungen;lemma_7924;zunge;Einzelsprachen;lemma_7924_sense_12998;lass dir vil wol wesen ich bin nu wol genesen wer allen **zungen** geloubet wol der wirt vil dik herzleids vol und wirt betrüebt an
FWE;FWE_470_1;zunge;lemma_7924;zunge;Einzelsprachen;lemma_7924_sense_12998;und wirt betrüebt an sinem herzen und muos liden grossen schmerzen valsche **zunge** stiftet das das bruoder bruoder wirt gehas das selb der vatter ouch
GER;GER_281_3;zungen;lemma_7924;zunge;Einzelsprachen;lemma_7924_sense_12998;tragen einen muot verborgen mit vreuden noch mit sorgen ez recke sîner **zungen** ein ort nâch sînem willen ie diu wort diu danne sînes herzen
GER;GER_6352_4;zungen;lemma_7924;zunge;Einzelsprachen;lemma_7924_sense_12998;hâst getân und ruoche geben dir den lôn den nie wort noch **zungen** dôn volbringen kunde noch der ze herzen grunde nie durch ôren tor
GR;GR_2006_4;zungen;lemma_7924;zunge;Einzelsprachen;lemma_7924_sense_12998;was dem selben dar an sô schône gelungen daz er mit gemeiner **zungen** ze dem besten ritter wart genant über älliu diu lant nû was
GR;GR_2_2;zungen;lemma_7924;zunge;Einzelsprachen;lemma_7924_sense_12998;mîn herze hât betwungen dicke mîne **zungen** daz si des vil gesprochen hât daz nâch der werlde lône stât
GVS;GVS_10001000_3;zunge;lemma_7924;zunge;Einzelsprachen;lemma_7924_sense_12998;êven zîte und irret elliu herze und elliu rîche weder hant noch **zunge** dien meinent noch enminnent niht wan valsch und anderunge lêr unde volge
GZM;GZM_23100080_4;zungen;lemma_7924;zunge;Einzelsprachen;lemma_7924_sense_12998;den die getrowent dir - dinen heiligen lichnamen e daz uns die **zungen** erlamen vor des lebens ende dinen einborn sun du uns sende den
IW;IW_196_2;zunge;lemma_7924;zunge;Einzelsprachen;lemma_7924_sense_12998;ezn sprichet niemannes munt wan als in sîn herze lêret swen iuwer **zunge** unêret dâ ist daz herze schuldec an in der werlte ist manec
IW;IW_2568_2;zunge;lemma_7924;zunge;Einzelsprachen;lemma_7924_sense_12998;maere swie schalkhaft keiî waere er was iedoch vil unervorht enheten sîn **zunge** niht verworht son gewan der hof nie tiurern helt daz mugent ir
IW;IW_506_4;zunge;lemma_7924;zunge;Einzelsprachen;lemma_7924_sense_12998;der sî betwingen möhte âne sloz und âne bant er sprach mîn **zunge** und mîn hant mîn bete unde mîn drô die hânt mirs gemachet
IW;IW_838_2;zunge;lemma_7924;zunge;Einzelsprachen;lemma_7924_sense_12998;und enzelt mir halben schaden niht her keiî sprach diu künegîn iuwer **zunge** müez gunêret sîn diu allez guot gar verdaget und niuwan daz allerboeste
IW;IW_843_1;zungen;lemma_7924;zunge;Einzelsprachen;lemma_7924_sense_12998;saget des iuwer herze erdenken kan doch waen ich dar an der **zungen** unrehte tuo iuwer herze twinget sî darzuo dazn dunket deheiner schalkheit ze
JT;JT_12391000_1;zung;lemma_7924;zunge;Einzelsprachen;lemma_7924_sense_14492;in scharfer herte wan din gelucke enpfilhe ich got vil tiure min **zung** durch arge raete min fruent dich so nicht reizet alsolcher baltheit graete
JT;JT_12402000_13;zunge;lemma_7924;zunge;Einzelsprachen;lemma_7924_sense_12998;junge an werdicheit verwazen wer ich ob mir min munt oder min **zunge** gen dir ze sprechen niwan wold gedenken daz dine hohe wirde an
JT;JT_13833000_6;zungen;lemma_7924;zunge;Einzelsprachen;lemma_7924_sense_12998;al der werlde lebte niender leie der mit rede wer so swacher **zungen** und des libes gar ein helt vor aller zageheit gar unbetwungen der
JT;JT_14772000_4;zunge;lemma_7924;zunge;Einzelsprachen;lemma_7924_sense_12998;was der edel junge von solcher vrucht gesippe daz weder munt noch **zunge** nie gelas sit daz adames rippe verholne wart gemachet zu einem bilde
JT;JT_15212000_3;zunge;lemma_7924;zunge;Einzelsprachen;lemma_7924_sense_12998;bekande entwapent wart der junge von richeit der zimiere weder munt noch **zunge** nie gelas von ritter also fiere als hie was von graswaldan der
JT;JT_19912000_7;zungen;lemma_7924;zunge;Einzelsprachen;lemma_7924_sense_14492;adalaere und milt in artus fuorte wie der gepruefet waere von manger **zungen** don den luft daz ruorte sigunen kron wart ouch da niht vergezzen
JT;JT_29002000_13;zungen;lemma_7924;zunge;Einzelsprachen;lemma_7924_sense_14492;dar an si gar gerieten daz er den namen het vor allen **zungen** und wart von allen sinen namen gescheiden wan gamuret der junge niht
JT;JT_31723000_6;zungen;lemma_7924;zunge;Einzelsprachen;lemma_7924_sense_14492;ich in herten sturmen eines recken solte gern mit herzen und mit **zungen** fur in so nem ich cheinen dann secureiz oder gamuret den jungen
JT;JT_33952000_1;zunge;lemma_7924;zunge;Einzelsprachen;lemma_7924_sense_12998;richer swer luge liuget schadende an lib an guot an eren des **zunge** wer baz madende diu mit luge die sele kan verseren schaedliche lug
JT;JT_35924000_12;zunge;lemma_7924;zunge;Einzelsprachen;lemma_7924_sense_12998;im behalten wie tief diu wunde waere des weiz ich nicht diu **zunge** wart gespalten wie der uz lacridare und lehelin sich schieden und weren
JT;JT_37072000_11;zungen;lemma_7924;zunge;Einzelsprachen;lemma_7924_sense_14492;gamuret zerache wie er nach prise runge daz wart beweint in manger **zungen** sprache von den amien swartzen unde blanken etwenne mit durantzen was sin
JT;JT_37212000_14;zunge;lemma_7924;zunge;Einzelsprachen;lemma_7924_sense_14492;nu was der tot gesigende an dem von orlendun ich wene ie **zunge** von einer tjoste nie gelas so herte ob iz ein mangen swenkel
JT;JT_39354000_1;zungel;lemma_7924;zunge;Einzelsprachen;lemma_7924_sense_12998;daz vil grozer kumber dar ufe lit von richeit hoch gezieret guldine **zungel** seiten da von der doz sich riche discantieret daz machet herze muotic
JT;JT_39662000_10;zunge;lemma_7924;zunge;Einzelsprachen;lemma_7924_sense_12998;arbessulet der junge eigenlicher krone het er niun des im vil manic **zunge** jehende was und im die herschaft gebende ze dienste lobelichen er was
JT;JT_41472000_7;zungen;lemma_7924;zunge;Einzelsprachen;lemma_7924_sense_12998;und tamburen busine vil floitieren und manigen wuof gar suren vil der **zungen** horte man croieren und rotubumbes uber kraft mit schallen hie tjoste brach
JT;JT_43142000_8;zungen;lemma_7924;zunge;Einzelsprachen;lemma_7924_sense_12998;gewesen uf der heide sin richeit uber wigende was herzen tracht und **zungen** rede die beide gesteine golt daz er vor mit dem schilte zegabe
JT;JT_44644000_3;zungen;lemma_7924;zunge;Einzelsprachen;lemma_7924_sense_12998;fuoz gehorte daz uber pfael und kile struchen lerte lop von manger **zungen** diu werlt an den uz graswalt nu kerte do gar diu stat
JT;JT_45012000_4;zungen;lemma_7924;zunge;Einzelsprachen;lemma_7924_sense_12998;vreuten si die jungen mit triwe richen worten als ie von reinen **zungen** niht anders gie dan reine zallen orten des heten ouch die werden
JT;JT_4574000_2;zungen;lemma_7924;zunge;Einzelsprachen;lemma_7924_sense_14492;sus gestellet daz solchiu dinc mit rede vil baz verborgen vor allen **zungen** waren denn nu diu werk den abent und den morgen da von
JT;JT_47922000_2;zunge;lemma_7924;zunge;Einzelsprachen;lemma_7924_sense_12998;bie von graswalt der junge sprach nu sol mich herre bewisen iwer **zunge** durch waz ir uech von eren zelt so verre ob ir sit
JT;JT_49032000_12;zungen;lemma_7924;zunge;Einzelsprachen;lemma_7924_sense_14492;jungen ir aller herze tragete si nach dem kunig der uber alle **zungen** gepriset wart dem gral zehohem vogete der maget secundillen ir herz aldar
JT;JT_49131000_7;zungen;lemma_7924;zunge;Einzelsprachen;lemma_7924_sense_12998;der andern sprach was geliche sag dirre aventiure wont niht in einer **zungen** si hat ir aller stiure deheiniu hat so hohen pris errungen die
JT;JT_49133000_2;zungen;lemma_7924;zunge;Einzelsprachen;lemma_7924_sense_12998;hat ir aller stiure deheiniu hat so hohen pris errungen die alle **zungen** hab so gar gerueret sam tschinotulander der zwelf zungen herren hete gefueret
JT;JT_49134000_5;zungen;lemma_7924;zunge;Einzelsprachen;lemma_7924_sense_12998;errungen die alle zungen hab so gar gerueret sam tschinotulander der zwelf **zungen** herren hete gefueret hin uber in die heiden der kristen uf plenantze
JT;JT_4974000_3;zungen;lemma_7924;zunge;Einzelsprachen;lemma_7924_sense_14492;was lebende der kraft der lide was er ungewaltic muotes und der **zungen** unde herzen was sin kraft noch manicvaltic und groze wisheit gebende mit
JT;JT_50722000_12;zunge;lemma_7924;zunge;Einzelsprachen;lemma_7924_sense_12998;handelunge ob sich diu muoz verkeren in sol umb disen willen manik **zunge** sprechen guet und ere vil ungestillet und allen reinen herzen die nach
JT;JT_51114000_2;zung;lemma_7924;zunge;Einzelsprachen;lemma_7924_sense_12998;mich gesinet si sprach herr du solt mir sin vergebende wan min **zung** aleine ja werstu herre manic jar noch lebende - vil reine hoch
JT;JT_51512000_1;zunge;lemma_7924;zunge;Einzelsprachen;lemma_7924_sense_12998;die ougen dem geliche nein vil edel ritter von eschenbach gewaere iwer **zunge** duhte bitter gen wiben swa man hort alsolche maere und si geben
JT;JT_5162000_3;zunge;lemma_7924;zunge;Einzelsprachen;lemma_7924_sense_12998;erkiesen des grales zeichenunge kan nieman gar vol dueten weder munt noch **zunge** den tempel han ich werden christen lueten zu rechter lere merke wol
JT;JT_51954000_3;zunge;lemma_7924;zunge;Einzelsprachen;lemma_7924_sense_14492;schuldehaften haten di menschen lip mit tode hant geletzet als min vermeinte **zunge** den fursten wert in sterben hat gesetzet din rein gebot ich schribe
JT;JT_52804000_11;zunge;lemma_7924;zunge;Einzelsprachen;lemma_7924_sense_14492;seliclicher ordenunge der wirde wol zu werde die wirde hazzet aller boesen **zunge** die gelerten wol der buoche mit kunstericher witze der hat diu wirde
JT;JT_54521000_4;zunge;lemma_7924;zunge;Einzelsprachen;lemma_7924_sense_12998;buoze fur sterben din mit klag also niht gernde owe din sueze **zunge** sprach diu wort gebluemet gar sunder wandelunge du sprech ouch selten daz
JT;JT_55022000_7;zungen;lemma_7924;zunge;Einzelsprachen;lemma_7924_sense_14492;und niht wan zallem guote durch grawes mannes lere hete ich miner **zungen** solhe huote daz mich an so hoher wirde pfande den gral bin
JT;JT_6132000_3;zunge;lemma_7924;zunge;Einzelsprachen;lemma_7924_sense_14492;uber al der ordenunge den hohen und den werden sin witze riche **zunge** schuof daz si zu gote besunder gerden lang wernder kraft an sinem
JT;JT_63272000_2;zung;lemma_7924;zunge;Einzelsprachen;lemma_7924_sense_14492;niht wernde nu pruefet alle werden die wirde dises buoches von duetscher **zung** uf erden nie getichte wart so werdes ruoches daz lib und sele
JT;JT_9464000_1;zunge;lemma_7924;zunge;Einzelsprachen;lemma_7924_sense_12998;fiur gevidert uz helme flouk daz bluot da nach mit duzze di **zunge** wart gespalten di gap den rat nu seht waz ers genuzze von
KU;KU_7162_4;zunge;lemma_7924;zunge;Einzelsprachen;lemma_7924_sense_12998;hêren ortwîn der junge der helt ûz nortlant des jach im manic **zunge** daz küener heldes hant niemen in den strîten alse volliclîche trüege man
LZ;LZ_4798_1;zunge;lemma_7924;zunge;Einzelsprachen;lemma_7924_sense_12998;was innân aller hol und sanc prîslîchen wol einen wunderlîchen dôn sîn **zunge** was ein abestôn ein stein hizze rîche der brinnet êwiclîche für daz
MGS;MGS_1010110_3;zunge;lemma_7924;zunge;Einzelsprachen;lemma_7924_sense_14492;êven zîte und irret elliu herze und elliu rîche deweder hant noch **zunge** die meinent noch minnent niht wan valsch und anderunge lêre und volge
MZR;MZR_660600_4;zunge;lemma_7924;zunge;Einzelsprachen;lemma_7924_sense_12998;man aller gernst der guten werke wolde pflegen so ist im sin **zunge** gelegen sin fuze und sin hende und ligt an sinem ende und
NEI;NEI_10108110_5;zungen;lemma_7924;zunge;Einzelsprachen;lemma_7924_sense_14492;tett er lachet an er den man vnd schneit yn mit der **zungen** we das mir in sein muter ye zu laid trug er hat
NEI;NEI_1905120_2;zung;lemma_7924;zunge;Einzelsprachen;lemma_7924_sense_12998;dem enwirt er nymmer gram ist er guten weiben zam vnd sein **zung** an schelten lam so pluet im der tugent stam selig sey sein
NEI;NEI_2202010_3;zungen;lemma_7924;zunge;Einzelsprachen;lemma_7924_sense_14492;zwayen gein diser lieben summerzeitt in hohem mute rayen lob von manger **zungen** der maye hat die pluemlein sein entsprungen an manger stat da man
NEI;NEI_2307050_3;zung;lemma_7924;zunge;Einzelsprachen;lemma_7924_sense_14492;alte das ersahe das das kindt die kisten prach do geswaig ir **zung** das sie nicht gesprach an leget sie das rocklein also palde das
NEI;NEI_2702070_9;zungen;lemma_7924;zunge;Einzelsprachen;lemma_7924_sense_14492;vff meinen gesangk achtent hie die walhen nicht so woll der teuschen **zungen** wie gern ich nu sandte der lieben einen poten dar ir namt
NEI;NEI_3505070_5;zungen;lemma_7924;zunge;Einzelsprachen;lemma_7924_sense_14492;were fro das ist es vor yne allen wurde er an der **zungen** geslagen vnd das sein oder kragen mueste noch die seck tragenn doch
NEI;NEI_4004060_3;zunge;lemma_7924;zunge;Einzelsprachen;lemma_7924_sense_14492;spracht das tuch wer vngewebenn mir wer woll gelungen das wendet ewr **zunge** des muß ich mit laide leben kindt ich gedacht dein zu aigem
NEI;NEI_4411080_6;zungen;lemma_7924;zunge;Einzelsprachen;lemma_7924_sense_12998;peter der slug peterlein den iungen durch den schedel gar auff die **zungen** guentherr der slug guendelwein toten auff die gruene er sprach wert euch
NEI;NEI_7803090_1;zung;lemma_7924;zunge;Einzelsprachen;lemma_7924_sense_14492;das er lebt in solichen tuersten wie er sich des vermeid sein **zung** ich einem angel wol gleiche werleich ich fuercht das vns werd kurczweil
NEI;NEI_8803090_9;zungen;lemma_7924;zunge;Einzelsprachen;lemma_7924_sense_14492;iren willen verdrungen ee das was ein munndt berichtett wol mit einer **zungen** nu sprechen zwu auß einem der ir hof die mannge hatt meiner
NEI;NEI_9314120_4;zungen;lemma_7924;zunge;Einzelsprachen;lemma_7924_sense_14492;die weil ich lebe hie mit meiner handt zu gott mit meiner **zungen** dir wirt in hymellreich ein lob darum gesungen das du in dem
NEI;NEI_9513090_7;zuenglein;lemma_7924;zunge;Einzelsprachen;lemma_7924_sense_14492;des wolt ich mich vleissen vor lieb wolt ich sie in ir **zuenglein** peyssen engelmair du solst ein grosser esell sein das du truegest gein
NEI;NEI_9706110_8;zungenn;lemma_7924;zunge;Einzelsprachen;lemma_7924_sense_12998;zu tancz vor gesungen wol verstund der torpper sich bej einer kleinen **zungenn** der von rubental pruefet thummelichen schall seiner vngeendten dro der treibet er
NEIC;NEIC_1905120_2;zung;lemma_7924;zunge;Einzelsprachen;lemma_7924_sense_12998;dem enwirt er nymmer gram ist er guten weiben zam und sein **zung** an schelten lam so plúet im der tugent stam selig sey sein
NEIC;NEIC_2202010_3;zungen;lemma_7924;zunge;Einzelsprachen;lemma_7924_sense_14492;zwayen gein diser lieben summerzeitt in hohem múte rayen lob von manger **zungen** der maye hat die plúmlein sein entsprungen an manger stat da man
NEIC;NEIC_2307050_3;zung;lemma_7924;zunge;Einzelsprachen;lemma_7924_sense_12998;alte das ersahe das das kindt die kisten prach do geswaig ir **zung** das sie nicht gesprach an leget sie das rocklein also palde das
NEIC;NEIC_3505070_4;zungen;lemma_7924;zunge;Einzelsprachen;lemma_7924_sense_12998;were fro das ist es vor ine allen wurde er an der **zungen** geslagen und das sein oder kragen múste noch die seck tragen doch
NEIC;NEIC_4004060_3;zunge;lemma_7924;zunge;Einzelsprachen;lemma_7924_sense_12998;spracht das tuch wer ungeweben mir wer wol gelungen das wendet ewr **zunge** des muß ich mit laide leben kindt ich gedacht dein zu aigem
NEIC;NEIC_4411080_6;zungen;lemma_7924;zunge;Einzelsprachen;lemma_7924_sense_12998;peter der slug peterlein den jungen durch den schedel gar auf die **zungen** gúnther der slug gúndelwein toten auf die grúne er sprach wert euch
NEIC;NEIC_7803090_1;zung;lemma_7924;zunge;Einzelsprachen;lemma_7924_sense_12998;das er lebt in solichen túrsten wie er sich des vermeid sein **zung** ich einem angel wol gleiche werleich ich fúrcht das uns werd kurczweil
NEIM;NEIM_110120_5;zungen;lemma_7924;zunge;Einzelsprachen;lemma_7924_sense_14492;so ich lebe hie mit miner hant hin ze got mit miner **zungen** wirt in fronechore ein lobeliet von dir gesungen da von du wirst
NEIM;NEIM_203090_8;zungen;lemma_7924;zunge;Einzelsprachen;lemma_7924_sense_14492;ir willen hin gedrungen wilent was ein munt berihtet wol mit einer **zungen** nu sprechent zwo us eime des ir hof die menge hat min
NEIR;NEIR_1202070_11;zunge;lemma_7924;zunge;Einzelsprachen;lemma_7924_sense_14492;uf minen sanch ahtent hie die walhe nieht so wol dir diutschiu **zunge** wie gerne ich nu sande der lieben einen boten dar - nu
NEIR;NEIR_1502010_3;zungen;lemma_7924;zunge;Einzelsprachen;lemma_7924_sense_14492;zweien gein dirre liehten sumerzit in hohem mute raien lop von mangen **zungen** der maye hat di blumen sint ensprungen an manger stat da man
NEIR;NEIR_3502050_3;zungen;lemma_7924;zunge;Einzelsprachen;lemma_7924_sense_14492;iungen disen winder lanch iu ze stiwer gip ich hiwer von miner **zungen** einen niwen sanch daz ir an swæren muet den vreuden mugt erbitten
NEIR;NEIR_3704120_2;zung;lemma_7924;zunge;Einzelsprachen;lemma_7924_sense_14492;der wirt dir nimmer gram ist er guten wiben zam ist sin **zung** an schelten lam so ist er aller tugende stam sælich si sin
NEIR;NEIR_3808110_3;zungen;lemma_7924;zunge;Einzelsprachen;lemma_7924_sense_14492;mit guetem willen dol lachent an er den man snidet mit der **zungen** we der mueter diu mir ze schaden truech nu bin ich beswaret
NEIR;NEIR_5106050_3;zunge;lemma_7924;zunge;Einzelsprachen;lemma_7924_sense_14492;leider nie gesah do daz chint ir chisten brach do gesweig ir **zunge** daz si niht ensprach dar uz nam si daz roechel also balde
NT;NT_1000_4;zungen;lemma_7924;zunge;Einzelsprachen;lemma_7924_sense_12998;diu gâben lûterbaeren schîn si lûhten unde clungen sô wol der mînen **zungen** daz si ir lobes niht bevilt man sach des mîssenaeres schilt von
NT;NT_13_2;zunge;lemma_7924;zunge;Einzelsprachen;lemma_7924_sense_12998;fluht mit ganzer tugent mêren des wart mit hôher êren vil manec **zunge** gihtec durliuhtec und dursihtec was sîn küniclîcher prîs er bluote sam ein
NT;NT_572_4;zunge;lemma_7924;zunge;Einzelsprachen;lemma_7924_sense_12998;künec von navarre fuor ouch in der samenunge den prîset wol mîn **zunge** für einen ritter lobesam wand er ze velde schône quam mit wâpencleide
PL2;PL2_252816_5;zung;lemma_7924;zunge;Einzelsprachen;lemma_7924_sense_12998;das zu boßheit die jhenen die in irem mund hatten des tufels **zung** und retten wie der konig die frauwen in uneren lieb hett und
PRT;PRT_17544_1;zunge;lemma_7924;zunge;Einzelsprachen;lemma_7924_sense_12998;smaehen komen sint gelîchsenaere bûren kint ich muoz dîn leben strâfen dîn **zunge** ist als ein wâfen daz guoten man versêret und werde liute kêret
PT;PT_706_3;zunge;lemma_7924;zunge;Einzelsprachen;lemma_7924_sense_12998;sîn rât sun unde vater schiet von aller zwîvelunge wan sîn erweltiu **zunge** lie si vil tugende merken ir muot begunde er sterken an kristenlichem
PUC;PUC_10531130_10;tzungen;lemma_7924;zunge;Einzelsprachen;lemma_7924_sense_14492;großheyt seyner gotlichen almechtigkeit vnd an der selben stat teylet er ir **tzungen** in tzwovndsybentzug sprachen vnd von dem yst genant der selbig thurn babel
PUC;PUC_10531160_1;tzungen;lemma_7924;zunge;Einzelsprachen;lemma_7924_sense_14492;der selbig thurn babel das do lautet noch der außlegung schendung der **tzungen** doselbst nam auch eynen vrsprunck dye sprach slowanica das do mit verstortem
PUC;PUC_10531190_3;tzungen;lemma_7924;zunge;Einzelsprachen;lemma_7924_sense_14492;von dem das volck der selben sprach heyssen slawoni wann in yrer **tzungen** slawo vnd slawi heyssen wort vnd worter vnd also von dem wort
PUC;PUC_130641310_7;zungen;lemma_7924;zunge;Einzelsprachen;lemma_7924_sense_14492;vom hymel sprechende ein ytzlicher geyst lobet den hern vnd ein ytzliche **zungen** bekennet inn vnd do der babst das wunder hort do satzt er
PUC;PUC_20532030_2;tzungen;lemma_7924;zunge;Einzelsprachen;lemma_7924_sense_14492;bohemia wirt genant von boch das yst got nach der außlegung der **tzungen** slawonica also mit der außlegunge der tzungen sein sy geheyssen bohemi von
PUC;PUC_20532040_1;tzungen;lemma_7924;zunge;Einzelsprachen;lemma_7924_sense_14492;got nach der außlegung der tzungen slawonica also mit der außlegunge der **tzungen** sein sy geheyssen bohemi von dem namen gottes furwar bohemia inn der
PUC;PUC_20532050_4;tzungen;lemma_7924;zunge;Einzelsprachen;lemma_7924_sense_14492;sein sy geheyssen bohemi von dem namen gottes furwar bohemia inn der **tzungen** slawonica wird geheyssen tzechi nach dem namen des ersten einwoners der tzech
PUC;PUC_751491130_6;zungen;lemma_7924;zunge;Einzelsprachen;lemma_7924_sense_14492;welcher ein processen krewtzfert genade vnd knyepygung syngende nach den taylungen der **zungen** dy vntterweysten sich solch irsall das sy sich vntereinander beycht horten vnd
PZ;PZ_31605_3;zungen;lemma_7924;zunge;Einzelsprachen;lemma_7924_sense_12998;erbarmet hân daz iu der munt noch werde wan ich meine der **zungen** drinne als iuz herze ist rehter sinne gein der helle ir sît
PZ;PZ_8516_5;zungen;lemma_7924;zunge;Einzelsprachen;lemma_7924_sense_12998;und ir lant hât dîn lîp errungen des jehent hie gar die **zungen** er sî bertûn oder îrschman oder swer hie welsche sprâche kan franzois
RVBR;RVBR_11668_3;zungen;lemma_7924;zunge;Einzelsprachen;lemma_7924_sense_12998;fruo oder spæte dar umb solt du sî strâfen sô daz der **zungen** wâfen dîn lop doch iht verhouwe bis ob allen frouwe swâ du
SA;SA_201040_1;zungen;lemma_7924;zunge;Einzelsprachen;lemma_7924_sense_12998;sich nit mê vogellîn als ê ouwê daz sint leide mære der **zungen** sungen weidellîch also tæt ouch ich ob mich trôst diu sældenbære sô
SFL;SFL_47530_3;zunge;lemma_7924;zunge;Einzelsprachen;lemma_7924_sense_12998;ime enhôrt deweder ôre alsus was ez von geburt im was diu **zunge** alsô kurt sam ob ez wære besniten dran eins âbents gienc ez
SG;SG_101010301_11;zunge;lemma_7924;zunge;Einzelsprachen;lemma_7924_sense_14492;one scham waz sol ein munt so röselecht dar ynn ein falsche **zunge** die got auch nit geloben kan sie macht gesunden lam was sol
SG;SG_1010300_9;zunge;lemma_7924;zunge;Einzelsprachen;lemma_7924_sense_14492;ein fürst âne scham waz sol ein ungetriuwer munt darin ein valsche **zunge** diu mangem dicke schaden tuot si macht gesunden lam waz sol ein
SL;SL_204_2;zunge;lemma_7924;zunge;Einzelsprachen;lemma_7924_sense_12998;der heidenschaft entsliezen in wolte niht verdriezen vil süezer predigunge sîn ûzerweltiu **zunge** bekêrte liute unmâzen vil und machte grôz der engel spil in dem
SL;SL_3174_4;zunge;lemma_7924;zunge;Einzelsprachen;lemma_7924_sense_12998;jüdescheit teilen solte gotes kleit an sîner marterunge daz in der valschen **zunge** beziugen solte ûf erden daz lât uns allen werden vil schône der
SL;SL_3265_3;zunge;lemma_7924;zunge;Einzelsprachen;lemma_7924_sense_12998;der tôten gie sus hân ich dir entslozzen hie waz der prophêten **zunge** von gotes marterunge gesprochen hât enwiderstrît und ob dû mir ze dirre
SL;SL_3348_3;zunge;lemma_7924;zunge;Einzelsprachen;lemma_7924_sense_12998;aber si gesprochen hânt von gote dem vil reinen daz kan dîn **zunge** meinen anderswar ze diute dû wilt bewaeren hiute daz an kriste ervüllet
SL;SL_3638_4;zunge;lemma_7924;zunge;Einzelsprachen;lemma_7924_sense_12998;daz jêsus krist geborn von einer megde sî gestât mir des dîn **zunge** bî zwâre sô geloube mir daz ich danne wil mit dir reden
SL;SL_481_4;zunge;lemma_7924;zunge;Einzelsprachen;lemma_7924_sense_12998;saelden gert der gnâden hete in got gewert daz sîn vil reiniu **zunge** sô süeze predigunge zallen zîten brâhte vür daz si nâch edels herzen
SL;SL_4837_5;zungen;lemma_7924;zunge;Einzelsprachen;lemma_7924_sense_12998;viel er tet ûf sînen wîten giel und warf her ûz die **zungen** alsus wart er betwungen daz im enzwei daz herze spielt und er
SL;SL_502_1;zunge;lemma_7924;zunge;Einzelsprachen;lemma_7924_sense_12998;hülfe ob ich nû lange mich vlizze ûf sînen werden prîs kein **zunge** ist alsô rehte wîs diu ze sîme lobe tüge alsô daz si
TKR;TKR_1050010270_1;czvngen;lemma_7924;zunge;Einzelsprachen;lemma_7924_sense_14492;do missevil ir erbed god daz ir schir in einen spod ir **czvngen** do virwandelt do midde er si handelt als im gar wol czam
TKR;TKR_1050010320_2;czungin;lemma_7924;zunge;Einzelsprachen;lemma_7924_sense_14492;czam daz brudir brudir nicht virnam vnd ein yklicher iczund nor sin **czungin** allein ver stund ir arbeit missevil abir got er schied sie von
TKR;TKR_1210040360_3;zcung;lemma_7924;zunge;Einzelsprachen;lemma_7924_sense_14492;libes vrisch vnde wirt ewer her von vremdem lant so wirt vwir **zcung** geschant vnd wirt ser geminnert vnd allewege gehindert virdroszen ist es iclechim
TKR;TKR_2510370220_6;zcungen;lemma_7924;zunge;Einzelsprachen;lemma_7924_sense_14492;noch habent etliche czu im hoffenunge dar vmb si nicht achtin dyner **zcungen** abir wenn er nit entwert vnsir hoffenunge dein nit entpert wi herczog
TKR;TKR_2710410070_1;zcungin;lemma_7924;zunge;Einzelsprachen;lemma_7924_sense_12998;mines brudirs mich beraubit dar vm er in der erden taubt dy **zcungin** er im vz sneit dy ougin liz er im vz brechin beide
TKR;TKR_2770420250_7;zcungin;lemma_7924;zunge;Einzelsprachen;lemma_7924_sense_14492;eines fremden koniges tochtir gewin einem iclichin ist daz hercze czu siner **zcungin** groz dar vmb wirt ein vremde nummir min genoz noch minen lutin
TKR;TKR_2770420310_4;zcunge;lemma_7924;zunge;Einzelsprachen;lemma_7924_sense_14492;wirt sy deutsch lerin vnd ir gewonheit virkerin do von an der **zcunge** wirt ein groz zcweiunge vnd dem lande zcu hant ein recht virderbnize
TKR;TKR_3490580530_4;zcungen;lemma_7924;zunge;Einzelsprachen;lemma_7924_sense_14492;virlisin si sprachin holt ob vns iczund kisin wil ein herczog vnsir **zcungen** dar nach wart er dar vf virsunnen dar er vns gebe sin
TKR;TKR_3790631120_2;zcunge;lemma_7924;zunge;Einzelsprachen;lemma_7924_sense_14492;er spreche ich daz libir sehe daz min geslecht sturbe e min **zcunge** virdurbe bischof herman starb wan daz er irwarb daz vor sinem tode
TKR;TKR_3910670330_2;zcunge;lemma_7924;zunge;Einzelsprachen;lemma_7924_sense_14492;cheinir truwe schuldig sein sind ich sehe zcu dir vrist daz sin **zcunge** vngetrwe ist du dy heren daz virnomen si zcu mal zcu einandir
TKR;TKR_3970680590_4;zcungin;lemma_7924;zunge;Einzelsprachen;lemma_7924_sense_74639;habin wol di wisin sprachin do widir sich also der frum sin **zcungin** mert e si wirt vbir hert der vngetrw als man sicht acht
TKR;TKR_3970680620_2;zcungin;lemma_7924;zunge;Einzelsprachen;lemma_7924_sense_74639;e si wirt vbir hert der vngetrw als man sicht acht siner **zcungin** nicht di andirn also sprachin mit redelichin sachin daz lant mit sinem
TKR;TKR_4090682690_3;zcungin;lemma_7924;zunge;Einzelsprachen;lemma_7924_sense_74639;vil gach der pruft an der zcit sobezlabs kunheit der durch siner **zcungin** er den tod gert vil mer wen sin lank lebin do man
TKR;TKR_4150683560_3;zcungin;lemma_7924;zunge;Einzelsprachen;lemma_7924_sense_74639;biz im der libe sobezlab must sin son sendin er liez sin **zcungin** schendin der er wart virlorn als der ochse by dem horn wen
TKR;TKR_4170683890_4;zcungen;lemma_7924;zunge;Einzelsprachen;lemma_7924_sense_74639;zcu eren daz lant laz ich vch gern ich bevel vch wuir **zcungen** daz ir mit vch gelung vnd si furdert allewege vnd den tutschin
TKR;TKR_4170683940_1;zcung;lemma_7924;zunge;Einzelsprachen;lemma_7924_sense_74639;furdert allewege vnd den tutschin kein weg in daz lant irloubt di **zcung** der behem er beroubt wen si in dem lande irstet di behem
TKR;TKR_4190684200_3;zcunge;lemma_7924;zunge;Einzelsprachen;lemma_7924_sense_74639;minen tagin vil lichte irslagin wan daz totir wagt di schand miner **zcunge** clagt er gebot den lantlutin mit nomen fur sich schier zcu komen
TKR;TKR_4290691520_2;zcung;lemma_7924;zunge;Einzelsprachen;lemma_7924_sense_74639;behielt friderich daz bemisch rich vnd er hilt ez furbaz mit siner **zcung** laz di tutschin er nit lib het als sin vatir tet er
TKR;TKR_4350710130_2;zcung;lemma_7924;zunge;Einzelsprachen;lemma_7924_sense_74639;scharn dar nach beschirmt zcu hant herczog ot daz lant vnd sin **zcung** in allin erin wenczlab als ein morgen stern do sin vatir wol
TKR;TKR_5150860570_5;zcung;lemma_7924;zunge;Einzelsprachen;lemma_7924_sense_74639;obirstin tron do er selbir siczit schon doch daz er wolt sin **zcung** scheldin dez must er inkeldin do mit er zcu den stundin sin
TKR;TKR_5210861410_2;zcung;lemma_7924;zunge;Einzelsprachen;lemma_7924_sense_12998;er leidir di deutschin ir cleidir vor leid mugin riszin vnd ir **zcung** biszin ouch von den ougin zcer deiszin vnd vbir dy wang waszir
TKR;TKR_5470930760_3;zcung;lemma_7924;zunge;Einzelsprachen;lemma_7924_sense_74639;solich rich virweisin vil licht ouch als wir horn ist ez diner **zcung** angeborn daz der andir furst virdurbin vnd der vnsir ist gestorbin von
TKR;TKR_5530940670_2;zcung;lemma_7924;zunge;Einzelsprachen;lemma_7924_sense_74639;czu der zcit wilhelm der haz gar vrischiz herczin waz vnd siner **zcung** ein erbir vrunt er irkrigt mit gutin leunt dez burgelins ein edel
TKR;TKR_5590960252_2;zcungin;lemma_7924;zunge;Einzelsprachen;lemma_7924_sense_74639;dutschir heim her wi der romisch mit siner umvart golt di bemisch **zcungin** virtilgin wolt in dem andirn iar der romisch kam gein behem zcwar
TKR;TKR_5590970040_2;zcung;lemma_7924;zunge;Einzelsprachen;lemma_7924_sense_74639;romisch kam gein behem zcwar er wolt bi allin heilgin di bemisch **zcung** al virtilgin di gebur iensit daz rens chomen mit im dy hetin
TKR;TKR_5630980080_3;zcung;lemma_7924;zunge;Einzelsprachen;lemma_7924_sense_74639;wurfil vnglich si namen dy tutschin in den rat si achtin ir **zcung** nit mit der tat do vngewirt dy vrechin mit dem sper begundin
TKR;TKR_5751000280_3;zcung;lemma_7924;zunge;Einzelsprachen;lemma_7924_sense_74639;lachte vnt nits nit sprach her wilhelm der has ein frunt siner **zcung** waz der kun edel daz vbil clagt er legt in hut vnd
TR;TR_11237_3;zungen;lemma_7924;zunge;Einzelsprachen;lemma_7924_sense_12998;bewaerde wil jehen so heizet in daz houbet sehen vindet man die **zungen** da ich entwiche mines rehtes sa und wil von mime criege gan
TR;TR_11243_1;zungen;lemma_7924;zunge;Einzelsprachen;lemma_7924_sense_12998;uf getan und niht darinne vunden tristan hiez an den stunden die **zungen** bringen diu kam dar ir herren sprach er nemet war und seht
TR;TR_11252_1;zungen;lemma_7924;zunge;Einzelsprachen;lemma_7924_sense_12998;widerreden ie nun wister aber rehte wie der veige der begunde mit **zungen** und mit munde mit rede und mit gedanken schranken unde wanken ern
TR;TR_11263_1;zungen;lemma_7924;zunge;Einzelsprachen;lemma_7924_sense_12998;erslagen und ime mit lihter arbeit uz sinem toten rachen sneit dise **zungen** und si dannen truoc daz er in sider ze tode sluoc die
TR;TR_11272_2;zungen;lemma_7924;zunge;Einzelsprachen;lemma_7924_sense_12998;man ze rehte reden sol der aller erest dar kam und die **zungen** da nam der sluoc ouch den serpant des wart gevolget zehant nu
TR;TR_12735_1;zungen;lemma_7924;zunge;Einzelsprachen;lemma_7924_sense_12998;rede die merket ir und swaz si sage daz saget mir ir **zungen** bringet mir her dan und sit ouch des gewis dar an swie
TR;TR_12871_1;zungen;lemma_7924;zunge;Einzelsprachen;lemma_7924_sense_12998;si wider kaemen und sniten an der stunde eime ir vogelhunde die **zungen** uz und riten dan sus seiten dise zwene man isote der mortraeten
TR;TR_12877_2;zunge;lemma_7924;zunge;Einzelsprachen;lemma_7924_sense_12998;haeten mit jamer und mit leide si sageten ir beide diu selbe **zunge** diu waer ir isot diu sprach nu saget mir waz maeres sagetes
TR;TR_12909_1;zunge;lemma_7924;zunge;Einzelsprachen;lemma_7924_sense_12998;iuwer herze und iuwer muot diun sint niht luter unde guot iuwer **zunge** ist harte manicvalt nu vrouwe vristet disen gewalt e wir verliesen unser
TR;TR_15814_1;zunge;lemma_7924;zunge;Einzelsprachen;lemma_7924_sense_12998;den zwein dingen uf geleit an der varwe und ander craft daz **zunge** nie so redehaft noch herze nie so wise wart daz sine schoene
TR;TR_17209_4;zungen;lemma_7924;zunge;Einzelsprachen;lemma_7924_sense_12998;ir singen senelichen unde suoze si wehselten unmuoze mit handen und mit **zungen** si harpheten si sungen leiche unde noten der minne si wandelten darinne
TR;TR_17219_4;zungen;lemma_7924;zunge;Einzelsprachen;lemma_7924_sense_12998;suoze unde seneliche sanc ouch lutete ietweder clanc der harphen unde der **zungen** sos in ein ander clungen so suoze darinne als ez der süezen
TR;TR_17370_4;zunge;lemma_7924;zunge;Einzelsprachen;lemma_7924_sense_12998;rise ir wunne bernde wise in maneger anderunge da was manc süeziu **zunge** diu da schantoit und discantoit ir schanzune und ir refloit den gelieben
TR;TR_1739_1;zunge;lemma_7924;zunge;Einzelsprachen;lemma_7924_sense_12998;si erstummete an der stunde ir clage starp in ir munde ir **zunge** ir munt ir herze ir sin daz was allez do dahin diu
TR;TR_18482_1;zunge;lemma_7924;zunge;Einzelsprachen;lemma_7924_sense_12998;ougen daz nam sin selbes lougen oft und ze maneger stunde ir **zunge** in ir munde diu gesweic ir dicke zuo der not dan was
TR;TR_18527_1;zunge;lemma_7924;zunge;Einzelsprachen;lemma_7924_sense_12998;ir uns waere guoter lere not waz rede ich sinnelose isot tristandes **zunge** und min sin diu varnt dort mit ein ander hin isote lip
TR;TR_19400_4;zungen;lemma_7924;zunge;Einzelsprachen;lemma_7924_sense_12998;ir so vil gelogen mit disen zwein handelungen der ougen unde der **zungen** daz si sines herzen unde sin gewis und sicher wande sin und
TR;TR_2094_4;zungen;lemma_7924;zunge;Einzelsprachen;lemma_7924_sense_12998;kint e oder sit under disen zwein lernungen der buoche unde der **zungen** so vertet er siner stunde vil an iegelichem seitspil da kerte er
TR;TR_2233_5;zungen;lemma_7924;zunge;Einzelsprachen;lemma_7924_sense_12998;und kunnet ir schachzabelspil daz saget mir und sprach daz in ir **zungen** nu sahen si den jungen aber noch vlizeclicher an do er ir
TR;TR_2386_1;zunge;lemma_7924;zunge;Einzelsprachen;lemma_7924_sense_12998;ir ingesinde nach ir verlornem kinde weinen uf des meres stat manec **zunge** damit triuwen bat daz got sin helfe waere da wart manic clagemaere
TR;TR_3696_4;zungen;lemma_7924;zunge;Einzelsprachen;lemma_7924_sense_12998;wol nu kam iesa der hufe dar gedrungen und swer iht vremeder **zungen** von den bilanden kunde der versuohte in sa zestunde dirre sus und
TR;TR_4497_1;zunge;lemma_7924;zunge;Einzelsprachen;lemma_7924_sense_12998;sprichest als der höfsche sol diu wort gezement der crone wol din **zunge** din herze und din hant die gebieten iemer über diz lant wis
TR;TR_4608_3;zungen;lemma_7924;zunge;Einzelsprachen;lemma_7924_sense_12998;den ich umbe solte gan und waere daz gevüege daz ich zwelf **zungen** trüege in min eines munde der iegelichiu kunde sprechen alse ich sprechen
TR;TR_4705_1;zunge;lemma_7924;zunge;Einzelsprachen;lemma_7924_sense_12998;in in ir brunnen geliutert unde gereinet er ist binamen gefeinet sin **zunge** diu die harpfen treit diu hat zwo volle saelekeit daz sint diu
TR;TR_4739_2;zungen;lemma_7924;zunge;Einzelsprachen;lemma_7924_sense_12998;selben gebent im einen pris er inpfete daz erste ris in tiutischer **zungen** davon sit este ersprungen von den die bluomen kamen da si die
TR;TR_4783_3;zungen;lemma_7924;zunge;Einzelsprachen;lemma_7924_sense_12998;der werlde alsus geswigen ist diu aller doene houbetlist versigelt in ir **zungen** truoc von der denk ich vil unde genuoc ich meine aber von
TR;TR_4790_4;zunge;lemma_7924;zunge;Einzelsprachen;lemma_7924_sense_12998;naeme wannen ir daz wunder kaeme so maneger wandelunge ich waene orphees **zunge** diu alle doene kunde diu doenete uz ir munde sit daz man
TR;TR_4828_3;zunge;lemma_7924;zunge;Einzelsprachen;lemma_7924_sense_12998;wie in bereite der sin wil niender dar zuo son weiz diu **zunge** waz si tuo al eine und ane des sinnes rat von dem
TR;TR_4854_1;zunge;lemma_7924;zunge;Einzelsprachen;lemma_7924_sense_12998;geprüeven kan an einem anderen man nun weiz ich wies beginne min **zunge** und mine sinne dien mugen mir niht ze helfe komen mir ist
TR;TR_4887_1;zungen;lemma_7924;zunge;Einzelsprachen;lemma_7924_sense_12998;ist ouch nie so cleine ern müeze mir verrihten verrihtende beslihten beidiu **zungen** unde sin an den ich sus entrihtet bin diu minen wort muoz
TR;TR_5453_5;zungen;lemma_7924;zunge;Einzelsprachen;lemma_7924_sense_12998;obene ze tal beidiu hirne und hirneschal daz ez im an der **zungen** want hie mite so stach er ime zehant daz swert gein dem
TR;TR_6475_2;zunge;lemma_7924;zunge;Einzelsprachen;lemma_7924_sense_12998;da rief an der stunde von herzen und von munde manec edeliu **zunge** hin ze gote daz got mit sinem gebote bedaehte ir laster unde
TR;TR_7793_1;zunge;lemma_7924;zunge;Einzelsprachen;lemma_7924_sense_12998;dich wol ich wil din arzat selbe sin genade süeziu künigin diu **zunge** diu gruone iemer daz herze ersterbe niemer diu wisheit diu müeze iemer
TR;TR_9061_1;zungen;lemma_7924;zunge;Einzelsprachen;lemma_7924_sense_12998;uf brach mit micheler arbeit uz dem rachen er im sneit der **zungen** mit dem swerte der maze als er ir gerte in sinen buosem
TR;TR_9087_2;zunge;lemma_7924;zunge;Einzelsprachen;lemma_7924_sense_12998;tac und die naht wan ime benam al sine maht diu leide **zunge** die er truoc der rouch der von der an in sluoc der
TR;TR_9418_1;zungen;lemma_7924;zunge;Einzelsprachen;lemma_7924_sense_12998;liehte cumpanie do si den ellenden mit snewizen henden entwafenen begunden die **zungen** si do vunden sich warte sprach diu künigin waz ist diz oder
TR;TR_9422_4;zunge;lemma_7924;zunge;Einzelsprachen;lemma_7924_sense_12998;oder waz mag diz sin brangaene höfschiu niftel sprich ez ist ein **zunge** dunket mich du sprichest war brangaene mich dunket unde ich waene so
TR;TR_9430_1;zunge;lemma_7924;zunge;Einzelsprachen;lemma_7924_sense_12998;weiz ez alse minen tot wir sin zer rehten verte komen diu **zunge** hat ouch ime benomen beidiu craft unde sin hie mite entwafentens in
TR;TR_9442_3;zungen;lemma_7924;zunge;Einzelsprachen;lemma_7924_sense_12998;sprach si der man der tampf gerumet schiere hie der von der **zungen** an in gie so mag er sprechen unde uf sehen daz was
TR;TR_9502_1;zungen;lemma_7924;zunge;Einzelsprachen;lemma_7924_sense_12998;nie nieman nihtes inne wart da schuofens ime helfe unde gemach die **zungen** alse ich e da sprach sin isen und sin ander dinc desn
TR;TR_9602_1;zungen;lemma_7924;zunge;Einzelsprachen;lemma_7924_sense_12998;gelegez allez eine nider und saget mir vrouwe ist iu bekant die **zungen** die man bi mir vant beleip diu oder war tet man die
VTC;VTC_404080600_4;czungen;lemma_7924;zunge;Einzelsprachen;lemma_7924_sense_14492;sunder auch welsch lombardisch dewtsch vnde latinisch alzo das wir alle deße **czungen** kunden reden leßen vnde screiben vnde eyne was vns alzo gereit als
WH;WH_10620_2;zungen;lemma_7924;zunge;Einzelsprachen;lemma_7924_sense_12998;schadehafter strit sit her von anegenges zit arofel von persya in maneger **zungen** sprache alda wart beklagt ouch tesereiz pinel und poufameiz und der milte
WH;WH_40813_2;zungen;lemma_7924;zunge;Einzelsprachen;lemma_7924_sense_12998;taete sinen puneiz vor gehielten und da manec houbet spielten daz die **zungen** in den munden deheine krie enkunden mahumeten liez ers walten do kerte
WH;WH_45012_1;zunge;lemma_7924;zunge;Einzelsprachen;lemma_7924_sense_12998;wile siner swester sun mile wart wol gerochen an dem tage maneger **zunge** sprache klage da rewurben vil ze klagene und da heime not ze
WH;WH_7309_3;zungen;lemma_7924;zunge;Einzelsprachen;lemma_7924_sense_12998;sprache sint er dunket mich der witze ein kint swer niht der **zungen** lat ir lant davon die sprache sint bekant so man die zungen
WH;WH_7311_3;zungen;lemma_7924;zunge;Einzelsprachen;lemma_7924_sense_12998;zungen lat ir lant davon die sprache sint bekant so man die **zungen** nennet gar ir nement niht zwelve des toufes war die andern hant
WVV;WVV_1112070500_1;zungen;lemma_7924;zunge;Einzelsprachen;lemma_7924_sense_12998;leben sô will sich dirre und alle kristenheit ze valle geben alle **zungen** suln ze gote schrîen wâfen und rüefen im wie lange er welle
WZB;WZB_10rb_30_4;czungen;lemma_7924;zunge;Einzelsprachen;lemma_7924_sense_12998;zu dem perge in Dicz sint die kinder noch iren kuntscheften vnd **czungen** vnd landen in iren geslechtwn Dicz ist das gesinde noch irem volke
WZB;WZB_10rb_5_1;czungen;lemma_7924;zunge;Einzelsprachen;lemma_7924_sense_12998;vnd bis czu Dicz sint di kinder von in iren kvnden vnd **czungen** vnd in iren geperungen vnd landen vnd in irn geslechten Und von
WZB;WZB_10va_23_2;czunge;lemma_7924;zunge;Einzelsprachen;lemma_7924_sense_12998;Und sprach Secht wie ein volk ist es vnd habent alle ein **czunge** Und czu machen haben sie das angehaben noch enlasen nicht von irn
WZB;WZB_10va_30_1;czungen;lemma_7924;zunge;Einzelsprachen;lemma_7924_sense_12998;Kumet dan dorumbe steige wir hin abe vnd machen zu schanden ire **czungen** also das ein yclicher nicht vorneme die czunge seines nehsten Und also
WZB;WZB_10va_31_3;czunge;lemma_7924;zunge;Einzelsprachen;lemma_7924_sense_12998;machen zu schanden ire czungen also das ein yclicher nicht vorneme die **czunge** seines nehsten Und also teilte sie vnser herre von der stat in
WZB;WZB_10va_3_0;czungen;lemma_7924;zunge;Einzelsprachen;lemma_7924_sense_12998;der erden noch der flūte GENE Es was aber die erde einer **czungen** vnd einer sprache Und do sie wanderten von do funden sie ein
WZB;WZB_10vb_2_2;czunge;lemma_7924;zunge;Einzelsprachen;lemma_7924_sense_12998;wart geheissen ir name wenne do zu schanden worden SIS ist die **czunge** aller erden vnd von danne zu strew̆te sie vnser herre auf die
WZB;WZB_130ra_28_1;czungen;lemma_7924;zunge;Einzelsprachen;lemma_7924_sense_12998;genant ist leuiticus ein ende vnd ist also vil gesprochen in deutscher **czungen** ein Buch der priesterschaft Dornach so hebt sich an das vierde buch
WZB;WZB_1vb_32_4;czunge;lemma_7924;zunge;Einzelsprachen;lemma_7924_sense_12998;wil ich aus richten sa Und mit gleichen slechten dingen In deutsche **czunge** v­ vnd sprache bringen Nicht zu reime sam ich aldo Gee in
WZB;WZB_205vb_32_0;czunge;lemma_7924;zunge;Einzelsprachen;lemma_7924_sense_12998;endlisten teilen der erden in gleichnusse eines vligenden adilares mit sturme des **czunge** du nicht vornemen macht ein arkheftiges volk geslechte der nicht vortregt den
WZB;WZB_229rb_27_6;czungen;lemma_7924;zunge;Einzelsprachen;lemma_7924_sense_12998;teil des zudnischen teiles Sein anevank von der hŏe vnd von der **czungen** die do sicht gegen mittem tage vnd geet ous gegen vnd durch
WZB;WZB_229va_12_0;czungen;lemma_7924;zunge;Einzelsprachen;lemma_7924_sense_12998;des Und die die do sehen gegen nŏrden Und von der c **czungen** des meris vncz bis zu dem selben wasser des Und ouf steiget
WZB;WZB_232vb_25_3;czungen;lemma_7924;zunge;Einzelsprachen;lemma_7924_sense_12998;ebenunge vnd czeuhet gegen norden zu Und sein ousgenge sint gegen der **czungen** des von norden in dem ende des zu dem ostnischen teile der
WZB;WZB_43ra_14_2;czungen;lemma_7924;zunge;Einzelsprachen;lemma_7924_sense_12998;in aller erden Und vorkarte seinen namen vnd nante yn noch egiptischer **czungen** den heilant der werlde vnd gabe im ein housvrowe des priesters tochter
WZB;WZB_56vb_15_4;czungen;lemma_7924;zunge;Einzelsprachen;lemma_7924_sense_12998;das du hast gesprochen zu deinem knechte ich bin gehinderter vnd tregir **czungen** Und vnser herre sprach zu im Wer hat gemacht des menschen mvnt
WZB;WZB_9vb_34_4;czungen;lemma_7924;zunge;Einzelsprachen;lemma_7924_sense_12998;in den landen des meres in iren reichen ein yclicher noch seiner **czungen** vnd noch iren gesinden in iren geslechten Aber die kinder X cap̄
AT;AT_2434_1;nasen;lemma_4317;nase;Lateinisch;lemma_4317_sense_6745;gestrecket lac in allen den gebaerden als ob er waere tôt von **nasen** und von ôren sach man im vliezen daz bluot rôt über im
AXU;AXU_15330_3;nasen;lemma_4317;nase;Lateinisch;lemma_4317_sense_6745;burgaere pînten mit scharpher swaere sie besniten sie gar dirre wart der **nasen** bar daz enwart ouch niht vermiten ir münde wurden in versniten disem
AXU;AXU_25638_2;nasen;lemma_4317;nase;Lateinisch;lemma_4317_sense_6745;tûben die in ûz den hûben die ôren abe rizzen und die **nasen** abe bizzen erwern sie in des niht kunden waz sie blôzes an
DA;DA_1335_1;nasen;lemma_4317;nase;Lateinisch;lemma_4317_sense_6745;unsaelic wîp wie sol ich daz erlîden ez welle mir abesnîden beidiu **nasen** unde munt ez schende mich unz an die stunt daz mich nieman
EKL;EKL_104100_1;nasan;lemma_4317;nase;Lateinisch;lemma_4317_sense_6745;slegen gar ze toren das bluot in von den helmen ran zen **nasan** und zen oren das es in durch die ringe flos si sassen
ENE;ENE_27260_4;nasen;lemma_4317;nase;Lateinisch;lemma_4317_sense_6745;ouchbrâwen langen unde grâwen die dâr vore hiengen und ir zû der **nasen** giengen grûwelîch was ir lîb ime enwart nie dehein wîb alsô wunderlîche
ENE;ENE_32130_2;nasen;lemma_4317;nase;Lateinisch;lemma_4317_sense_6745;fûre im ûz dem munde flouch und ubil stinkende rouch ûz der **nasen** und ûz den ôren als ir wole moget hôren wie stark und
ENE;ENE_51640_1;nase;lemma_4317;nase;Lateinisch;lemma_4317_sense_6745;stânde daz manech man des wânde daz si wâre ein gotinne diu **nase** der munt daz kinne daz stunt sô minnechlîche daz nieman wart sô
ENG;ENG_2976_1;nase;lemma_4317;nase;Lateinisch;lemma_4317_sense_6745;vil schoenen meide vil wünneclich getreide lac an ir süezem lebene ir **nase** was vil ebene vür wandel gar gesnitzet verstumpfet noch verspitzet was si
ER;ER_831900_2;nase;lemma_4317;nase;Lateinisch;lemma_4317_sense_6745;vreudenvar des verlougenten si gar daz bluot ir hiufeln entweich dô wurden **nase** und wengel bleich daz machete in der ougen regen nû enweste êrec
FD;FD_104207_5;nasen;lemma_4317;nase;Lateinisch;lemma_4317_sense_6745;daz bluot mir ûz dem munde brach für wâr und ûz der **nasen** mîn daz man mich vaste sach bluotic sîn dô er mich alsus
FD;FD_109303_3;nasen;lemma_4317;nase;Lateinisch;lemma_4317_sense_6745;waz im geschach daz bluot von sînem munde brach und ûz der **nasen** von sîner klage bî mîner wârheit ich iu sage ich waene niht
FD;FD_70002_3;nasen;lemma_4317;nase;Lateinisch;lemma_4317_sense_6745;ger dô het ouch im dâ an der stunt der helm betraufet **nasen** und munt daz er niht moht gestechen mêr dô kom gein mich
FDS;FDS_1042007_5;nasen;lemma_4317;nase;Lateinisch;lemma_4317_sense_6745;daz bluot mir uz dem munde brach für war und uz der **nasen** min daz man mich vaste sach bluotic sin do er mich alsus
FDS;FDS_1093003_3;nasen;lemma_4317;nase;Lateinisch;lemma_4317_sense_6745;waz im geschach daz bluot von sinem munde brach und uz der **nasen** von siner chlage bi miner warheit ich iu sage ich wene niht
FDS;FDS_700002_3;nasen;lemma_4317;nase;Lateinisch;lemma_4317_sense_6745;ger do het ouch im da an der stunt der helm bestroufet **nasen** und munt daz er niht moht gestechen mer do chom gegen mir
FLO;FLO_6832_1;nase;lemma_4317;nase;Lateinisch;lemma_4317_sense_6745;anblicke als sie solten lachen dicke daz im harte wol gezam sîn **nase** was im alsam nâch wunsche eben unde sleht wol geschaffen unde reht
FLO;FLO_6896_1;nase;lemma_4317;nase;Lateinisch;lemma_4317_sense_6745;mit gewalte noch mit tûsent hern sô man sie an blicket diu **nase** was wol geschicket dar zuo munt und wangen mit schoener varwe bevangen
IW;IW_447_1;nase;lemma_4317;nase;Lateinisch;lemma_4317_sense_6745;dem ungevüegen manne wâren granen unde brâ lanc rûch unde grâ diu **nase** als einem ohsen grôz kurz wît niender blôz daz antlütze dürre und
JT;JT_51824000_9;nasen;lemma_4317;nase;Lateinisch;lemma_4317_sense_6745;der erden sunder smecken do lazarus erstanden was do muosten luet ir **nasen** decken owe waz rede ich tumbe durch herzen jamers twingen daz tet
LZ;LZ_4532_1;nasen;lemma_4317;nase;Lateinisch;lemma_4317_sense_6745;geslagen durch sîn barbel daz der degen alsô snel bluoten begunde zer **nasen** und zem munde durch die vintâlen nider der rîche wirt sluoc dâ
MSP;MSP_1681100_6;naß;lemma_4317;nase;Lateinisch;lemma_4317_sense_6745;dz angesicht erbleicht / die augen zerprechent / die oren und die **naß** werden verstopfet / der mundt erstummet / die zung erkaltet / der
MSP;MSP_1732100_3;naß;lemma_4317;nase;Lateinisch;lemma_4317_sense_6745;sterck krancket das antlucz tuncklet der atem schmeckt die augen rynnen die **naß** treüfft die zen erfaulen / die oren verschwellen / die zung stamlet
NEI;NEI_11805080_6;nasen;lemma_4317;nase;Lateinisch;lemma_4317_sense_6745;eyll das im ward ein rimpffenramph gemessen vor den augen vber die **nasen** vnd durch sein schrimppffenn vcze sprach wer soll fur dich die herten
NEI;NEI_205160_2;nasen;lemma_4317;nase;Lateinisch;lemma_4317_sense_6745;woellen sie beczwingen fueß hend vnd arm sah man reisen lungen lebern **nasen** oren kopff vnd kragen das will ich breisen fuer des lichten mayen
NEI;NEI_4510070_5;nasen;lemma_4317;nase;Lateinisch;lemma_4317_sense_6745;danck der ims so maisterlichen messen kundt von den oren zu der **nasen** spicz das ir hundert so gemercket weren das man sie erkant durch
NEI;NEI_604060_0;nassen;lemma_4317;nase;Lateinisch;lemma_4317_sense_6745;ich dir pfluog vnd ruten das sie sich zerhawen auff der strassen **nassen** vnd augen ward da uil verlorn man sah reysen hende vnd arm
NEI;NEI_7712050_2;naß;lemma_4317;nase;Lateinisch;lemma_4317_sense_6745;wie pin ichs verlorn das kumpt so von grossem zorn munndt vnd **naß** vnd kel ward im am wasser abgeschorn der athem gieng im auß
NEI;NEI_9516080_0;nasen;lemma_4317;nase;Lateinisch;lemma_4317_sense_6745;gab schein gleich recht einem gulle den murmawn tratens vber den anger **nasen** oren vnd hende der wurdens swanger mir was gar laid das er
NEIC;NEIC_205160_4;nasen;lemma_4317;nase;Lateinisch;lemma_4317_sense_6745;wöllen sie beczwingen fúß hend und arm sah man reisen lungen lebern **nasen** oren kopf und kragen das will ich breisen fúr des lichten maien
NEIC;NEIC_4510070_5;nasen;lemma_4317;nase;Lateinisch;lemma_4317_sense_6745;danck der ims so maisterlichen messen kundt von den oren zu der **nasen** spicz das ir hundert so gemercket weren das man sie erkant durch
NEIC;NEIC_604060_0;nasen;lemma_4317;nase;Lateinisch;lemma_4317_sense_6745;ich dir pflúg und rúten das sie sich zerhawen auf der strassen **nasen** und augen ward da vil verlorn man sah reisen hende und arm
PL2;PL2_202328_3;nasen;lemma_4317;nase;Lateinisch;lemma_4317_sense_6745;und geben hatt gehabt davon yme das blut zu monde und zu **nasen** uß fuor er thet kein wer me dan er den slege nit
PL2;PL2_209016_15;nase;lemma_4317;nase;Lateinisch;lemma_4317_sense_6745;er daran lacht so fure yme das blut zu monde und zu **nase** uß und quetzeten sere aber do er den licham blosse gesache und
PRT;PRT_12563_1;nase;lemma_4317;nase;Lateinisch;lemma_4317_sense_6745;si durch die barbel ir stirne ir ougen unde ir kel ir **nase** ir munt ir tinne ir wangen unde ir kinne ir hende ir
PRT;PRT_21024_5;nasen;lemma_4317;nase;Lateinisch;lemma_4317_sense_6745;alzehant schôz wol halbez ûf den wasen er schriet in niderthalp der **nasen** krefteclichen durch und durch des viel dâ nider ûf die furch daz
PRT;PRT_8652_3;nasen;lemma_4317;nase;Lateinisch;lemma_4317_sense_6745;wîz diu stirne was ir und ze mâzen breit got hete ir **nasen** ûf geleit vil gar mit hôhem flîze erlôst von itewîze was ir
PUC;PUC_541032010_2;nasen;lemma_4317;nase;Lateinisch;lemma_4317_sense_6745;kunges vonn vngern wurden begryffenn vnd gepote das man sye beraubet der **nasen** vnd der augen auch der zeyt begreyf er von dem streyt tausent
PUC;PUC_541041070_7;nasen;lemma_4317;nase;Lateinisch;lemma_4317_sense_6745;er verraten von dem roten gekleyde vnd wart begryffen vnd berawbt der **nasen** vnd der augen mit geheysse des fursten vnd das nymant von dem
PUC;PUC_561052100_9;nasen;lemma_4317;nase;Lateinisch;lemma_4317_sense_6745;dem oben yst geschehen inn gedechtnus wart beraubet der augen vnd der **nasen** vnd pillich geschehen kalendas ianuary darnach wart grosser tzorn vnd tzwytrechtigkeyt tzwischen
PUC;PUC_711421220_8;nasen;lemma_4317;nase;Lateinisch;lemma_4317_sense_6745;wereten wurden getodt etzlich enpfluhen kawm den gefangen wurden abgesnyten oren vnd **nasen** das sy icht wider zugen gen osterrich denn der kung vonn merhern
PZ;PZ_21225_7;nasen;lemma_4317;nase;Lateinisch;lemma_4317_sense_6745;einem niderzucke von parzivâles drucke bluot waete ûz ôren und ûz der **nasen** daz machte rôt den grüenen wasen er enblôzte imz houbet schier von
PZ;PZ_26822_5;nasen;lemma_4317;nase;Lateinisch;lemma_4317_sense_6745;snel von dem pherde ûf den wasen swie daz bluot von der **nasen** den munt im hete gemachet rôt si kuste in dô er kus
PZ;PZ_40925_7;nasen;lemma_4317;nase;Lateinisch;lemma_4317_sense_6745;daz er die maget rehte ersach ir munt ir ougen und ir **nasen** baz geschicket an spizze hasen ich waene den gesâht ir nie dan
PZ;PZ_42924_7;nase;lemma_4317;nase;Lateinisch;lemma_4317_sense_6745;kôs lîâze was des kindes base sîn munt sîn ougen und sîn **nase** was rehte der minne kerne al diu werlt sach in gerne dar
PZ;PZ_57206_2;nasen;lemma_4317;nase;Lateinisch;lemma_4317_sense_6745;dar begundez gên der lewe spranc dicke an den gast durch die **nasen** manegen phnast tet er mit bleckenden zenen wolde man in solher spîse
PZ;PZ_57604_2;nasen;lemma_4317;nase;Lateinisch;lemma_4317_sense_6745;mir ir hende des zobels roufte und habete in dar vür sîne **nasen** dô nam si war ob der âtem zhâr sô regete daz er
PZ;PZ_59314_5;nasen;lemma_4317;nase;Lateinisch;lemma_4317_sense_6745;kurtois gein dem urvar ûf den wasen ist diu nieswurz in der **nasen** draete unde strenge durch sîn herze enge kom alsus diu herzogîn durch
PZ;PZ_8819_6;nasen;lemma_4317;nase;Lateinisch;lemma_4317_sense_6745;vlîz dô was im gamesieret unde zequaschieret hiufel kinne und an der **nasen** er hete der küneginne basen diu dise êre an im begienc daz
RAB;RAB_100210_0;nase;lemma_4317;nase;Lateinisch;lemma_4317_sense_6745;die halsperge sî entranden si nâmen schaden an vüezen und an handen **nase** ougen unde munt wart allez hin geslagen jâ tuot mir daz maere
RBE;RBE_740_3;naß;lemma_4317;nase;Lateinisch;lemma_4317_sense_6745;hon den vatter min etwan von turnier sehen ryten das im sin **naß** waz verschniten ein gezierd was zerstochen sin waffen rock was erbrochen sin
REN;REN_12170_6;nase;lemma_4317;nase;Lateinisch;lemma_4317_sense_6745;von im wart diu erde rot daz bluot shoz im uz der **nase** wart sin muoter ie sin base des hat er cleine genozen mit
REN;REN_175610_4;nasen;lemma_4317;nase;Lateinisch;lemma_4317_sense_6745;einem slage so harte daz dem kuenen rennewarte daz bluot uz der **nasen** shoz der selbe slag was so groz daz rennewart vil nah sin
REN;REN_308580_3;nase;lemma_4317;nase;Lateinisch;lemma_4317_sense_6745;velles was wenig blang vil durre warn ir wange sie het ein **nase** vil lange ir kinne und ir vil langiu kel warn horn und
REN;REN_340160_3;nase;lemma_4317;nase;Lateinisch;lemma_4317_sense_6745;sere sie in phnutten und begunden in vaste stozen man sach die **nase** im grozen sin muot der wart verwandelt er sprach der mich so
REN;REN_348490_3;nase;lemma_4317;nase;Lateinisch;lemma_4317_sense_6745;er des erwindet swie uns sin lip hie vindet im ist diu **nase** gewahsen lang ez ist niht anders sin gedang wan wie er uns
SAL;SAL_761030_6;nase;lemma_4317;nase;Lateinisch;lemma_4317_sense_6745;swert im an der hende erclang er schriet im durch das helmes **nase** bant mit sinem scharffen swerte das es im an den zenen wider
SAT;SAT_69_6;nasen;lemma_4317;nase;Lateinisch;lemma_4317_sense_6745;umb sine sünde was so groß das bluot yme zuo munde und **nasen** ußschos syn hertze spielte yme entzwey von yomers not der edele morolff
SBV;SBV_380_5;nasen;lemma_4317;nase;Lateinisch;lemma_4317_sense_6745;tett als ob er wölt küssen in und beis im ab die **nasen** sin der vatter schrei we und ach owe das das ie geschach
SBV;SBV_430_1;nasen;lemma_4317;nase;Lateinisch;lemma_4317_sense_6745;ich wand du wöltist mich küssen du hast mir aber abgebissen die **nasen** das ist mir leid der sun zuo dem vatter seit vatter ich
TKR;TKR_3390561070_5;nasin;lemma_4317;nase;Lateinisch;lemma_4317_sense_6745;ob ich vmmir ein wenig slafin wil mir wirt von der krummen **nasin** tromen vil vart von mirr verre er boszin der konig went von
TKR;TKR_3390561090_6;nasin;lemma_4317;nase;Lateinisch;lemma_4317_sense_6745;vart von mirr verre er boszin der konig went von siner langen **nasin** da wir da von redin vnd sin mit spoit pflegin den wrsouicensir
TKR;TKR_3930680120_5;nasin;lemma_4317;nase;Lateinisch;lemma_4317_sense_6745;daz houbt virringin mit einer schentlichir gab er sneit in al dy **nasin** ab czu in er also sprach der tutschir sy min gouch vm
TKR;TKR_3950680250_3;nasin;lemma_4317;nase;Lateinisch;lemma_4317_sense_6745;her von dinen landen dovon bist du czu schanden worden mit der **nasin** du gest als der wil grasin wor vmb bistu hy her komen
TKR;TKR_3950680400_5;nasin;lemma_4317;nase;Lateinisch;lemma_4317_sense_6745;dy orn hoer noch ein wundir plab si snitin im ouch dy **nasin** ab vnde wer sobeslabin zcu bracht beide tag vnd nacht sin schilt
TKR;TKR_3950680440_1;nasin;lemma_4317;nase;Lateinisch;lemma_4317_sense_6745;wer sobeslabin zcu bracht beide tag vnd nacht sin schilt gedrollin tutschir **nasin** vollin em gab sobeslab der stark claris silbirs hundert mark di mer
TKR;TKR_4230690600_1;nasin;lemma_4317;nase;Lateinisch;lemma_4317_sense_6745;nicht in behem zcu der stunt lazsin vnd wart si virmidin di **nasin** wart er in absnidin abir er sich vnd vil gach der vestin
TKR;TKR_4290691550_5;nasin;lemma_4317;nase;Lateinisch;lemma_4317_sense_6745;vatir tet er in vf der stet er sneid in ouch dy **nasin** ab er het von in grosze gab enphangin vnd nit chlain wol
TKR;TKR_4850800540_4;nasin;lemma_4317;nase;Lateinisch;lemma_4317_sense_6745;tode slahin si behabtin in mit der hab vnd snitin im dy **nasin** ab borsz vnd habel zcu hant gingin vz dem lant si brachtin
TRH;TRH_51060_1;nase;lemma_4317;nase;Lateinisch;lemma_4317_sense_6745;die varwe ist dir verblichen dîn ougen sint dir în gesmogen dîn **nase** ist dir ûz gebogen dîn stirne und dîne wangen mit runzelen sint
TRO;TRO_19936_5;nase;lemma_4317;nase;Lateinisch;lemma_4317_sense_6745;mohte ersehen alsam in eime werden glase daz wol geprîset werde ir **nase** dar zuo bin ich vil gar ze tump niht hoverehte noch ze
TRO;TRO_19941_2;nasen;lemma_4317;nase;Lateinisch;lemma_4317_sense_6745;geschepfet was ir forme glast an ir dekeines dinges brast daz einer **nasen** wol gezimet swaz wirde und êre frouwen nimet daz het helêne cleine
TRO;TRO_3032_2;nase;lemma_4317;nase;Lateinisch;lemma_4317_sense_6745;ougen dâ stuonden âne lougen zwô smale brûne brâwen obe stirn unde **nase** wol ze lobe wâren im dâ bî gestalt der wunsch der hete
TRO;TRO_35714_5;nasen;lemma_4317;nase;Lateinisch;lemma_4317_sense_6745;bluotes pfütze gap im dô kumberlichen rouch wan ez im in die **nasen** ouch ze berge jaemerlichen dampf er lie sich urliug unde kampf ein
TRO;TRO_8164_1;nasen;lemma_4317;nase;Lateinisch;lemma_4317_sense_6745;kunst daz si des wilden fiures brunst ûz blâsent alle stunde ze **nasen** und ze munde in brinnet ûz bech unde swebel von in beiden
TRO;TRO_9669_6;nasen;lemma_4317;nase;Lateinisch;lemma_4317_sense_6745;ûz in bran swebel unde bech ze munde beide und zuo der **nasen** die bluomen und den grüenen wasen besenget het ir fiures brunst ûz
TRY;TRY_10405_1;nase;lemma_4317;nase;Lateinisch;lemma_4317_sense_6745;ime statte daz er sich uf erhube sin ougen wurden trube sin **nase** begunde bleichen daz was ein bitter zeichen im enphilen die hende hector
TRY;TRY_13982_4;nase;lemma_4317;nase;Lateinisch;lemma_4317_sense_6745;wart zuhowen und zuschit uf dem grunen grase sin schone munt sin **nase** sine ougen sine wangen lagen da behangen mit blumen mit krute daz
TRY;TRY_1531_1;nase;lemma_4317;nase;Lateinisch;lemma_4317_sense_6745;sine wangen sin ougen begunden im roten sin herze im vurtoten sin **nase** begunde auch bleichen maniger hande zeichen underging im sin blut bewilen hette
TRY;TRY_1538_0;nasen;lemma_4317;nase;Lateinisch;lemma_4317_sense_6745;bewilen hette er unmut leit und swere ungedult und ungebere augen crimf **nasen** rimf im was allenthalben we iene ranten uz dem se und diese
TRY;TRY_17130_2;nase;lemma_4317;nase;Lateinisch;lemma_4317_sense_6745;dannoch enkante er in niet wol im was wazzers vol ougen oren **nase** munt diz weter dri tage stunt an dem fierden umbe mitten tac
TRY;TRY_2926_1;nase;lemma_4317;nase;Lateinisch;lemma_4317_sense_6745;strenge ir antlitze offenbar lanc sidenfar har harte gliche in stunt augen **nase** und munt und darzu wange und kinne sie enschieden danne die sinne
TRY;TRY_3197_2;nase;lemma_4317;nase;Lateinisch;lemma_4317_sense_6745;gruzze gute rede suzze gesicht harte frolich sinen finden engestlich kyne munt **nase** wange augen har zopphe lange lide bein adern blut daz was allez
TRY;TRY_5673_2;nasen;lemma_4317;nase;Lateinisch;lemma_4317_sense_6745;bruder zu fuz stunt des zubletzete er im den munt und die **nasen** so sere als der munt vorne were weder helm noch nasebant mit
TRY;TRY_5848_1;nase;lemma_4317;nase;Lateinisch;lemma_4317_sense_6745;schein herze und lunge ieneme die zunge halp uf den zanen die **nase** lac disem uf den granen dem lac die swarte uf dem buche
TRY;TRY_6343_2;nasen;lemma_4317;nase;Lateinisch;lemma_4317_sense_6745;dar mite und sluc in gerichte under daz an sichte um die **nasen** und den munt daz er sere wart gewunt hector des ouch niht
TRY;TRY_7584_5;nasen;lemma_4317;nase;Lateinisch;lemma_4317_sense_6745;sverden uf daz gras an den wasen do flecte er im die **nasen** munt und nasel wen daz ector was vil snel und zu fuz
TRY;TRY_8896_2;nase;lemma_4317;nase;Lateinisch;lemma_4317_sense_6745;zene unz an daz kinne uf daz houbet einen slac zu der **nase** unz an den tac durch den gumen unz an die zungen und
WDD;WDD_23930_1;nase;lemma_4317;nase;Lateinisch;lemma_4317_sense_6745;gel wâren im die ougen als uns diz buoch noch seit sîn **nase** was geschaffen krump alse ein widers horn von dem waltaffen wart manic
WDD;WDD_25040_10;nasen;lemma_4317;nase;Lateinisch;lemma_4317_sense_6745;engestlîchen stôz daz im daz bluot sô rôt ze munde und ze **nasen** ûz schôz êrste wart von schulden zorn dem kriechen tugentrîch an den
WGL;WGL_51180_5;nase;lemma_4317;nase;Lateinisch;lemma_4317_sense_6745;sînen sin alsô töunde druhte er in daz im daz bluot zer **nase** dranc und ouch zen ôren ûz spranc sus warf er in als
WGL;WGL_62940_5;nase;lemma_4317;nase;Lateinisch;lemma_4317_sense_6745;unde lanc zetal in ir buoc ez swanc daz houbet grôz ir **nase** vlach daz wîp ûz grôzer riuhe sach als zwô kerzen brünnen dâ
WGL;WGL_8900_1;nase;lemma_4317;nase;Lateinisch;lemma_4317_sense_6745;von liehtvarwer wîze nâch dem gotes vlîze beidiu krump unde hol diu **nase** was ir geschaffen alsô wol swer si immer solde sehen dern möhte
WH;WH_43009_7;nasen;lemma_4317;nase;Lateinisch;lemma_4317_sense_6745;künec lac unversunnen schiere kom gerunnen uz munde uz oren und uz **nasen** daz machet al rot den grüenen wasen mit der viuste rennwart do
WH;WH_9203_5;nasen;lemma_4317;nase;Lateinisch;lemma_4317_sense_6745;ir enpfienget do durk den babest leo die lat mich ob der **nasen** sehen so kan ich schiere daz gespehen ob irz der marcrave sit
WUT;WUT_28314_2;nase;lemma_4317;nase;Lateinisch;lemma_4317_sense_6745;niht zeiget hinfür was ouch diu kel und daz kinne darob diu **nase** in wunsches kür kleiniu ôren sinewel lûter lyljenvarwez vel was ouch diu
WVO;WVO_1206500_1;nasen;lemma_4317;nase;Lateinisch;lemma_4317_sense_6745;daz er mit kreften traip des swertes snit uz haupt raip die **nasen** knureht und groz do wart ain grimmiclich doz wueffend gehort der slegel
WVO;WVO_840600_6;nasen;lemma_4317;nase;Lateinisch;lemma_4317_sense_6745;haupt naigt er gein dem wasen er sluog im ab munt und **nasen** daz brust bain er zerstuckt der dritte slag do druckt lanchem dem
WZB;WZB_121rb_19_4;nasen;lemma_4317;nase;Lateinisch;lemma_4317_sense_6745;ist oder hufhalcz es sei wenig oder vil oder einer zu vlecten **nasen** oder eines zu brochen fuzes oder einer hant oder mit tri LEUITICUS
WZB;WZB_144ra_34_6;nasen;lemma_4317;nase;Lateinisch;lemma_4317_sense_6745;bis zu einem manden der tage vncz bis es euch zu ewer **nasen** ous geet vnd werde gekart in ein wullen do von das ir
DA;DA_3379_2;gebrach;lemma_1979;gebrechen;Einzelsprachen;lemma_1979_sense_3039;die belde ie gewan daz er durch zwei tûsent man alsô verre **gebrach** daz in dehein sîn geselle sach der im ze hilfe waere komen
FB;FB_595006_6;geprach;lemma_1979;gebrechen;Einzelsprachen;lemma_1979_sense_3039;mich daz ich si ie gesach und wol mich daz ich nie **geprach** mîn ritterlîche staete an ir daz tuot in herzen grunde mir sô
HK;HK_73_3;gebrach;lemma_1979;gebrechen;Einzelsprachen;lemma_1979_sense_3039;fürste wünnesam als er daz brôt an sich genam und ein teil **gebrach** dar abe dô gienc aldâ mit sîme stabe des keisers truhsaeze und
JT;JT_1354000_7;gebrech;lemma_1979;gebrechen;Einzelsprachen;lemma_1979_sense_3039;an clarheit und an jugende an kuesche und an guete nicht was **gebrech** an ir deheiner tugende nu wurden si der liebe gelich an dem
JT;JT_25441000_12;gebrichet;lemma_1979;gebrechen;Einzelsprachen;lemma_1979_sense_3041;cleiden schon umb in gereifet owe sprach sigune wie mir des wortes **gebrichet** an miner selden lune daz der engel von dem grale sprichet «
JT;JT_35092000_5;gebreche;lemma_1979;gebrechen;Einzelsprachen;lemma_1979_sense_3041;killicrates der vreche von herzen in do clagete nu wuchs uns ein **gebreche** owe daz der tac ie betagete dar an den zwelfen helf sold
JT;JT_42683000_3;gebrach;lemma_1979;gebrechen;Einzelsprachen;lemma_1979_sense_3041;ekunate binden den vogt so kunde von zwei hundert landen der zal **gebrach** in an dem wurfel zinken der uz kanadicke warp daz dirre gewalt
JT;JT_43174000_4;gebrichet;lemma_1979;gebrechen;Einzelsprachen;lemma_1979_sense_3041;vor uz mit wal under allem disem guote swes iu dar nach **gebrichet** daz fueg ich ob ich mac nach iwerm muote ich wil den
JT;JT_47824000_16;gebrechen;lemma_1979;gebrechen;Einzelsprachen;lemma_1979_sense_3039;an art an schoen an tugende ichn weiz waz dir an mir **gebrechen** mohte du furhtest liht ich sie dir gar der ungenozen artus der
JT;JT_52163000_5;gebrechen;lemma_1979;gebrechen;Einzelsprachen;lemma_1979_sense_3041;hat jamers druch mir hohen muot vertwenget den mohten alle wapen niht **gebrechen** getroumt mir ie von vreuden daz wil an mir die we clage
JT;JT_54132000_5;gebrechen;lemma_1979;gebrechen;Einzelsprachen;lemma_1979_sense_3039;der wise du bist wol des geslehtes die gen werdem prise nie **gebrechen** wolten niht ir rehtes tusent turne wurden e gebrochen danne rede von
JT;JT_59914000_13;gebreche;lemma_1979;gebrechen;Einzelsprachen;lemma_1979_sense_3041;man giht wie dem von eschenbach an siner hohen kunst dar an **gebreche** und wie diu kuniginne kundwiramurs was lebende mit wiplichem sinne wart si
JT;JT_62734000_8;gebricht;lemma_1979;gebrechen;Einzelsprachen;lemma_1979_sense_3041;zwen rubin hat diu porte die gebent lieht besunder zu loben mir **gebricht** an disem worte von orientes wende kan ein brunne vliezen unz an
JT;JT_6814000_4;gebrach;lemma_1979;gebrechen;Einzelsprachen;lemma_1979_sense_3041;nicht vergezzen ze wunsche wol nach hochgelobtem prise also daz in nicht **gebrach** wan vite lignum obz uz paradise vrou selde mit ir sinnen ir
NEI;NEI_2003020_4;geprach;lemma_1979;gebrechen;Einzelsprachen;lemma_1979_sense_3039;lieb zu dieb was ich blumen ye gesahe was ich rosen ye **geprach** den summer vnd den mayen die sind vngeleich gefar den rosen die
NEI;NEI_9207030_4;geprech;lemma_1979;gebrechen;Einzelsprachen;lemma_1979_sense_3039;jenen mucken sie kumpt im nicht zu masse was soll sein vppiglichen **geprech** vnd sein rotes pusemtuch vnd auch sein hueppfellpandt mag er im eine
NEIR;NEIR_607030_4;gebrech;lemma_1979;gebrechen;Einzelsprachen;lemma_1979_sense_3041;er muechen si chumpt im niht ze mazze zwiu sol sin peinechlich **gebrech** im enmach gehelfen niht sin hovelich gewant er sol im eine suechen
NLB;NLB_4571_8;gebrach;lemma_1979;gebrechen;Einzelsprachen;lemma_1979_sense_3039;ez waete der wint des starken gêres snîde al durch den schilt **gebrach** daz man daz fiwer lougen ûz den ringen sach des schuzzes beide
PUC;PUC_30552300_2;geprechende;lemma_1979;gebrechen;Einzelsprachen;lemma_1979_sense_3039;vmb das ir komt vor der zeyt so wirt meynn menlichs geschlecht **geprechende** vnd in dem gib ych ewch ein tzeychen wenn das geschlecht verdirbet
PUC;PUC_360851330_6;geprach;lemma_1979;gebrechen;Einzelsprachen;lemma_1979_sense_3041;in kurtzen tagen ward begryffenn mit den febres vnd ward vnttergedruckt vnd **geprach** in creften vnd volbrachte seligklich den lauf seines tzeytlichen lebens fur war
PUC;PUC_420902300_0;geprachen;lemma_1979;gebrechen;Einzelsprachen;lemma_1979_sense_3041;auch durch dy andern fursten des gepotes do brachten die wege auch **geprachen** die rete mit den io die man reich vnd arm mugen erkennen
PUC;PUC_661302260_4;geprechen;lemma_1979;gebrechen;Einzelsprachen;lemma_1979_sense_3041;vnd sein dar nach worden frewnd item des jares leyde dye sunne **geprechen** vnd yst geuolgt ein grosse stercke der menschen anno domini xi c
PUC;PUC_751512050_9;geprach;lemma_1979;gebrechen;Einzelsprachen;lemma_1979_sense_3041;leger bey lintz vnd do sy nu vii wochen do waren do **geprach** inn der speis vnd futerung vnd handelten do teyding tage vnd gegeben
PUC;PUC_771522250_7;gepruch;lemma_1979;gebrechen;Einzelsprachen;lemma_1979_sense_3041;etlich ir eygene hewser vnd wonten in den welden dar vmb von **gepruch** der geerten ecker yst worden eyn grosser hunger darnach ward behemen vil
PUC;PUC_901661230_11;geprechen;lemma_1979;gebrechen;Einzelsprachen;lemma_1979_sense_3041;dem oben geschicht gedechtnuss der do sprach nach dem als meyn geschlechte **geprechen** wirt leyden der sun so wirt denn rechen meines kindes kind den
TKR;TKR_1910230300_3;gepraucht;lemma_1979;gebrechen;Einzelsprachen;lemma_1979_sense_3040;vnd wundirlich sich wendin du es dy wische schawit vnd dy chnie **gepraucht** das houbt es nider hilt der during ez im von dem libe
TRO;TRO_11287_6;gebrach;lemma_1979;gebrechen;Einzelsprachen;lemma_1979_sense_3039;angestlich sît jâson hât verkepset mich und ich nie staete an im **gebrach** sô wirt an im sîn triuwe swach gerochen unde sol ich leben
VTC;VTC_396030120_0;gebrach;lemma_1979;gebrechen;Einzelsprachen;lemma_1979_sense_3041;historia vnde die geschichte des ersten buches beczewget vnde synd das nw **gebrach** der menlichen komen seynes geslechtis so wirt hie nochyn deßem andern buche
VTC;VTC_396030280_1;gebrach;lemma_1979;gebrechen;Einzelsprachen;lemma_1979_sense_3041;mit er wen dy menliche komne yn dem koniglichen geslechte der behemen **gebrach** itczunde vnde do treib her awß den herczogen von karinthien der do
VTC;VTC_402060570_0;gebrach;lemma_1979;gebrechen;Einzelsprachen;lemma_1979_sense_3041;vater durch dy guten worth vnde falsche betregunge vnde legenhaftige globde dem **gebrach** gelt vnde kost alzo qwam der wynter das wir nicht kunden zcu
VTC;VTC_402060690_6;gebrach;lemma_1979;gebrechen;Einzelsprachen;lemma_1979_sense_3041;von dem vaterlande do dis sach vnser vater das em dy czerunge **gebrach** das er nicht mehr krige noch gestreiten kunde do schickte her sich
VTC;VTC_404080050_4;gebrach;lemma_1979;gebrechen;Einzelsprachen;lemma_1979_sense_3041;sachen dornoch sach vnser vater das em dy czerunge vnde dy kuste **gebrach** vnde her mochte vorbas den krig nicht leiden noch daulden mit den
WZB;WZB_114rb_12_0;gebrechen;lemma_1979;gebrechen;Einzelsprachen;lemma_1979_sense_3041;den flus des samens wirt vnrein vnd denne wirt her gevrteilet dem **gebrechen** vnder zu ligen Wenne zu allen stunden seinem vleische an hengt vnd
WZB;WZB_121va_7_0;gebrechen;lemma_1979;gebrechen;Einzelsprachen;lemma_1979_sense_3041;den trucken grint oder er sei zu rissen Ein yclicher der do **gebrechen** habe von dem samen des priesters der sol nicht zu treten zu
WZB;WZB_125ra_32_0;gebrechen;lemma_1979;gebrechen;Einzelsprachen;lemma_1979_sense_3041;ein brechen ouge vmme ouge Czan vmme czan geb her wider Welchirlei **gebrechen** er im hat getan einen semlichen wirt her betwungen zu leiden Wer
WZB;WZB_184vb_14_0;gebrechen;lemma_1979;gebrechen;Einzelsprachen;lemma_1979_sense_3041;ŏlgerten wachsen erde des oles vnd des honigs do du an allen **gebrechen** issest dein brot vnd aller dinge vbervlussicheit gebrouchest des steine eisen sint
WZB;WZB_223va_5_0;gebrechen;lemma_1979;gebrechen;Einzelsprachen;lemma_1979_sense_3041;seit Und also vnder dem vluche werdet ir sein vnd nicht wirt **gebrechen** von ewerm geslechte holcz hower vnd wasser trager in meines herren gotes
ABS;ABS_530010_10;mell;lemma_4067;mël;Lateinisch;lemma_4067_sense_6392;ainem jussel zuo ainem bachem in ainem jussel niem geriben käss und **mell** und schlach daran ayer und bewürczs es wol und knitz under ainandren
ABS;ABS_570020_4;mell;lemma_4067;mël;Lateinisch;lemma_4067_sense_6392;und schnid die butzen davon und mach ainen dünnen taig von wissem **mell** und güss ain wenig wins darinn und färbs und bewürczs und züch
FWWB;FWWB_1010_7;mel;lemma_4067;mël;Lateinisch;lemma_4067_sense_6392;ein gebackens recipe das weiß von eyern vnd weissen **mel** vnd mach ein past dar von reib in lang schneid clein stucklin
FWWB;FWWB_2050_13;mel;lemma_4067;mël;Lateinisch;lemma_4067_sense_6392;dar auff so du eß machen wilt schmer die pfan vnd streu **mel** dar jnn vnd schut es wider vmb vnd geuß dan den past
GSP;GSP_5504000_4;mele;lemma_4067;mël;Lateinisch;lemma_4067_sense_6392;in denne in milich die do si von mandel gemachet mit ris **mele** wol gemenget vnd ein wenic smaltzes dor in geton vnd mit erwellet
GSP;GSP_6403000_8;mele;lemma_4067;mël;Lateinisch;lemma_4067_sense_6392;hacke in cleine vnd mengez wol mit guoter mandelmilich vnd mit ris **mele** vnd wol gesoten aber ein vasten muos gemachet wol mit mandel milich
GSP;GSP_7405000_5;melwe;lemma_4067;mël;Lateinisch;lemma_4067_sense_6392;ein tuoch vnd ein schaub drunder vnd mache ein teyc von semel **melwe** vnd wille daz mit eyner wellen vnd leg des gesoten mandels dor
JT;JT_12454000_3;mel;lemma_4067;mël;Lateinisch;lemma_4067_sense_6392;niht enjehe dem wer unkunt richeit der fursten kunne swem iz sin **mel** niht swende den bit ich daz er uns der rede gunne daz
JT;JT_41532000_3;gemilwet;lemma_4067;mël;Lateinisch;lemma_4067_sense_6390;von noeten wart gehilwet dem lufte sin klare lueter diu erde clein **gemilwet** darzuo gras bluomen wurtze unde krueter kein pulver wart getempert nie so
SUB1;SUB1_62020_4;mellem;lemma_4067;mël;Lateinisch;lemma_4067_sense_6392;crawt decoque alba copita olerum et recipe partem sinapis et unam partem **mellem** et misce cum vino carui et an et in pane olera /
WZB;WZB_100rb_14_5;meles;lemma_4067;mël;Lateinisch;lemma_4067_sense_6392;der priester in einer gedechtnusse der gabe Ein teil des zu brochen **meles** vnd gar den weirouch etcetera Und III ist das sein opfer ist
WZB;WZB_100rb_7_1;meles;lemma_4067;mël;Lateinisch;lemma_4067_sense_6392;derre sie mit few̆er vnd zu brich sie noch dem siten des **meles** Und also opfer die erste gabe vnserm herren giessende dor ouf ŏl
WZB;WZB_135va_16_0;meles;lemma_4067;mël;Lateinisch;lemma_4067_sense_6392;sie zu dem priester vnd opfer vor sie das czehende teil gersteines **meles** einer mas die do heisset sat Nicht giesse er ol dor ouf
WZB;WZB_15rb_34_5;meles;lemma_4067;mël;Lateinisch;lemma_4067_sense_6392;geczelte zu vnd sprach zu ir Eile vnd mische drei maz semel **meles** vnd mache vnder der aschen brot Her vorwar lief zu der hert
WZB;WZB_41rb_12_5;meles;lemma_4067;mël;Lateinisch;lemma_4067_sense_6392;sprach Ich hab gesehen einen trovm wie das ich hette drei kŏrbe **meles** ouf meinem houbte Und in einem korbe der do was der allir
WZB;WZB_65vb_24_5;mel;lemma_4067;mël;Lateinisch;lemma_4067_sense_6392;endlich sprechende Wir werden alle sterben Das volk aber hub ouf begossens **mel** e man das gesourteigte vnd bant das in tucher vnd legten das
WZB;WZB_66ra_9_3;mel;lemma_4067;mël;Lateinisch;lemma_4067_sense_6392;allerlei geslechte ane czal vnd gar vil Nu cochten sie das begosne **mel** das si mit in bracht hetten von vnd machten vnder der aschen
AXU;AXU_14669_1;clâre;lemma_3330;klâr;Lateinisch;lemma_3330_sense_81810;ûf der ouwe leucadê man sagt mir daz dâ nâhen gê daz **clâre** wazzer sabîns dâ gâwân holt mit valle zins do er orgelûsen brâhte
AXU;AXU_8766_4;clâren;lemma_3330;klâr;Lateinisch;lemma_3330_sense_81810;die helfe getrûwen ir alexander ûf daz velt hin dan vür der **clâren** gezelt der fürste was erbeizet daz zuht und tugent heizet wonte des
DGA;DGA_202003000_2;klâr;lemma_3330;klâr;Lateinisch;lemma_3330_sense_81810;schônsten in den landen dâ man aller frouwen muoz geswîgen ir ougen **klâr** ir wîzen handen swâ si wonet dar muoz ich iemer nîgen müeste
DGM;DGM_180_2;klar;lemma_3330;klâr;Lateinisch;lemma_3330_sense_81810;sweben enmiten in dem bach und sach uf ietlicher sunderbar dri bluottropfen **klar** die pfaffen ruoft er bald an das si mit im söltint gan
DUE;DUE_2005000_7;klâr;lemma_3330;klâr;Lateinisch;lemma_3330_sense_81810;sô füer daz ouge mîn ermeien sich dort in ir liehten ougen **klâr** für daz grüene loup ir valwez hâr wil ich iemer gerne prîsen
DUE;DUE_4005000_2;klâr;lemma_3330;klâr;Lateinisch;lemma_3330_sense_81810;vil gewaltes hân daz ir lachen mînem herzen fröide birt ir ougen **klâr** erliuhtent in mîns herzen grunt alse ein rôse rôt ist ir der
GOL;GOL_909_6;klâr;lemma_3330;klâr;Lateinisch;lemma_3330_sense_81810;ist wâr ze strîte niht gewahsen iurn schilt und iuwern helm sô **klâr** den vüerent hin zen sahsen dâ zerbrechent ir iur sper ir vindent
KVM;KVM_3239000016_7;klâren;lemma_3330;klâr;Lateinisch;lemma_3330_sense_81810;wan ist von den gerben des ezzens wan ez nimpt allein die **klâren** fäuhten von dem magen aber die gerben gênt irn weg zuo der
MRB;MRB_50107_4;klâr;lemma_3330;klâr;Lateinisch;lemma_3330_sense_81810;und versuochet ez baz bezzer wirt ez umbe daz lûter schoener unde **klâr** swaz ich singe daz ist wâr gluotes ez iemer mê ez wurde
NEIC;NEIC_107050_2;klaren;lemma_3330;klâr;Lateinisch;lemma_3330_sense_81810;sie sich saczten alle so zuhant da schanckt man ein den vil **klaren** osterwein den truncken sie mit schalle er sprach und wolt ir gogelfur
NEIC;NEIC_1903110_3;klar;lemma_3330;klâr;Lateinisch;lemma_3330_sense_81810;har gris gefar das kumpt von irer schulde gar ir spilende augen **klar** nemen mein vil lúczel war so die meinen plicken dar on gúnterfaitt
SGE;SGE_231_1;claren;lemma_3330;klâr;Lateinisch;lemma_3330_sense_81810;es was ains menschen hirenschal darein schankt der wirt oun wal den **claren** wein er sprach zuo ir se nim hin und trink von mir
SHR;SHR_102030_3;klâr;lemma_3330;klâr;Lateinisch;lemma_3330_sense_81810;sendes kumbers al ze vil wengel rôsenvar wol gestellet kinne ougen lûter **klâr** minneklîchiu tinne hât si diu mir krenket leben unde lîp hei saelig
ANN;ANN_29070_4;agrippa;lemma_87;Agrippa;Griechisch Lateinisch;lemma_87_sense_109;geheizan diu stifte ein sîn stîfsun drûsus genanter duo ward gesant heirro **agrippa** daz her diu lant birehta daz her eini burg worhte ci diu
JEW;JEW_2189500000_0;agrippâ;lemma_87;Agrippa;Griechisch Lateinisch;lemma_87_sense_109;iu nennen kan der ein hiez cyrinus den andern nennet man alsus **agrippâ** sô hiez sîn nam er was ein man âne scham cyrinum sant
JEW;JEW_2190100000_2;agrippam;lemma_87;Agrippa;Griechisch Lateinisch;lemma_87_sense_109;gewan daz selb lant mit strît in der selben zît sant er **agrippam** zuo dem rîn der bout ein stat diu kund niht sîn bezzer
JEW;JEW_2190500000_5;agrippâ;lemma_87;Agrippa;Griechisch Lateinisch;lemma_87_sense_109;ir nam ich an dem buoch las er hiez sie nâch im **agrippâ** sît wart ir nam verkêrt dâ unde wart köln genant als si
KCR;KCR_6430_0;agrippâ;lemma_87;Agrippa;Griechisch Lateinisch;lemma_87_sense_109;wart gesant uns allen ze trôste der uns von dem cinse relôste **agrippâ** wart duo gesant daz er ze rîne berihte daz lant aine burch
SAX;SAX_849300_0;agrippa;lemma_87;Agrippa;Griechisch Lateinisch;lemma_87_sense_109;dem land zu syrey philetas der hab illerey so hab cassander carey **agrippa** das lannd media phiton hab susamariam symeon der schreiber mein der sol
CRO;CRO_2140000_7;maten;lemma_4015;mate;Lateinisch;lemma_4015_sense_6318;er widder vber was gewaten auch da er sin rosz an der **maten** da vor hett gebonden vil gering hatt er es fonden da er
FLO;FLO_2326_5;maten;lemma_4015;mate;Lateinisch;lemma_4015_sense_6318;sprechen solte nâch tôde sô daz geschiht daz sî mich an der **maten** siht dâ wir ein ander suln sehen als ich die wîsen hoere
LZ;LZ_2671_6;maten;lemma_4015;mate;Lateinisch;lemma_4015_sense_6318;bî der niwen stat ze djoflê ich sag iu von der selben **maten** dâ vindet menlich sînen gaten swes sô man tuon wil beidiu ze
LZ;LZ_3327_5;maten;lemma_4015;mate;Lateinisch;lemma_4015_sense_6318;genomen nu was ein ander fürste komen durch gewin ûf die selben **maten** der het gerech ze allen staten zweihundert ritter wol gemuot er selbe
RVBR;RVBR_15800_4;maten;lemma_4015;mate;Lateinisch;lemma_4015_sense_6318;suohten den kam sîn güete ie ze staten hôhvart smæhe kan wol **maten** sîn vil helfelîcher trôst der mag uns ouch wol erlôst tuon und
DA;DA_632_0;getiutet;lemma_1176;diuten;Einzelsprachen;lemma_1176_sense_1858;turnieren tanzen unde schouwen höveschen zuo den frouwen daz ist daran ergraben **getiutet** mit den buochstaben der hûse hât mîn herre vil der volget im
JT;JT_21041000_9;duete;lemma_1176;diuten;Einzelsprachen;lemma_1176_sense_1859;tugend bluomen zeinem kranze und gentaflors ein bluome der werden diet ze **duete** nach tugend lebens ruome wurden nie getouft so werde luete die schilt
JT;JT_36971000_2;diute;lemma_1176;diuten;Einzelsprachen;lemma_1176_sense_1859;dar nach mit tjoste ypomidon ein glevin da durch stachte groz ze **diute** sehende von golde ein schrift im obende rich und verre brehende uz
LZ;LZ_6589_3;getiute;lemma_1176;diuten;Einzelsprachen;lemma_1176_sense_1859;im ze tuonne gezam daz er daz allez vernam mit einer hande **getiute** ez enwurden nie liute baz enpfangen dan die fünf man der wirt
PUC;PUC_841612120_9;apparat;lemma_45055;apparatus;Lateinisch;lemma_45055_sense_70200;heyligkeyten vnd volck mangerley landes auch yst worden ein grosser scheyn der **apparat** der edlen als sich zymet der kuniglichen wirdigkeyt aber nach dreyen tagen
PUC;PUC_901682040_0;apparat;lemma_45055;apparatus;Lateinisch;lemma_45055_sense_70200;sich denn tzymet der kunglichen mechtigkeyt vnd zum letzten do nu all **apparat** vnd apparat berayt waren tzu dem erwirdigenn veste vnd becleydet dy wender
PUC;PUC_901682040_2;apparat;lemma_45055;apparatus;Lateinisch;lemma_45055_sense_70200;tzymet der kunglichen mechtigkeyt vnd zum letzten do nu all apparat vnd **apparat** berayt waren tzu dem erwirdigenn veste vnd becleydet dy wender der hewß
JT;JT_41014000_4;presse;lemma_4727;pressen;Französisch;lemma_4727_sense_7319;zesamne bresten kunden mit so grozer kraft zemale als obs in einer **presse** legen dem was da gelich ir quale disen kumber truogen die an
JT;JT_8832000_4;presse;lemma_4727;pressen;Französisch;lemma_4727_sense_7319;ouch vil an zesse getusset wart ir wunder als obs in einer **presse** betwungen weren samt und nicht besunder fuoren si mit kraft e si
JT;JT_9771000_4;presse;lemma_4727;pressen;Französisch;lemma_4727_sense_7319;vinden den vriunden gar ein sueze rosen bluete recht als in einer **presse** din herze wer betwenget swa daz zu tuon icht wesse solde sich
OVW;OVW_1020020010_4;lawres;lemma_31094;lûre;Lateinisch;lemma_31094_sense_48700;zu krachen wachen sunder swachen machen lieplich zaff der knab erschrack aus **lawres** wän sag lieb wie sol ich das verstän das mich dein zärtlich
WVO;WVO_810400_6;luere;lemma_31094;lûre;Lateinisch;lemma_31094_sense_48700;owe ach und ach sprach diu zart gehuere her tot wend iwer **luere** minen man hie sterben mich ze angesiht enterben aller miner saelden sus
KU;KU_11093_2;messe;lemma_4101;missa;Lateinisch;lemma_4101_sense_107727;îsen niht geslagen von glockenspîse gozzen sô wir hoeren sagen von spânischem **messe** wâren si gebunden daz den guoten helden die magnêten niht geschaden kunden
NLB;NLB_4412_2;messe;lemma_4101;missa;Lateinisch;lemma_4101_sense_107727;harte vreislîchen sneit von des gêres swaere hoeret wunder sagen wol vierdehalbiu **messe** was dar zuo geslagen den truogen kûme drîe prünhilde man gunther der
JT;JT_38674000_12;wicke;lemma_7555;wicke;Lateinisch;lemma_7555_sense_12340;blicke in eine krame riche und im der volget nicht umb eine **wicke** vor allen dingen here des wunsches ubergulde daz ist werltlich ere swa
NEI;NEI_11210080_5;wicke;lemma_7555;wicke;Lateinisch;lemma_7555_sense_12342;mir alda bekannt luppfrid epp vnd engelhart ich acht ir als ein **wicke** als ich euch mit augen aneplick vor yne trag ich grawen part
RVBR;RVBR_2467_3;mort;lemma_10599;mort;Französisch;lemma_10599_sense_16994;sich nâ minne biuget und doch mit kusse triuget der tuot offenlîche **mort** küssen ist ein solich hort dâ mit man leit vernihtet und vîentschaft
JT;JT_15731000_7;zeduete;lemma_16195;zediuten;Einzelsprachen;lemma_16195_sense_27884;buten uf genade ir hende franzois etslicher kunde ein teil vil wol **zeduete** daz in geleites gunde kunic kailet da riten sine luete si sprachen
AXW;AXW_384300_2;exidiaces;lemma_30204;Exidiaces;Griechisch;lemma_30204_sense_47341;alle land ain land lag da pey die leut genosophist daz lant **exidiaces** hiezz allexander an sie stiezz seinen zorn und gewalt sie teten im
PL2;PL2_202516_5;engebrach;lemma_38870;engebrechen;Einzelsprachen;lemma_38870_sense_60680;essen sasse er was alle gewappent mit roten wappen das yme nichtis **engebrach** er sach umbsich allenthalben hin und her darnach hup er an zu
PUC;PUC_881642110_5;geprechenhaftig;lemma_45182;gebrechenhaft;Einzelsprachen;lemma_45182_sense_70454;guttet gethan het vnd begryffen wart ytzund mit dem alter vnd wart **geprechenhaftig** in den kreften er starb welchem nachvolgett sein sun der eynig erb
GWTK;GWTK_369212154400_1;soldamie;lemma_65469;soldanîe;Arabisch;lemma_65469_sense_102464;hette er gar inne mitt wer waz im dientt so frye iewederre **soldamie** daz was da gar gemaine under ton dem fürsten raine ob zwölff
