form	resolved_lemma	confidence	note
UIII	lemma_13826	high	Roman numeral VIII (U=V in WZB script); lemma_13826 (DIG) covers all Roman numerals; concept_31422100 Römische Ziffern + concept_23123100 Lateinisch
XU	lemma_13826	high	Roman numeral XV (U=V in WZB script); 5 occurrences as chapter numbers
XXUII	lemma_13826	high	Roman numeral XXVII (U=V in WZB script); chapter number
XLU	lemma_13826	high	Roman numeral XLV (U=V in WZB script); chapter number
XLUII	lemma_13826	high	Roman numeral XLVII (U=V in WZB script); chapter number
XUIII	lemma_13826	high	Roman numeral XVIII (U=V in WZB script); chapter number
XXU	lemma_13826	high	Roman numeral XXV (U=V in WZB script); chapter number
Et	lemma_1732	high	Latin conjunction et (and); capitalized form at clause boundary; lemma_1732 (CNJ) concept_23123100 Lateinisch + concept_90000000 Funktionswörter
est	lemma_9387	high	Latin verbal form est (is/are) from esse; lemma_9387 (VEX) covers esse forms; concept_23123100 Lateinisch; occurs in Vulgate quotation "Fiat lux Et facta est"
